model,theta1,theta2,cost
QCN,0.0,0.0,0.20766781308835078
QCN,0.261799,0.0,0.2117310178455848
QCN,0.523599,0.0,0.21460021308583266
QCN,0.785398,0.0,0.21603981212347104
QCN,1.047198,0.0,0.21592958752070504
QCN,1.308997,0.0,0.2142787917310205
QCN,1.570796,0.0,0.211225060106054
QCN,1.832596,0.0,0.2070182960100504
QCN,2.094395,0.0,0.20199244095321403
QCN,2.356194,0.0,0.19653005442362093
QCN,2.617994,0.0,0.19102551017867142
QCN,2.879793,0.0,0.1858521929830076
QCN,3.141593,0.0,0.18133751950756385
QCN,3.403392,0.0,0.177747360688308
QCN,3.665191,0.0,0.17527912242668628
QCN,3.926991,0.0,0.17406095530970078
QCN,4.18879,0.0,0.17415375427082794
QCN,4.45059,0.0,0.17555293604318753
QCN,4.712389,0.0,0.17818828504788864
QCN,4.974188,0.0,0.18192200320591448
QCN,5.235988,0.0,0.1865469012841243
QCN,5.497787,0.0,0.1917878558930648
QCN,5.759587,0.0,0.19730982577965298
QCN,6.021386,0.0,0.20273475699264198
QCN,6.283185,0.0,0.20766781308835078
QCN,0.0,0.261799,0.17052980123746916
QCN,0.261799,0.261799,0.17509969282511864
QCN,0.523599,0.261799,0.18090521516614747
QCN,0.785398,0.261799,0.18762892427550948
QCN,1.047198,0.261799,0.19486169373049878
QCN,1.308997,0.261799,0.20211744414538338
QCN,1.570796,0.261799,0.2088644407556877
QCN,1.832596,0.261799,0.2145715160238517
QCN,2.094395,0.261799,0.2187633915957002
QCN,2.356194,0.261799,0.22107620530999808
QCN,2.617994,0.261799,0.2213032594925781
QCN,2.879793,0.261799,0.2194222588762139
QCN,3.141593,0.261799,0.2155986579088056
QCN,3.403392,0.261799,0.21016439954598984
QCN,3.665191,0.261799,0.2035761701206936
QCN,3.926991,0.261799,0.19636113934910263
QCN,4.18879,0.261799,0.18906008289654144
QCN,4.45059,0.261799,0.18217737759459462
QCN,4.712389,0.261799,0.17614480107098573
QCN,4.974188,0.261799,0.17130209257798823
QCN,5.235988,0.261799,0.16789292409040682
QCN,5.497787,0.261799,0.1660714320383383
QCN,5.759587,0.261799,0.1659126648533302
QCN,6.021386,0.261799,0.16742062035675656
QCN,6.283185,0.261799,0.17052980123746928
QCN,0.0,0.523599,0.1293125309833648
QCN,0.261799,0.523599,0.1335772579599162
QCN,0.523599,0.523599,0.14052480197196396
QCN,0.785398,0.523599,0.15005993317840224
QCN,1.047198,0.523599,0.16190540314381033
QCN,1.308997,0.523599,0.17552101305009968
QCN,1.570796,0.523599,0.1900688714183835
QCN,1.832596,0.523599,0.204446382324869
QCN,2.094395,0.523599,0.21739117699785906
QCN,2.356194,0.523599,0.2276428552707178
QCN,2.617994,0.523599,0.2341302272121003
QCN,2.879793,0.523599,0.2361441387606018
QCN,3.141593,0.523599,0.23345735533696935
QCN,3.403392,0.523599,0.22636416020887187
QCN,3.665191,0.523599,0.21563050806561004
QCN,3.926991,0.523599,0.20236611336450502
QCN,4.18879,0.523599,0.18784747768273635
QCN,4.45059,0.523599,0.17333107243332638
QCN,4.712389,0.523599,0.15989615647989616
QCN,4.974188,0.523599,0.1483471137249565
QCN,5.235988,0.523599,0.1391884271831805
QCN,5.497787,0.523599,0.1326660124049889
QCN,5.759587,0.523599,0.12885180617996675
QCN,6.021386,0.523599,0.1277386899745862
QCN,6.283185,0.523599,0.12931253098336476
QCN,0.0,0.785398,0.09525876502845683
QCN,0.261799,0.785398,0.09830045570794754
QCN,0.523599,0.785398,0.10413045666887376
QCN,0.785398,0.785398,0.11314839573469503
QCN,1.047198,0.785398,0.12560765342336838
QCN,1.308997,0.785398,0.14136553215407383
QCN,1.570796,0.785398,0.15970370683646576
QCN,1.832596,0.785398,0.1792819086575573
QCN,2.094395,0.785398,0.19825352565933183
QCN,2.356194,0.785398,0.21452874074078346
QCN,2.617994,0.785398,0.2261304867277325
QCN,2.879793,0.785398,0.23156174356319295
QCN,3.141593,0.785398,0.23009683176537934
QCN,3.403392,0.785398,0.2219261351660791
QCN,3.665191,0.785398,0.2081188630942381
QCN,3.926991,0.785398,0.19041289107837053
QCN,4.18879,0.785398,0.17088279001329906
QCN,4.45059,0.785398,0.1515658842523569
QCN,4.712389,0.785398,0.13413413730448168
QCN,4.974188,0.785398,0.11968494140319973
QCN,5.235988,0.785398,0.10869059551234005
QCN,5.497787,0.785398,0.10110341338093458
QCN,5.759587,0.785398,0.09657251077038377
QCN,6.021386,0.785398,0.09470028096515999
QCN,6.283185,0.785398,0.09525876502845677
QCN,0.0,1.047198,0.07772490113199444
QCN,0.261799,1.047198,0.07872641136288455
QCN,0.523599,1.047198,0.08128139714514195
QCN,0.785398,1.047198,0.08645313879865991
QCN,1.047198,1.047198,0.0952972856396249
QCN,1.308997,1.047198,0.10841261731591449
QCN,1.570796,1.047198,0.125578298713224
QCN,1.832596,1.047198,0.14558861227276165
QCN,2.094395,1.047198,0.1663447462962093
QCN,2.356194,1.047198,0.18519480617236173
QCN,2.617994,1.047198,0.19944609650868952
QCN,2.879793,1.047198,0.2069259217806975
QCN,3.141593,1.047198,0.20645159119176926
QCN,3.403392,1.047198,0.19809133432686743
QCN,3.665191,1.047198,0.18315003077319914
QCN,3.926991,1.047198,0.16388330405491633
QCN,4.18879,1.047198,0.14301224472126448
QCN,4.45059,1.047198,0.12316067461422213
QCN,4.712389,1.047198,0.10635439849563667
QCN,4.974188,1.047198,0.09370283157011107
QCN,5.235988,1.047198,0.08533301531807413
QCN,5.497787,1.047198,0.08057794050668661
QCN,5.759587,1.047198,0.0783535626630452
QCN,6.021386,1.047198,0.07760997582179056
QCN,6.283185,1.047198,0.07772490113199447
QCN,0.0,1.308997,0.0816581416418092
QCN,0.261799,1.308997,0.08009828131250162
QCN,0.523599,1.308997,0.0778763178656315
QCN,0.785398,1.308997,0.07673757653666508
QCN,1.047198,1.308997,0.07861245134258417
QCN,1.308997,1.308997,0.08498839815403679
QCN,1.570796,1.308997,0.09637576867017102
QCN,1.832596,1.308997,0.11201985580059598
QCN,2.094395,1.308997,0.12994661212077602
QCN,2.356194,1.308997,0.14734045671432625
QCN,2.617994,1.308997,0.16116323713961153
QCN,2.879793,1.308997,0.1688577282635798
QCN,3.141593,1.308997,0.16895470129428117
QCN,3.403392,1.308997,0.16142622428816575
QCN,3.665191,1.308997,0.14769327925147632
QCN,3.926991,1.308997,0.13028564579222948
QCN,4.18879,1.308997,0.11224241604046971
QCN,4.45059,1.308997,0.09640843177622715
QCN,4.712389,1.308997,0.08480761479781172
QCN,4.974188,1.308997,0.0782518650028102
QCN,5.235988,1.308997,0.07628001716618966
QCN,5.497787,1.308997,0.07743254736085266
QCN,5.759587,1.308997,0.07977812188140766
QCN,6.021386,1.308997,0.08154166821022968
QCN,6.283185,1.308997,0.08165814164180922
QCN,0.0,1.570796,0.10625392447728405
QCN,0.261799,1.570796,0.10204046889305364
QCN,0.523599,1.570796,0.09458808373336286
QCN,0.785398,1.570796,0.08618400682245453
QCN,1.047198,1.570796,0.07948692486372277
QCN,1.308997,1.570796,0.07678685630017616
QCN,1.570796,1.570796,0.07935777243943563
QCN,1.832596,1.570796,0.08707872287896438
QCN,2.094395,1.570796,0.09842754095256241
QCN,2.356194,1.570796,0.11085145337206359
QCN,2.617994,1.570796,0.1214178282872561
QCN,2.879793,1.570796,0.12757296133445675
QCN,3.141593,1.570796,0.1278074242712479
QCN,3.403392,1.570796,0.12205098555224225
QCN,3.665191,1.570796,0.11169193361639435
QCN,3.926991,1.570796,0.0992155908252489
QCN,4.18879,1.570796,0.08755816207220014
QCN,4.45059,1.570796,0.07934770523692919
QCN,4.712389,1.570796,0.07623371548142766
QCN,4.974188,1.570796,0.07848265934513521
QCN,5.235988,1.570796,0.08494527836707583
QCN,5.497787,1.570796,0.09340178564962827
QCN,5.759587,1.570796,0.10118992144621643
QCN,6.021386,1.570796,0.1059453137978333
QCN,6.283185,1.570796,0.10625392447728409
QCN,0.0,1.832596,0.14515451233463972
QCN,0.261799,1.832596,0.13865981075442665
QCN,0.523599,1.832596,0.12669975960192995
QCN,0.785398,1.832596,0.11183755532022044
QCN,1.047198,1.832596,0.09713264143141297
QCN,1.308997,1.832596,0.08538382532500394
QCN,1.570796,1.832596,0.07845712204025736
QCN,1.832596,1.832596,0.07687312804615583
QCN,2.094395,1.832596,0.07975853369190256
QCN,2.356194,1.832596,0.08516856462915072
QCN,2.617994,1.832596,0.0906879273287556
QCN,2.879793,1.832596,0.09414379453492376
QCN,3.141593,1.832596,0.0942353019711968
QCN,3.403392,1.832596,0.09090766046997008
QCN,3.665191,1.832596,0.08536889952418586
QCN,3.926991,1.832596,0.07974461526101152
QCN,4.18879,1.832596,0.07646470221968306
QCN,4.45059,1.832596,0.07754937286264825
QCN,4.712389,1.832596,0.08399006131554032
QCN,4.974188,1.832596,0.09539639839108162
QCN,5.235988,1.832596,0.110009804843616
QCN,5.497787,1.832596,0.12508626245125173
QCN,5.759587,1.832596,0.13755172668178275
QCN,6.021386,1.832596,0.14476000493905836
QCN,6.283185,1.832596,0.1451545123346397
QCN,0.0,2.094395,0.18813668631186742
QCN,0.261799,2.094395,0.18012558375341806
QCN,0.523599,2.094395,0.16538479880486584
QCN,0.785398,2.094395,0.14642680687896495
QCN,1.047198,2.094395,0.12628859565774667
QCN,1.308997,2.094395,0.10785711952270209
QCN,1.570796,2.094395,0.093266730960263
QCN,1.832596,2.094395,0.08351839412712585
QCN,2.094395,2.094395,0.0784096880540185
QCN,2.356194,2.094395,0.07678084733847863
QCN,2.617994,2.094395,0.07699784292163882
QCN,2.879793,2.094395,0.07753131834637637
QCN,3.141593,2.094395,0.07746664029682275
QCN,3.403392,2.094395,0.07680156318724592
QCN,3.665191,2.094395,0.07644816493813351
QCN,3.926991,2.094395,0.07793844433495326
QCN,4.18879,2.094395,0.08291587316145974
QCN,4.45059,2.094395,0.09255581643544912
QCN,4.712389,2.094395,0.10707960580084104
QCN,4.974188,2.094395,0.1255041223020045
QCN,5.235988,2.094395,0.14570701157277627
QCN,5.497787,2.094395,0.16480356481739752
QCN,5.759587,2.094395,0.1797473516289492
QCN,6.021386,2.094395,0.18800540906526664
QCN,6.283185,2.094395,0.18813668631186733
QCN,0.0,2.356194,0.223837408434457
QCN,0.261799,2.356194,0.21530490684460135
QCN,0.523599,2.356194,0.20008725511234426
QCN,0.785398,2.356194,0.18033926892142868
QCN,1.047198,2.356194,0.1586668365225999
QCN,1.308997,2.356194,0.1376116901501301
QCN,1.570796,2.356194,0.11919288107245639
QCN,1.832596,2.356194,0.10461265460483295
QCN,2.094395,2.356194,0.09418871129756858
QCN,2.356194,2.356194,0.08751366779412384
QCN,2.617994,2.356194,0.08378232165130356
QCN,2.879793,2.356194,0.08218416616071932
QCN,3.141593,2.356194,0.08224393513955004
QCN,3.403392,2.356194,0.08401052151552922
QCN,3.665191,2.356194,0.08803945313505268
QCN,3.926991,2.356194,0.09517392283292221
QCN,4.18879,2.356194,0.10618782391642113
QCN,4.45059,2.356194,0.12139536900972155
QCN,4.712389,2.356194,0.14034436688479893
QCN,4.974188,2.356194,0.16169050856629885
QCN,5.235988,2.356194,0.183303171986297
QCN,5.497787,2.356194,0.20259173198278754
QCN,5.759587,2.356194,0.21698160944093803
QCN,6.021386,2.356194,0.2244273662106917
QCN,6.283185,2.356194,0.2238374084344569
QCN,0.0,2.617994,0.24278804360205689
QCN,0.261799,2.617994,0.23474729777802042
QCN,0.523599,2.617994,0.22136321007517365
QCN,0.785398,2.617994,0.20422049662572875
QCN,1.047198,2.617994,0.18520563100673515
QCN,1.308997,2.617994,0.1661858361106367
QCN,1.570796,2.617994,0.14872873217384114
QCN,1.832596,2.617994,0.13392277053095863
QCN,2.094395,2.617994,0.12233017966073878
QCN,2.356194,2.617994,0.11406836279980836
QCN,2.617994,2.617994,0.10898212312880179
QCN,2.879793,2.617994,0.1068466882518273
QCN,3.141593,2.617994,0.1075361318808421
QCN,3.403392,2.617994,0.11110469102134231
QCN,3.665191,2.617994,0.1177559476044303
QCN,3.926991,2.617994,0.1277092421592063
QCN,4.18879,2.617994,0.14100450009549945
QCN,4.45059,2.617994,0.15730706278046616
QCN,4.712389,2.617994,0.17577739015432023
QCN,4.974188,2.617994,0.19505553848073884
QCN,5.235988,2.617994,0.21338096047071806
QCN,5.497787,2.617994,0.2288321962263162
QCN,5.759587,2.617994,0.23963804358002375
QCN,6.021386,2.617994,0.24449071066812988
QCN,6.283185,2.617994,0.242788043602057
QCN,0.0,2.879793,0.23994483884603188
QCN,0.261799,2.879793,0.23321857212833677
QCN,0.523599,2.879793,0.22342117370463596
QCN,0.785398,2.879793,0.21149884726723708
QCN,1.047198,2.879793,0.19852385404769665
QCN,1.308997,2.879793,0.18555183364856084
QCN,1.570796,2.879793,0.17350393336934258
QCN,1.832596,2.879793,0.16309408578009923
QCN,2.094395,2.879793,0.1548090559501163
QCN,2.356194,2.879793,0.14893492778994885
QCN,2.617994,2.879793,0.14561223903883216
QCN,2.879793,2.879793,0.14489601018732803
QCN,3.141593,2.879793,0.14679792550145318
QCN,3.403392,2.879793,0.15129548451948813
QCN,3.665191,2.879793,0.1583048348677566
QCN,3.926991,2.879793,0.16762682808422244
QCN,4.18879,2.879793,0.17888596012392943
QCN,4.45059,2.879793,0.19148635500179226
QCN,4.712389,2.879793,0.20460644217660953
QCN,4.974188,2.879793,0.21724499746551265
QCN,5.235988,2.879793,0.22831807537092752
QCN,5.497787,2.879793,0.23679253675202874
QCN,5.759587,2.879793,0.24183108668297848
QCN,6.021386,2.879793,0.2429189410557556
QCN,6.283185,2.879793,0.2399448388460317
QCN,0.0,3.141593,0.21603807211174772
QCN,0.261799,3.141593,0.2111050160160388
QCN,0.523599,3.141593,0.20568008480304953
QCN,0.785398,3.141593,0.20015811491646152
QCN,1.047198,3.141593,0.19491716030752113
QCN,1.308997,3.141593,0.19029226222931106
QCN,1.570796,3.141593,0.18655854407128555
QCN,1.832596,3.141593,0.18392319506658442
QCN,2.094395,3.141593,0.18252401329422482
QCN,2.356194,3.141593,0.18243121433309747
QCN,2.617994,3.141593,0.18364938145008305
QCN,2.879793,3.141593,0.1861176197117046
QCN,3.141593,3.141593,0.18970777853096057
QCN,3.403392,3.141593,0.19422245200640462
QCN,3.665191,3.141593,0.19939576920206858
QCN,3.926991,3.141593,0.20490031344701765
QCN,4.18879,3.141593,0.21036269997661086
QCN,4.45059,3.141593,0.21538855503344734
QCN,4.712389,3.141593,0.21959531912945082
QCN,4.974188,3.141593,0.22264905075441724
QCN,5.235988,3.141593,0.22429984654410165
QCN,5.497787,3.141593,0.22441007114686798
QCN,5.759587,3.141593,0.2229704721092298
QCN,6.021386,3.141593,0.2201012768689815
QCN,6.283185,3.141593,0.21603807211174775
QCN,0.0,3.403392,0.1773785253943406
QCN,0.261799,3.403392,0.17431147127347912
QCN,0.523599,3.403392,0.172927025180541
QCN,0.785398,3.403392,0.17328226746445793
QCN,1.047198,3.403392,0.1753598108505565
QCN,1.308997,3.403392,0.17906715743201895
QCN,1.570796,3.403392,0.18422985043441356
QCN,1.832596,3.403392,0.1905824114674203
QCN,2.094395,3.403392,0.1977632948632483
QCN,2.356194,3.403392,0.20532040264983917
QCN,2.617994,3.403392,0.21273190852033919
QCN,2.879793,3.403392,0.21944364735612384
QCN,3.141593,3.403392,0.2249200324787911
QCN,3.403392,3.403392,0.22870150668634756
QCN,3.665191,3.403392,0.23045899789222388
QCN,3.926991,3.403392,0.23003546861073473
QCN,4.18879,3.403392,0.2274666035624073
QCN,4.45059,3.403392,0.22297654989667712
QCN,4.712389,3.403392,0.21694949011911582
QCN,4.974188,3.403392,0.20988250899941427
QCN,5.235988,3.403392,0.20232858049064836
QCN,5.497787,3.403392,0.1948397597016294
QCN,5.759587,3.403392,0.18791957549335825
QCN,6.021386,3.403392,0.18199054374184132
QCN,6.283185,3.403392,0.17737852539434065
QCN,0.0,3.665191,0.13417299104047073
QCN,0.261799,3.665191,0.13268053268232904
QCN,0.523599,3.665191,0.13403225074647016
QCN,0.785398,3.665191,0.1382260177160102
QCN,1.047198,3.665191,0.1452430856869922
QCN,1.308997,3.665191,0.15497780807219536
QCN,1.570796,3.665191,0.16714501343041374
QCN,1.832596,3.665191,0.18119809198712253
QCN,2.094395,3.665191,0.19629053307995958
QCN,2.356194,3.665191,0.21130382195451877
QCN,2.617994,3.665191,0.22494777740014185
QCN,2.879793,3.665191,0.23592003140216436
QCN,3.141593,3.665191,0.24309460918089854
QCN,3.403392,3.665191,0.24570000995389366
QCN,3.665191,3.665191,0.2434474965466321
QCN,3.926991,3.665191,0.23658056386073148
QCN,4.18879,3.665191,0.22583423239508263
QCN,4.45059,3.665191,0.21231340187866513
QCN,4.712389,3.665191,0.19731772836890138
QCN,4.974188,3.665191,0.18215170739733855
QCN,5.235988,3.665191,0.1679600616476222
QCN,5.497787,3.665191,0.15561993848942368
QCN,5.759587,3.665191,0.1457052465384674
QCN,6.021386,3.665191,0.13851910066765916
QCN,6.283185,3.665191,0.13417299104047078
QCN,0.0,3.926991,0.09779972866519648
QCN,0.261799,3.926991,0.09735633705017184
QCN,0.523599,3.926991,0.09956600084006241
QCN,0.785398,3.926991,0.1046336834032549
QCN,1.047198,3.926991,0.11292041078857555
QCN,1.308997,3.926991,0.12472939438162316
QCN,1.570796,3.926991,0.14005280422021354
QCN,1.832596,3.926991,0.1583587651053972
QCN,2.094395,3.926991,0.17849030856852718
QCN,2.356194,3.926991,0.19871995488751384
QCN,2.617994,3.926991,0.2169627068560235
QCN,2.879793,3.926991,0.23110741291253079
QCN,3.141593,3.926991,0.23939320196010358
QCN,3.403392,3.926991,0.24074302130964464
QCN,3.665191,3.926991,0.23497433048951769
QCN,3.926991,3.926991,0.22283580454992713
QCN,4.18879,3.926991,0.20586104421455975
QCN,4.45059,3.926991,0.18607478951059755
QCN,4.712389,3.926991,0.1656223737521976
QCN,4.974188,3.926991,0.14640998513249712
QCN,5.235988,3.926991,0.12983746869960422
QCN,5.497787,3.926991,0.11667866575701542
QCN,5.759587,3.926991,0.10712394673855234
QCN,6.021386,3.926991,0.1009565117929593
QCN,6.283185,3.926991,0.09779972866519647
QCN,0.0,4.18879,0.07777320587566436
QCN,0.261799,4.18879,0.0777992394512181
QCN,0.523599,4.18879,0.0789560968346264
QCN,0.785398,4.18879,0.08183789317233155
QCN,1.047198,4.18879,0.08744973244575834
QCN,1.308997,4.18879,0.09681727204559189
QCN,1.570796,4.18879,0.11053952800733519
QCN,1.832596,4.18879,0.12841649316213796
QCN,2.094395,4.18879,0.14926578661697723
QCN,2.356194,4.18879,0.1709936104126679
QCN,2.617994,4.18879,0.1909177556250148
QCN,2.879793,4.18879,0.20627232972083645
QCN,3.141593,4.18879,0.214773545471496
QCN,3.403392,4.18879,0.2151069171746667
QCN,3.665191,4.18879,0.20721382136050534
QCN,3.926991,4.18879,0.19230511253011362
QCN,4.18879,4.18879,0.1725982881919219
QCN,4.45059,4.18879,0.15084443082067753
QCN,4.712389,4.18879,0.1297634282249224
QCN,4.974188,4.18879,0.11152705779139549
QCN,5.235988,4.18879,0.0974140027673091
QCN,5.497787,4.18879,0.08771309146430502
QCN,5.759587,4.18879,0.08188393131672297
QCN,6.021386,4.18879,0.07891567499231197
QCN,6.283185,4.18879,0.07777320587566436
QCN,0.0,4.45059,0.07921049560395593
QCN,0.261799,4.45059,0.07925124138050024
QCN,0.523599,4.45059,0.07794863844683313
QCN,0.785398,4.45059,0.0763363189778291
QCN,1.047198,4.45059,0.07613938537111112
QCN,1.308997,4.45059,0.07922404900380084
QCN,1.570796,4.45059,0.08697399724550813
QCN,1.832596,4.45059,0.09976901267062938
QCN,2.094395,4.45059,0.1167158127309409
QCN,2.356194,4.45059,0.13571463907064554
QCN,2.617994,4.45059,0.1538555275814435
QCN,2.879793,4.45059,0.1680494160132877
QCN,3.141593,4.45059,0.17573511222752702
QCN,3.403392,4.45059,0.17548091998870177
QCN,3.665191,4.45059,0.16732548546957912
QCN,3.926991,4.45059,0.15276944999274245
QCN,4.18879,4.45059,0.13442000881124708
QCN,4.45059,4.45059,0.1153804366949981
QCN,4.712389,4.45059,0.0985421511178675
QCN,4.974188,4.45059,0.08596058215502732
QCN,5.235988,4.45059,0.07847181954750583
QCN,5.497787,4.45059,0.07564134815364154
QCN,5.759587,4.45059,0.07604683443105688
QCN,6.021386,4.45059,0.0778078544827722
QCN,6.283185,4.45059,0.07921049560395595
QCN,0.0,4.712389,0.10147713069046105
QCN,0.261799,4.712389,0.10133128531228375
QCN,0.523599,4.712389,0.09705309667818814
QCN,0.785398,4.712389,0.09002408237063597
QCN,1.047198,4.712389,0.08255688147366431
QCN,1.308997,4.712389,0.077246334138578
QCN,1.570796,4.712389,0.07623371548142759
QCN,1.832596,4.712389,0.08058403044348646
QCN,2.094395,4.712389,0.08994655896561167
QCN,2.356194,4.712389,0.10259329410424134
QCN,2.617994,4.712389,0.11582875838442279
QCN,2.879793,4.712389,0.12666501403779173
QCN,3.141593,4.712389,0.13258421805807125
QCN,3.403392,4.712389,0.13218698982000657
QCN,3.665191,4.712389,0.1255546530552846
QCN,3.926991,4.712389,0.11422915665105608
QCN,4.18879,4.712389,0.10081593784597397
QCN,4.45059,4.712389,0.08831504808552164
QCN,4.712389,4.712389,0.07935777243943565
QCN,4.974188,4.712389,0.075550531093619
QCN,5.235988,4.712389,0.07709852797031122
QCN,5.497787,4.712389,0.08280630354346234
QCN,5.759587,4.712389,0.09045125896533447
QCN,6.021386,4.712389,0.09742644040750426
QCN,6.283185,4.712389,0.10147713069046109
QCN,0.0,4.974188,0.13837410140139397
QCN,0.261799,4.974188,0.13813681321393614
QCN,0.523599,4.974188,0.1313894783518154
QCN,0.785398,4.974188,0.11965726917283537
QCN,1.047198,4.974188,0.1055364081531448
QCN,1.308997,4.974188,0.09203581749667948
QCN,1.570796,4.974188,0.081823678867844
QCN,1.832596,4.974188,0.0765771888616577
QCN,2.094395,4.974188,0.0766053340147616
QCN,2.356194,4.974188,0.08084084364403514
QCN,2.617994,4.974188,0.08719838295876046
QCN,2.879793,4.974188,0.09319808729969957
QCN,3.141593,4.974188,0.09668294800905013
QCN,3.403392,4.974188,0.09643422136465335
QCN,3.665191,4.974188,0.09251741076333019
QCN,3.926991,4.974188,0.08626479301217448
QCN,4.18879,4.974188,0.0798991654869811
QCN,4.45059,4.974188,0.07590094404516533
QCN,4.712389,4.974188,0.07629073959256093
QCN,4.974188,4.974188,0.0820232444306019
QCN,5.235988,4.974188,0.09265924474094189
QCN,5.497787,4.974188,0.1064085620418041
QCN,5.759587,4.974188,0.1205375112719625
QCN,6.021386,4.974188,0.13203661902930464
QCN,6.283185,4.974188,0.13837410140139397
QCN,0.0,5.235988,0.1798147320321406
QCN,0.261799,5.235988,0.1798244136712971
QCN,0.523599,5.235988,0.17197962677713344
QCN,0.785398,5.235988,0.1576932584596459
QCN,1.047198,5.235988,0.13945346967706382
QCN,1.308997,5.235988,0.12024830375408864
QCN,1.570796,5.235988,0.10289447628914261
QCN,1.832596,5.235988,0.08944137595996828
QCN,2.094395,5.235988,0.08079915603377556
QCN,2.356194,5.235988,0.07667849166930824
QCN,2.617994,5.235988,0.07584563076655228
QCN,2.879793,5.235988,0.07661229955781841
QCN,3.141593,5.235988,0.07741833555315275
QCN,3.403392,5.235988,0.07734205471694894
QCN,3.665191,5.235988,0.0763953087500575
QCN,3.926991,5.235988,0.07552089467283353
QCN,4.18879,5.235988,0.07629297092633432
QCN,4.45059,5.235988,0.08040395365164492
QCN,4.712389,5.235988,0.08908160144856454
QCN,4.974188,5.235988,0.1026013009747861
QCN,5.235988,5.235988,0.12003505376203373
QCN,5.497787,5.235988,0.13931650052121294
QCN,5.759587,5.235988,0.15761707395305
QCN,6.021386,5.235988,0.17194458835944867
QCN,6.283185,5.235988,0.17981473203214063
QCN,0.0,5.497787,0.2145410382397331
QCN,0.261799,5.497787,0.21524608846424007
QCN,0.523599,5.497787,0.20813776567915296
QCN,0.785398,5.497787,0.19428466817364423
QCN,1.047198,5.497787,0.1756956534310691
QCN,1.308997,5.497787,0.15489762771325874
QCN,1.570796,5.497787,0.13442569996906736
QCN,1.832596,5.497787,0.11635091603129838
QCN,2.094395,5.497787,0.10195800864018571
QCN,2.356194,5.497787,0.09164365281060192
QCN,2.617994,5.497787,0.08504596306537421
QCN,2.879793,5.497787,0.08135446543051739
QCN,3.141593,5.497787,0.07970297150281054
QCN,3.403392,5.497787,0.07952811007570745
QCN,3.665191,5.497787,0.08078883158162511
QCN,3.926991,5.497787,0.08398339777180348
QCN,4.18879,5.497787,0.0899588960213328
QCN,4.45059,5.497787,0.09956820162640968
QCN,4.712389,5.497787,0.11327421415672463
QCN,4.974188,5.497787,0.1308188092970899
QCN,5.235988,5.497787,0.15105931796737193
QCN,5.497787,5.497787,0.1720322051122857
QCN,5.759587,5.497787,0.19124341135055947
QCN,6.021386,5.497787,0.20612362909814955
QCN,6.283185,5.497787,0.21454103823973317
QCN,0.0,5.759587,0.23315078975812778
QCN,0.261799,5.759587,0.23493483947483784
QCN,0.523599,5.759587,0.2303207742454921
QCN,0.785398,5.759587,0.21989448763630262
QCN,1.047198,5.759587,0.20493790507349463
QCN,1.308997,5.759587,0.18718851892694255
QCN,1.570796,5.759587,0.16852853320380282
QCN,1.832596,5.759587,0.15067636843322732
QCN,2.094395,5.759587,0.13494984159168757
QCN,2.356194,5.759587,0.12214923684818489
QCN,2.617994,5.759587,0.112575503037927
QCN,2.879793,5.759587,0.10616284831359929
QCN,3.141593,5.759587,0.10267567182373603
QCN,3.403392,5.759587,0.10190484554408431
QCN,3.665191,5.759587,0.10380167856229834
QCN,3.926991,5.759587,0.10850835748878696
QCN,4.18879,5.759587,0.11627552115692695
QCN,4.45059,5.759587,0.12729207618371977
QCN,4.712389,5.759587,0.14147987522332342
QCN,4.974188,5.759587,0.15831881655684055
QCN,5.235988,5.759587,0.1767625756095115
QCN,5.497787,5.759587,0.1952827880357156
QCN,5.759587,5.759587,0.21204594074064112
QCN,6.021386,5.759587,0.22519142658472804
QCN,6.283185,5.759587,0.23315078975812775
QCN,0.0,6.021386,0.23062346427604666
QCN,0.261799,6.021386,0.23363969324562214
QCN,0.523599,6.021386,0.23267534828333292
QCN,0.785398,6.021386,0.2278332734512923
QCN,1.047198,6.021386,0.2196148634042213
QCN,1.308997,6.021386,0.2088399635926875
QCN,1.570796,6.021386,0.19652139281318126
QCN,1.832596,6.021386,0.18372129014776106
QCN,2.094395,6.021386,0.17141907336378004
QCN,2.356194,6.021386,0.16041599265810283
QCN,2.617994,6.021386,0.15129047454054603
QCN,2.879793,6.021386,0.14440463360276548
QCN,3.141593,6.021386,0.1399492013445822
QCN,3.403392,6.021386,0.1380051592706056
QCN,3.665191,6.021386,0.13859787871162174
QCN,3.926991,6.021386,0.1417240923638289
QCN,4.18879,6.021386,0.14734216918996665
QCN,4.45059,6.021386,0.15532902092606846
QCN,4.712389,6.021386,0.1654188840059142
QCN,4.974188,6.021386,0.17714679977573544
QCN,5.235988,6.021386,0.1898206420809898
QCN,5.497787,6.021386,0.20253958396650065
QCN,5.759587,6.021386,0.21426543530499012
QCN,6.021386,6.021386,0.2239393243182031
QCN,6.283185,6.021386,0.23062346427604666
QCN,0.0,6.283185,0.2076678130883508
QCN,0.261799,6.283185,0.21173101784558482
QCN,0.523599,6.283185,0.21460021308583266
QCN,0.785398,6.283185,0.2160398121234711
QCN,1.047198,6.283185,0.21592958752070504
QCN,1.308997,6.283185,0.2142787917310204
QCN,1.570796,6.283185,0.21122506010605394
QCN,1.832596,6.283185,0.2070182960100504
QCN,2.094395,6.283185,0.20199244095321403
QCN,2.356194,6.283185,0.19653005442362084
QCN,2.617994,6.283185,0.19102551017867142
QCN,2.879793,6.283185,0.18585219298300756
QCN,3.141593,6.283185,0.18133751950756385
QCN,3.403392,6.283185,0.1777473606883079
QCN,3.665191,6.283185,0.1752791224266862
QCN,3.926991,6.283185,0.17406095530970078
QCN,4.18879,6.283185,0.17415375427082794
QCN,4.45059,6.283185,0.17555293604318753
QCN,4.712389,6.283185,0.1781882850478886
QCN,4.974188,6.283185,0.18192200320591445
QCN,5.235988,6.283185,0.18654690128412424
QCN,5.497787,6.283185,0.19178785589306477
QCN,5.759587,6.283185,0.19730982577965298
QCN,6.021386,6.283185,0.20273475699264198
QCN,6.283185,6.283185,0.20766781308835078
B2-qMPS,0.0,0.0,5.3573809297169905e-05
B2-qMPS,0.261799,0.0,5.358533410266538e-05
B2-qMPS,0.523599,0.0,4.9665512061042554e-05
B2-qMPS,0.785398,0.0,4.250431333176435e-05
B2-qMPS,1.047198,0.0,3.332340635848593e-05
B2-qMPS,1.308997,0.0,2.359632370952993e-05
B2-qMPS,1.570796,0.0,1.4720857473328098e-05
B2-qMPS,1.832596,0.0,7.726884171602599e-06
B2-qMPS,2.094395,0.0,3.0922944227497575e-06
B2-qMPS,2.356194,0.0,7.100870939990058e-07
B2-qMPS,2.617994,0.0,8.961093323078154e-09
B2-qMPS,2.879793,0.0,1.8882806874344287e-07
B2-qMPS,3.141593,0.0,5.025229024588274e-07
B2-qMPS,3.403392,0.0,5.036396448323539e-07
B2-qMPS,3.665191,0.0,1.9083929574365535e-07
B2-qMPS,3.926991,0.0,8.279447190544481e-09
B2-qMPS,4.18879,0.0,7.020458358550729e-07
B2-qMPS,4.45059,0.0,3.0727283591116244e-06
B2-qMPS,4.712389,0.0,7.693676401410098e-06
B2-qMPS,4.974188,0.0,1.4675008155267913e-05
B2-qMPS,5.235988,0.0,2.3542220294831814e-05
B2-qMPS,5.497787,0.0,3.326818620141341e-05
B2-qMPS,5.759587,0.0,4.245645278670327e-05
B2-qMPS,6.021386,0.0,4.96329859369838e-05
B2-qMPS,6.283185,0.0,5.357380929717111e-05
B2-qMPS,0.0,0.261799,4.7532823024689794e-05
B2-qMPS,0.261799,0.261799,4.789424576875029e-05
B2-qMPS,0.523599,0.261799,4.51871230143119e-05
B2-qMPS,0.785398,0.261799,3.984939402969403e-05
B2-qMPS,1.047198,0.261799,3.271812684625527e-05
B2-qMPS,1.308997,0.261799,2.484565025641315e-05
B2-qMPS,1.570796,0.261799,1.7276087735447846e-05
B2-qMPS,1.832596,0.261799,1.0838183852376745e-05
B2-qMPS,2.094395,0.261799,6.004987701190982e-06
B2-qMPS,2.356194,0.261799,2.8524202860190156e-06
B2-qMPS,2.617994,0.261799,1.122013244274089e-06
B2-qMPS,2.879793,0.261799,3.6534623737466494e-07
B2-qMPS,3.141593,0.261799,1.2635766582244043e-07
B2-qMPS,3.403392,0.261799,1.0844281331746446e-07
B2-qMPS,3.665191,0.261799,2.785059639521668e-07
B2-qMPS,3.926991,0.261799,8.784109213929813e-07
B2-qMPS,4.18879,0.261799,2.3405857762475506e-06
B2-qMPS,4.45059,0.261799,5.131730447359036e-06
B2-qMPS,4.712389,0.261799,9.56926024354299e-06
B2-qMPS,4.974188,0.261799,1.5663656235059727e-05
B2-qMPS,5.235988,0.261799,2.303391199005029e-05
B2-qMPS,5.497787,0.261799,3.0924303432397905e-05
B2-qMPS,5.759587,0.261799,3.8323802802727885e-05
B2-qMPS,6.021386,0.261799,4.416180172835865e-05
B2-qMPS,6.283185,0.261799,4.753282302468915e-05
B2-qMPS,0.0,0.523599,3.8086695203587475e-05
B2-qMPS,0.261799,0.523599,3.882000303485886e-05
B2-qMPS,0.523599,0.523599,3.7562100516667124e-05
B2-qMPS,0.785398,0.523599,3.449266901774069e-05
B2-qMPS,1.047198,0.523599,3.0038713161636705e-05
B2-qMPS,1.308997,0.523599,2.478709434686057e-05
B2-qMPS,1.570796,0.523599,1.9368618620915007e-05
B2-qMPS,1.832596,0.523599,1.4341920426597727e-05
B2-qMPS,2.094395,0.523599,1.0104649903445776e-05
B2-qMPS,2.356194,0.523599,6.851612644296474e-06
B2-qMPS,2.617994,0.523599,4.586669823080832e-06
B2-qMPS,2.879793,0.523599,3.180841882649733e-06
B2-qMPS,3.141593,0.523599,2.4570167699142417e-06
B2-qMPS,3.403392,0.523599,2.275147693601999e-06
B2-qMPS,3.665191,0.523599,2.5925397661055274e-06
B2-qMPS,3.926991,0.523599,3.481520633092555e-06
B2-qMPS,4.18879,0.523599,5.099335656969975e-06
B2-qMPS,4.45059,0.523599,7.619065084847812e-06
B2-qMPS,4.712389,0.523599,1.1141910424254258e-05
B2-qMPS,4.974188,0.523599,1.5617169863611353e-05
B2-qMPS,5.235988,0.523599,2.079495083245148e-05
B2-qMPS,5.497787,0.523599,2.622843872354063e-05
B2-qMPS,5.759587,0.523599,3.132952237698218e-05
B2-qMPS,6.021386,0.523599,3.54672397043128e-05
B2-qMPS,6.283185,0.523599,3.808669520358685e-05
B2-qMPS,0.0,0.785398,2.7037837472601442e-05
B2-qMPS,0.261799,0.785398,2.806066768371994e-05
B2-qMPS,0.523599,0.785398,2.817252362529727e-05
B2-qMPS,0.785398,0.785398,2.7360386212622385e-05
B2-qMPS,1.047198,0.785398,2.5718004478859134e-05
B2-qMPS,1.308997,0.785398,2.342921662410475e-05
B2-qMPS,1.570796,0.785398,2.0736152822994618e-05
B2-qMPS,1.832596,0.785398,1.789964980932688e-05
B2-qMPS,2.094395,0.785398,1.5160760430066445e-05
B2-qMPS,2.356194,0.785398,1.2711531757327889e-05
B2-qMPS,2.617994,0.785398,1.0680471467002027e-05
B2-qMPS,2.879793,0.785398,9.13408036228847e-06
B2-qMPS,3.141593,0.785398,8.091589376701671e-06
B2-qMPS,3.403392,0.785398,7.546733661862448e-06
B2-qMPS,3.665191,0.785398,7.488894380194713e-06
B2-qMPS,3.926991,0.785398,7.91661689601408e-06
B2-qMPS,4.18879,0.785398,8.839155837324254e-06
B2-qMPS,4.45059,0.785398,1.0265554298946192e-05
B2-qMPS,4.712389,0.785398,1.2184758647693063e-05
B2-qMPS,4.974188,0.785398,1.4543287165082257e-05
B2-qMPS,5.235988,0.785398,1.7228159884430357e-05
B2-qMPS,5.497787,0.785398,2.006180345402574e-05
B2-qMPS,5.759587,0.785398,2.281270653680267e-05
B2-qMPS,6.021386,0.785398,2.5221487034650617e-05
B2-qMPS,6.283185,0.785398,2.7037837472601245e-05
B2-qMPS,0.0,1.047198,1.6367461859092882e-05
B2-qMPS,0.261799,1.047198,1.750718166137358e-05
B2-qMPS,0.523599,1.047198,1.8619638039494135e-05
B2-qMPS,0.785398,1.047198,1.9619765271753095e-05
B2-qMPS,1.047198,1.047198,2.0425715735038083e-05
B2-qMPS,1.308997,1.047198,2.0968106071641162e-05
B2-qMPS,1.570796,1.047198,2.1198619872147768e-05
B2-qMPS,1.832596,1.047198,2.109634249441809e-05
B2-qMPS,2.094395,1.047198,2.0670581173431852e-05
B2-qMPS,2.356194,1.047198,1.9959604497560467e-05
B2-qMPS,2.617994,1.047198,1.9025554957347148e-05
B2-qMPS,2.879793,1.047198,1.79465456508968e-05
B2-qMPS,3.141593,1.047198,1.680746268361327e-05
B2-qMPS,3.403392,1.047198,1.5691138184870464e-05
B2-qMPS,3.665191,1.047198,1.4671310623738955e-05
B2-qMPS,3.926991,1.047198,1.3808225905210068e-05
B2-qMPS,4.18879,1.047198,1.314701122151303e-05
B2-qMPS,4.45059,1.047198,1.2718268095103398e-05
B2-qMPS,4.712389,1.047198,1.2539861257196589e-05
B2-qMPS,4.974188,1.047198,1.2618743331387425e-05
B2-qMPS,5.235988,1.047198,1.2951875835386565e-05
B2-qMPS,5.497787,1.047198,1.3525809997525779e-05
B2-qMPS,5.759587,1.047198,1.4315123758151069e-05
B2-qMPS,6.021386,1.047198,1.5280485854409743e-05
B2-qMPS,6.283185,1.047198,1.636746185909282e-05
B2-qMPS,0.0,1.308997,7.771455688515914e-06
B2-qMPS,0.261799,1.308997,8.80429477493815e-06
B2-qMPS,0.523599,1.308997,1.0357137801170932e-05
B2-qMPS,0.785398,1.308997,1.2416935523521897e-05
B2-qMPS,1.047198,1.308997,1.4922245501082309e-05
B2-qMPS,1.308997,1.308997,1.7746270235612278e-05
B2-qMPS,1.570796,1.308997,2.0693725800362966e-05
B2-qMPS,1.832596,1.308997,2.3514908763658108e-05
B2-qMPS,2.094395,1.308997,2.593579949086907e-05
B2-qMPS,2.356194,1.308997,2.7698643837296765e-05
B2-qMPS,2.617994,1.308997,2.860437750407987e-05
B2-qMPS,2.879793,1.308997,2.8547341002111022e-05
B2-qMPS,3.141593,1.308997,2.753425258275336e-05
B2-qMPS,3.403392,1.308997,2.568299175341689e-05
B2-qMPS,3.665191,1.308997,2.3201479558174418e-05
B2-qMPS,3.926991,1.308997,2.0351601394588702e-05
B2-qMPS,4.18879,1.308997,1.7406501119754466e-05
B2-qMPS,4.45059,1.308997,1.4610817686903939e-05
B2-qMPS,4.712389,1.308997,1.2152240993888023e-05
B2-qMPS,4.974188,1.308997,1.0149479773506114e-05
B2-qMPS,5.235988,1.308997,8.657258215304883e-06
B2-qMPS,5.497787,1.308997,7.684494310110115e-06
B2-qMPS,5.759587,1.308997,7.2185509406027005e-06
B2-qMPS,6.021386,1.308997,7.247246140892465e-06
B2-qMPS,6.283185,1.308997,7.771455688516029e-06
B2-qMPS,0.0,1.570796,2.2852422292710975e-06
B2-qMPS,0.261799,1.570796,2.9904780931832565e-06
B2-qMPS,0.523599,1.570796,4.377020809298921e-06
B2-qMPS,0.785398,1.570796,6.633070738875024e-06
B2-qMPS,1.047198,1.570796,9.899746644576088e-06
B2-qMPS,1.308997,1.570796,1.4182459885037997e-05
B2-qMPS,1.570796,1.570796,1.9289445205960298e-05
B2-qMPS,1.832596,1.570796,2.481800896459629e-05
B2-qMPS,2.094395,1.570796,3.019661841562876e-05
B2-qMPS,2.356194,1.570796,3.477603925755314e-05
B2-qMPS,2.617994,1.570796,3.7949326690776175e-05
B2-qMPS,2.879793,1.570796,3.9272196497655095e-05
B2-qMPS,3.141593,1.570796,3.855440271148183e-05
B2-qMPS,3.403392,1.570796,3.589952282539177e-05
B2-qMPS,3.665191,1.570796,3.168325277777226e-05
B2-qMPS,3.926991,1.570796,2.6475615360641193e-05
B2-qMPS,4.18879,1.570796,2.0926367295019292e-05
B2-qMPS,4.45059,1.570796,1.5641710589182278e-05
B2-qMPS,4.712389,1.570796,1.1081880439843557e-05
B2-qMPS,4.974188,1.570796,7.502960703387331e-06
B2-qMPS,5.235988,1.570796,4.954078583859765e-06
B2-qMPS,5.497787,1.570796,3.3262452294887923e-06
B2-qMPS,5.759587,1.570796,2.435529956187788e-06
B2-qMPS,6.021386,1.570796,2.1146036146813383e-06
B2-qMPS,6.283185,1.570796,2.2852422292712995e-06
B2-qMPS,0.0,1.832596,9.274308503897841e-08
B2-qMPS,0.261799,1.832596,3.0781365402775697e-07
B2-qMPS,0.523599,1.832596,1.0270564554792809e-06
B2-qMPS,0.785398,1.832596,2.719754588286337e-06
B2-qMPS,1.047198,1.832596,5.849990441893093e-06
B2-qMPS,1.308997,1.832596,1.0689759580243046e-05
B2-qMPS,1.570796,1.832596,1.7170394672849693e-05
B2-qMPS,1.832596,1.832596,2.481726880510878e-05
B2-qMPS,2.094395,1.832596,3.2790978110283356e-05
B2-qMPS,2.356194,1.832596,4.002982916919272e-05
B2-qMPS,2.617994,1.832596,4.546106927506346e-05
B2-qMPS,2.879793,1.832596,4.822925242582268e-05
B2-qMPS,3.141593,1.832596,4.788457657618463e-05
B2-qMPS,3.403392,1.832596,4.4483513158500895e-05
B2-qMPS,3.665191,1.832596,3.8576121055849974e-05
B2-qMPS,3.926991,1.832596,3.1083277584797996e-05
B2-qMPS,4.18879,1.832596,2.3095044615272446e-05
B2-qMPS,4.45059,1.832596,1.5641122987373674e-05
B2-qMPS,4.712389,1.832596,9.490640080051384e-06
B2-qMPS,4.974188,1.832596,5.029758796485503e-06
B2-qMPS,5.235988,1.832596,2.2441987925149807e-06
B2-qMPS,5.497787,1.832596,8.054930718483982e-07
B2-qMPS,5.759587,1.832596,2.3225008189570273e-07
B2-qMPS,6.021386,1.832596,7.821942068719637e-08
B2-qMPS,6.283185,1.832596,9.274308503894903e-08
B2-qMPS,0.0,2.094395,5.647424705751235e-07
B2-qMPS,0.261799,2.094395,2.267932928430369e-07
B2-qMPS,0.523599,2.094395,3.09988534680951e-09
B2-qMPS,0.785398,2.094395,6.528195563004907e-07
B2-qMPS,1.047198,2.094395,2.990795771073061e-06
B2-qMPS,1.308997,2.094395,7.601827195477152e-06
B2-qMPS,1.570796,2.094395,1.4601426168295233e-05
B2-qMPS,1.832596,2.094395,2.3512796495912026e-05
B2-qMPS,2.094395,2.094395,3.329926874026912e-05
B2-qMPS,2.356194,2.094395,4.254999801866224e-05
B2-qMPS,2.617994,2.094395,4.9775441631084516e-05
B2-qMPS,2.879793,2.094395,5.3739069654804794e-05
B2-qMPS,3.141593,2.094395,5.3741020879943735e-05
B2-qMPS,3.403392,2.094395,4.978094742473224e-05
B2-qMPS,3.665191,2.094395,4.255809602777948e-05
B2-qMPS,3.926991,2.094395,3.3308605047627926e-05
B2-qMPS,4.18879,2.094395,2.3521932796298716e-05
B2-qMPS,4.45059,2.094395,1.4609152695639121e-05
B2-qMPS,4.712389,2.094395,7.60740249071119e-06
B2-qMPS,4.974188,2.094395,2.994054796037615e-06
B2-qMPS,5.235988,2.094395,6.541273561274747e-07
B2-qMPS,5.497787,2.094395,3.16938693413841e-09
B2-qMPS,5.759587,2.094395,2.2642181106686406e-07
B2-qMPS,6.021386,2.094395,5.645424636026641e-07
B2-qMPS,6.283185,2.094395,5.647424705750919e-07
B2-qMPS,0.0,2.356194,2.510400769577405e-06
B2-qMPS,0.261799,2.356194,1.6732712770423117e-06
B2-qMPS,0.523599,2.356194,5.124856720731207e-07
B2-qMPS,0.785398,2.356194,1.1927890015976485e-08
B2-qMPS,1.047198,2.356194,1.2667704643257146e-06
B2-qMPS,1.308997,2.356194,5.124530064949833e-06
B2-qMPS,1.570796,2.356194,1.1877305435421895e-05
B2-qMPS,1.832596,2.356194,2.1093159896735652e-05
B2-qMPS,2.094395,2.356194,3.163798653452017e-05
B2-qMPS,2.356194,2.356194,4.1888394524906616e-05
B2-qMPS,2.617994,2.356194,5.0084775155127014e-05
B2-qMPS,2.879793,2.356194,5.473552651273484e-05
B2-qMPS,3.141593,2.356194,5.4968708893370647e-05
B2-qMPS,3.403392,2.356194,5.0740177500138555e-05
B2-qMPS,3.665191,2.356194,4.2844161422267295e-05
B2-qMPS,3.926991,2.356194,3.272353942133502e-05
B2-qMPS,4.18879,2.356194,2.2129075509403046e-05
B2-qMPS,4.45059,2.356194,1.2715797011552372e-05
B2-qMPS,4.712389,2.356194,5.680201986299485e-06
B2-qMPS,4.974188,2.356194,1.530008410750325e-06
B2-qMPS,5.235988,2.356194,4.1983455805527554e-08
B2-qMPS,5.497787,2.356194,4.127552484110173e-07
B2-qMPS,5.759587,2.356194,1.5559959558116618e-06
B2-qMPS,6.021386,2.356194,2.4607634954308463e-06
B2-qMPS,6.283185,2.356194,2.510400769577664e-06
B2-qMPS,0.0,2.617994,4.568873952226336e-06
B2-qMPS,0.261799,2.617994,3.390961499914987e-06
B2-qMPS,0.523599,2.617994,1.559138464936138e-06
B2-qMPS,0.785398,2.617994,1.5958892646543554e-07
B2-qMPS,1.047198,2.617994,4.2013821652715576e-07
B2-qMPS,1.308997,2.617994,3.3231400334905607e-06
B2-qMPS,1.570796,2.617994,9.270552073973997e-06
B2-qMPS,1.832596,2.617994,1.789582937131597e-05
B2-qMPS,2.094395,2.617994,2.807851766081295e-05
B2-qMPS,2.356194,2.617994,3.81633351966522e-05
B2-qMPS,2.617994,2.617994,4.63305699858676e-05
B2-qMPS,2.879793,2.617994,5.102352877266599e-05
B2-qMPS,3.141593,2.617994,5.132260169819563e-05
B2-qMPS,3.403392,2.617994,4.716864610148865e-05
B2-qMPS,3.665191,2.617994,3.937740306256288e-05
B2-qMPS,3.926991,2.617994,2.944118128545296e-05
B2-qMPS,4.18879,2.617994,1.9169566207730508e-05
B2-qMPS,4.45059,2.617994,1.0262661124204235e-05
B2-qMPS,4.712389,2.617994,3.927249369966466e-06
B2-qMPS,4.974188,2.617994,6.338401216403205e-07
B2-qMPS,5.235988,2.617994,7.421790604848435e-08
B2-qMPS,5.497787,2.617994,1.3251716857909216e-06
B2-qMPS,5.759587,2.617994,3.1690026842343106e-06
B2-qMPS,6.021386,2.617994,4.479947164000737e-06
B2-qMPS,6.283185,2.617994,4.568873952226201e-06
B2-qMPS,0.0,2.879793,5.631161611888341e-06
B2-qMPS,0.261799,2.879793,4.337259036237371e-06
B2-qMPS,0.523599,2.879793,2.2690499296471454e-06
B2-qMPS,0.785398,2.879793,4.6712100678762705e-07
B2-qMPS,1.047198,2.879793,1.0885777730134001e-07
B2-qMPS,1.308997,2.879793,2.1456319256352988e-06
B2-qMPS,1.570796,2.879793,6.989589620547867e-06
B2-qMPS,1.832596,2.879793,1.4337938105630409e-05
B2-qMPS,2.094395,2.879793,2.3186261505006856e-05
B2-qMPS,2.356194,2.879793,3.2031919519622485e-05
B2-qMPS,2.617994,2.879793,3.921750814254299e-05
B2-qMPS,2.879793,2.879793,4.332638474644818e-05
B2-qMPS,3.141593,2.879793,4.352758721998321e-05
B2-qMPS,3.403392,2.879793,3.978008899159621e-05
B2-qMPS,3.665191,2.879793,3.28429139428583e-05
B2-qMPS,3.926991,2.879793,2.4088460771050167e-05
B2-qMPS,4.18879,2.879793,1.5167918023791468e-05
B2-qMPS,4.45059,2.879793,7.61616258482819e-06
B2-qMPS,4.712389,2.879793,2.4987830684988013e-06
B2-qMPS,4.974188,2.879793,1.9183538745300092e-07
B2-qMPS,5.235988,2.879793,3.4889614340467644e-07
B2-qMPS,5.497787,2.879793,2.0596202234570784e-06
B2-qMPS,5.759587,2.879793,4.1528375772819465e-06
B2-qMPS,6.021386,2.879793,5.558942264006248e-06
B2-qMPS,6.283185,2.879793,5.6311616118886275e-06
B2-qMPS,0.0,3.141593,5.175250946625114e-06
B2-qMPS,0.261799,3.141593,4.00229156307976e-06
B2-qMPS,0.523599,3.141593,2.1649186109135773e-06
B2-qMPS,0.785398,3.141593,5.232535010858171e-07
B2-qMPS,1.047198,3.141593,3.704192811016568e-08
B2-qMPS,1.308997,3.141593,1.4730629918795705e-06
B2-qMPS,1.570796,3.141593,5.156294995169726e-06
B2-qMPS,1.832596,3.141593,1.083446886781247e-05
B2-qMPS,2.094395,3.141593,1.769559827888821e-05
B2-qMPS,2.356194,3.141593,2.453720111691363e-05
B2-qMPS,2.617994,3.141593,3.0045164524502503e-05
B2-qMPS,2.879793,3.141593,3.311048531306859e-05
B2-qMPS,3.141593,3.141593,3.310142617142057e-05
B2-qMPS,3.403392,3.141593,3.0019867361063535e-05
B2-qMPS,3.665191,3.141593,2.4500840187529422e-05
B2-qMPS,3.926991,3.141593,1.7655364712743136e-05
B2-qMPS,4.18879,3.141593,1.0797817707887062e-05
B2-qMPS,4.45059,3.141593,5.1291742534068965e-06
B2-qMPS,4.712389,3.141593,1.4585837979841181e-06
B2-qMPS,4.974188,3.141593,3.4928119245264996e-08
B2-qMPS,5.235988,3.141593,5.301988338692006e-07
B2-qMPS,5.497787,3.141593,2.1757365804576205e-06
B2-qMPS,5.759587,3.141593,4.011531750700918e-06
B2-qMPS,6.021386,3.141593,5.178833352844779e-06
B2-qMPS,6.283185,3.141593,5.1752509466251035e-06
B2-qMPS,0.0,3.403392,3.4221662920157274e-06
B2-qMPS,0.261799,3.403392,2.563006521332898e-06
B2-qMPS,0.523599,3.403392,1.3136065848067345e-06
B2-qMPS,0.785398,3.403392,2.667382289479753e-07
B2-qMPS,1.047198,3.403392,6.008852101995621e-08
B2-qMPS,1.308997,3.403392,1.1810509191806505e-06
B2-qMPS,1.570796,3.403392,3.806687014812915e-06
B2-qMPS,1.832596,3.403392,7.723747463568347e-06
B2-qMPS,2.094395,3.403392,1.2352399676608647e-05
B2-qMPS,2.356194,3.403392,1.686958144925711e-05
B2-qMPS,2.617994,3.403392,2.0401109589859882e-05
B2-qMPS,2.879793,3.403392,2.223300566969272e-05
B2-qMPS,3.141593,3.403392,2.198697567193162e-05
B2-qMPS,3.403392,3.403392,1.971410271783336e-05
B2-qMPS,3.665191,3.403392,1.5882170735629175e-05
B2-qMPS,3.926991,3.403392,1.1259946762903412e-05
B2-qMPS,4.18879,3.403392,6.72877244365556e-06
B2-qMPS,4.45059,3.403392,3.070750441690723e-06
B2-qMPS,4.712389,3.403392,7.886222376138511e-07
B2-qMPS,4.974188,3.403392,3.5945136382606757e-09
B2-qMPS,5.235988,3.403392,4.56274219329238e-07
B2-qMPS,5.497787,3.403392,1.608184775265395e-06
B2-qMPS,5.759587,3.403392,2.8144806618381175e-06
B2-qMPS,6.021386,3.403392,3.51964418580861e-06
B2-qMPS,6.283185,3.403392,3.422166292015588e-06
B2-qMPS,0.0,3.665191,1.2700084488100761e-06
B2-qMPS,0.261799,3.665191,8.298161209062509e-07
B2-qMPS,0.523599,3.665191,3.055687480455707e-07
B2-qMPS,0.785398,3.665191,5.9098263163079184e-09
B2-qMPS,1.047198,3.665191,2.3459228344635016e-07
B2-qMPS,1.308997,3.665191,1.1938597272792543e-06
B2-qMPS,1.570796,3.665191,2.9122970576765933e-06
B2-qMPS,1.832596,3.665191,5.217706645817493e-06
B2-qMPS,2.094395,3.665191,7.763604361611629e-06
B2-qMPS,2.356194,3.665191,1.0103574579035851e-05
B2-qMPS,2.617994,3.665191,1.1794820527334684e-05
B2-qMPS,2.879793,3.665191,1.2504258650666051e-05
B2-qMPS,3.141593,3.665191,1.2089584522431472e-05
B2-qMPS,3.403392,3.665191,1.0634146463795992e-05
B2-qMPS,3.665191,3.665191,8.426504449758641e-06
B2-qMPS,3.926991,3.665191,5.890022539261805e-06
B2-qMPS,4.18879,3.665191,3.4808894501919796e-06
B2-qMPS,4.45059,3.665191,1.5811115606715447e-06
B2-qMPS,4.712389,3.665191,4.1411298523354485e-07
B2-qMPS,4.974188,3.665191,4.333783631951027e-09
B2-qMPS,5.235988,3.665191,1.9032545473585038e-07
B2-qMPS,5.497787,3.665191,6.864960695381678e-07
B2-qMPS,5.759587,3.665191,1.1757007531789157e-06
B2-qMPS,6.021386,3.665191,1.406773075535557e-06
B2-qMPS,6.283185,3.665191,1.270008448810261e-06
B2-qMPS,0.0,3.926991,2.4117055607616022e-08
B2-qMPS,0.261799,3.926991,5.015596647649183e-10
B2-qMPS,0.523599,3.926991,7.194758825936071e-08
B2-qMPS,0.785398,3.926991,3.1973927735039207e-07
B2-qMPS,1.047198,3.926991,7.989026319241303e-07
B2-qMPS,1.308997,3.926991,1.5151866718347043e-06
B2-qMPS,1.570796,3.926991,2.414381536329649e-06
B2-qMPS,1.832596,3.926991,3.3874587272588372e-06
B2-qMPS,2.094395,3.926991,4.290795755896852e-06
B2-qMPS,2.356194,3.926991,4.976678631838413e-06
B2-qMPS,2.617994,3.926991,5.3264529714612115e-06
B2-qMPS,2.879793,3.926991,5.277879020935515e-06
B2-qMPS,3.141593,3.926991,4.839663301865793e-06
B2-qMPS,3.403392,3.926991,4.0894193454446046e-06
B2-qMPS,3.665191,3.926991,3.155583923716741e-06
B2-qMPS,3.926991,3.926991,2.18794944217307e-06
B2-qMPS,4.18879,3.926991,1.3243711907432884e-06
B2-qMPS,4.45059,3.926991,6.621038107442974e-07
B2-qMPS,4.712389,3.926991,2.408834425271266e-07
B2-qMPS,4.974188,3.926991,4.166570396160807e-08
B2-qMPS,5.235988,3.926991,7.180684576382532e-10
B2-qMPS,5.497787,3.926991,3.467798496818694e-08
B2-qMPS,5.759587,3.926991,6.93185422014606e-08
B2-qMPS,6.021386,3.926991,6.387583281544162e-08
B2-qMPS,6.283185,3.926991,2.4117055607607535e-08
B2-qMPS,0.0,4.18879,9.976481840167737e-07
B2-qMPS,0.261799,4.18879,1.2892902769550828e-06
B2-qMPS,0.523599,4.18879,1.5900255525666102e-06
B2-qMPS,0.785398,4.18879,1.8680059944910196e-06
B2-qMPS,1.047198,4.18879,2.0898285294639597e-06
B2-qMPS,1.308997,4.18879,2.226685713283074e-06
B2-qMPS,1.570796,4.18879,2.2599972970851787e-06
B2-qMPS,1.832596,4.18879,2.185155950775829e-06
B2-qMPS,2.094395,4.18879,2.012467496004067e-06
B2-qMPS,2.356194,4.18879,1.7650537698964075e-06
B2-qMPS,2.617994,4.18879,1.4742347745482441e-06
B2-qMPS,2.879793,4.18879,1.1735199489148271e-06
B2-qMPS,3.141593,4.18879,8.92656169361525e-07
B2-qMPS,3.403392,4.18879,6.531210390234344e-07
B2-qMPS,3.665191,4.18879,4.6603297360380975e-07
B2-qMPS,3.926991,4.18879,3.3278831126819945e-07
B2-qMPS,4.18879,4.18879,2.480082900253985e-07
B2-qMPS,4.45059,4.18879,2.0377992319475643e-07
B2-qMPS,4.712389,4.18879,1.9386364293165042e-07
B2-qMPS,4.974188,4.18879,2.1659802664041933e-07
B2-qMPS,5.235988,4.18879,2.7563927122089407e-07
B2-qMPS,5.497787,4.18879,3.783172177397003e-07
B2-qMPS,5.759587,4.18879,5.320936993573281e-07
B2-qMPS,6.021386,4.18879,7.401797080021347e-07
B2-qMPS,6.283185,4.18879,9.976481840168437e-07
B2-qMPS,0.0,4.45059,5.092976157495996e-06
B2-qMPS,0.261799,4.45059,5.533900626670761e-06
B2-qMPS,0.523599,4.45059,5.559028812572821e-06
B2-qMPS,0.785398,4.45059,5.1638169628459554e-06
B2-qMPS,1.047198,4.45059,4.419133348441986e-06
B2-qMPS,1.308997,4.45059,3.4546562969268743e-06
B2-qMPS,1.570796,4.45059,2.4288877678388213e-06
B2-qMPS,1.832596,4.45059,1.4934928691766132e-06
B2-qMPS,2.094395,4.45059,7.610564233106059e-07
B2-qMPS,2.356194,4.45059,2.8432407163027387e-07
B2-qMPS,2.617994,4.45059,5.184909955397158e-08
B2-qMPS,2.879793,4.45059,5.449223536422031e-10
B2-qMPS,3.141593,4.45059,4.113339257030083e-08
B2-qMPS,3.403392,4.45059,8.908779513024873e-08
B2-qMPS,3.665191,4.45059,9.230091090752573e-08
B2-qMPS,3.926991,4.45059,4.7722463359809684e-08
B2-qMPS,4.18879,4.45059,2.3256365292222805e-09
B2-qMPS,4.45059,4.45059,3.8133519034457444e-08
B2-qMPS,4.712389,4.45059,2.4548030520914265e-07
B2-qMPS,4.974188,4.45059,6.919963321364852e-07
B2-qMPS,5.235988,4.45059,1.3960914763234407e-06
B2-qMPS,5.497787,4.45059,2.312614125278406e-06
B2-qMPS,5.759587,4.45059,3.3351695385893296e-06
B2-qMPS,6.021386,4.45059,4.315142884799655e-06
B2-qMPS,6.283185,4.45059,5.092976157495851e-06
B2-qMPS,0.0,4.712389,1.2480630795948694e-05
B2-qMPS,0.261799,4.712389,1.289045313768992e-05
B2-qMPS,0.523599,4.712389,1.2137398517352711e-05
B2-qMPS,0.785398,4.712389,1.037288093834898e-05
B2-qMPS,1.047198,4.712389,7.945179280859241e-06
B2-qMPS,1.308997,4.712389,5.31460223793856e-06
B2-qMPS,1.570796,4.712389,2.9431102438201378e-06
B2-qMPS,1.832596,4.712389,1.1870868203753223e-06
B2-qMPS,2.094395,4.712389,2.2086309476373182e-07
B2-qMPS,2.356194,4.712389,1.0191041608485311e-08
B2-qMPS,2.617994,4.712389,3.413976900065846e-07
B2-qMPS,2.879793,4.712389,8.970470171487703e-07
B2-qMPS,3.141593,4.712389,1.3565814836540144e-06
B2-qMPS,3.403392,4.712389,1.4939143134968792e-06
B2-qMPS,3.665191,4.712389,1.2450254684600822e-06
B2-qMPS,3.926991,4.712389,7.269708875414482e-07
B2-qMPS,4.18879,4.712389,2.0308505747847588e-07
B2-qMPS,4.45059,4.712389,3.934768893470931e-09
B2-qMPS,4.712389,4.712389,4.257827408324758e-07
B2-qMPS,4.974188,4.712389,1.6346509926938283e-06
B2-qMPS,5.235988,4.712389,3.6028181836790977e-06
B2-qMPS,5.497787,4.712389,6.096062396756651e-06
B2-qMPS,5.759587,4.712389,8.716443235911674e-06
B2-qMPS,6.021386,4.712389,1.099052124027507e-05
B2-qMPS,6.283185,4.712389,1.248063079594955e-05
B2-qMPS,0.0,4.974188,2.2467200867272566e-05
B2-qMPS,0.261799,4.974188,2.2703490952506594e-05
B2-qMPS,0.523599,4.974188,2.081706394401217e-05
B2-qMPS,0.785398,4.974188,1.7197631663146463e-05
B2-qMPS,1.047198,4.974188,1.257716840286145e-05
B2-qMPS,1.308997,4.974188,7.849988068550556e-06
B2-qMPS,1.570796,4.974188,3.856538495167165e-06
B2-qMPS,1.832596,4.974188,1.1872487033316712e-06
B2-qMPS,2.094395,4.974188,5.70087239490479e-08
B2-qMPS,2.356194,4.974188,2.816876056061462e-07
B2-qMPS,2.617994,4.974188,1.3606578894116298e-06
B2-qMPS,2.879793,4.974188,2.6409525637272936e-06
B2-qMPS,3.141593,4.974188,3.5170233550786005e-06
B2-qMPS,3.403392,4.974188,3.610885455129299e-06
B2-qMPS,3.665191,4.974188,2.8831599740746885e-06
B2-qMPS,3.926991,4.974188,1.644595139022338e-06
B2-qMPS,4.18879,4.974188,4.649130610629116e-07
B2-qMPS,4.45059,4.974188,3.9440941713476405e-09
B2-qMPS,4.712389,4.974188,8.114008188612149e-07
B2-qMPS,4.974188,4.974188,3.150538425411449e-06
B2-qMPS,5.235988,4.974188,6.894930894344194e-06
B2-qMPS,5.497787,4.974188,1.152824912860553e-05
B2-qMPS,5.759587,4.974188,1.6249424183042976e-05
B2-qMPS,6.021386,4.974188,2.0157278809930184e-05
B2-qMPS,6.283185,4.974188,2.246720086727241e-05
B2-qMPS,0.0,5.235988,3.3593487146044134e-05
B2-qMPS,0.261799,5.235988,3.359194444800871e-05
B2-qMPS,0.523599,5.235988,3.0474080848549084e-05
B2-qMPS,0.785398,5.235988,2.488212010971551e-05
B2-qMPS,1.047198,5.235988,1.7941272995874296e-05
B2-qMPS,1.308997,5.235988,1.0983667554769429e-05
B2-qMPS,1.570796,5.235988,5.2273660713912974e-06
B2-qMPS,1.832596,5.235988,1.494025256059203e-06
B2-qMPS,2.094395,5.235988,3.785120670397006e-08
B2-qMPS,2.356194,5.235988,5.28333268081163e-07
B2-qMPS,2.617994,5.235988,2.1879180171070064e-06
B2-qMPS,2.879793,5.235988,4.044386708497279e-06
B2-qMPS,3.141593,5.235988,5.227311096728963e-06
B2-qMPS,3.403392,5.235988,5.226702562653898e-06
B2-qMPS,3.665191,5.235988,4.042817485858975e-06
B2-qMPS,3.926991,5.235988,2.186082188134117e-06
B2-qMPS,4.18879,5.235988,5.27157992778339e-07
B2-qMPS,4.45059,5.235988,3.8218629435588636e-08
B2-qMPS,4.712389,5.235988,1.4964974798711283e-06
B2-qMPS,4.974188,5.235988,5.231989527313213e-06
B2-qMPS,5.235988,5.235988,1.0989912252924032e-05
B2-qMPS,5.497787,5.235988,1.7948126228104502e-05
B2-qMPS,5.759587,5.235988,2.4888312788274454e-05
B2-qMPS,6.021386,5.235988,3.047838890133304e-05
B2-qMPS,6.283185,5.235988,3.3593487146044635e-05
B2-qMPS,0.0,5.497787,4.394257797123125e-05
B2-qMPS,0.261799,5.497787,4.373411637619204e-05
B2-qMPS,0.523599,5.497787,3.9587893112977304e-05
B2-qMPS,0.785398,5.497787,3.2341465130086595e-05
B2-qMPS,1.047198,5.497787,2.342169663691946e-05
B2-qMPS,1.308997,5.497787,1.4497515463496848e-05
B2-qMPS,1.570796,5.497787,7.081868123533322e-06
B2-qMPS,1.832596,5.497787,2.1861803910641556e-06
B2-qMPS,2.094395,5.497787,1.1583149154582928e-07
B2-qMPS,2.356194,5.497787,4.5691359600171185e-07
B2-qMPS,2.617994,5.497787,2.2531504050164323e-06
B2-qMPS,2.879793,5.497787,4.321071000659162e-06
B2-qMPS,3.141593,5.497787,5.614971697079854e-06
B2-qMPS,3.403392,5.497787,5.540613637336487e-06
B2-qMPS,3.665191,5.497787,4.131318003324869e-06
B2-qMPS,3.926991,5.497787,2.03812464859509e-06
B2-qMPS,4.18879,5.497787,3.367133587688752e-07
B2-qMPS,4.45059,5.497787,2.0409284935167528e-07
B2-qMPS,4.712389,5.497787,2.554079303550799e-06
B2-qMPS,4.974188,5.497787,7.732586690801457e-06
B2-qMPS,5.235988,5.497787,1.5358454487545598e-05
B2-qMPS,5.497787,5.497787,2.4356993720713252e-05
B2-qMPS,5.759587,5.497787,3.3181936694688115e-05
B2-qMPS,6.021386,5.497787,4.017081778188634e-05
B2-qMPS,6.283185,5.497787,4.3942577971230656e-05
B2-qMPS,0.0,5.759587,5.1580949273679964e-05
B2-qMPS,0.261799,5.759587,5.1281123458372776e-05
B2-qMPS,0.523599,5.759587,4.657604794161045e-05
B2-qMPS,0.785398,5.759587,3.8386158317364225e-05
B2-qMPS,1.047198,5.759587,2.8269691731001604e-05
B2-qMPS,1.308997,5.759587,1.8048517005972353e-05
B2-qMPS,1.570796,5.759587,9.380538675072213e-06
B2-qMPS,1.832596,5.759587,3.389121007876293e-06
B2-qMPS,2.094395,5.759587,4.4380788178186715e-07
B2-qMPS,2.356194,5.759587,1.4552504596607917e-07
B2-qMPS,2.617994,5.759587,1.5144902808449723e-06
B2-qMPS,2.879793,5.759587,3.3249625241411258e-06
B2-qMPS,3.141593,5.759587,4.4922127178474525e-06
B2-qMPS,3.403392,5.759587,4.404038819399715e-06
B2-qMPS,3.665191,5.759587,3.1052110695983497e-06
B2-qMPS,3.926991,5.759587,1.284034906184966e-06
B2-qMPS,4.18879,5.759587,6.473017696870083e-08
B2-qMPS,4.45059,5.759587,6.628388280922587e-07
B2-qMPS,4.712389,5.759587,3.99894910997507e-06
B2-qMPS,4.974188,5.759587,1.0378366490926541e-05
B2-qMPS,5.235988,5.759587,1.9327582883583468e-05
B2-qMPS,5.497787,5.759587,2.963693150706025e-05
B2-qMPS,5.759587,5.759587,3.960373758776116e-05
B2-qMPS,6.021386,5.759587,4.741633141837085e-05
B2-qMPS,6.283185,5.759587,5.158094927368133e-05
B2-qMPS,0.0,6.021386,5.501933981111741e-05
B2-qMPS,0.261799,6.021386,5.4793102458769003e-05
B2-qMPS,0.523599,6.021386,5.0159633455219863e-05
B2-qMPS,0.785398,6.021386,4.1985645016920076e-05
B2-qMPS,1.047198,6.021386,3.175513758520534e-05
B2-qMPS,1.308997,6.021386,2.1219890366212532e-05
B2-qMPS,1.570796,6.021386,1.199750472952843e-05
B2-qMPS,1.832596,6.021386,5.220109085921636e-06
B2-qMPS,2.094395,6.021386,1.3222567928436319e-06
B2-qMPS,2.356194,6.021386,1.8631081524490106e-08
B2-qMPS,2.617994,6.021386,4.7111525243164633e-07
B2-qMPS,2.879793,6.021386,1.5942862257054482e-06
B2-qMPS,3.141593,6.021386,2.411960073712044e-06
B2-qMPS,3.403392,6.021386,2.364775604640319e-06
B2-qMPS,3.665191,6.021386,1.4832633175631182e-06
B2-qMPS,3.926991,6.021386,3.784457791165916e-07
B2-qMPS,4.18879,6.021386,5.2571116163375614e-08
B2-qMPS,4.45059,6.021386,1.5824341798281306e-06
B2-qMPS,4.712389,6.021386,5.763419012473534e-06
B2-qMPS,4.974188,6.021386,1.2814236477498524e-05
B2-qMPS,5.235988,6.021386,2.2227070061206666e-05
B2-qMPS,5.497787,6.021386,3.280950174927068e-05
B2-qMPS,5.759587,6.021386,4.2913399673032504e-05
B2-qMPS,6.021386,6.021386,5.079561285508383e-05
B2-qMPS,6.283185,6.021386,5.50193398111183e-05
B2-qMPS,0.0,6.283185,5.357380929717072e-05
B2-qMPS,0.261799,6.283185,5.358533410266435e-05
B2-qMPS,0.523599,6.283185,4.966551206104263e-05
B2-qMPS,0.785398,6.283185,4.250431333176325e-05
B2-qMPS,1.047198,6.283185,3.332340635848587e-05
B2-qMPS,1.308997,6.283185,2.359632370953063e-05
B2-qMPS,1.570796,6.283185,1.4720857473328085e-05
B2-qMPS,1.832596,6.283185,7.726884171602102e-06
B2-qMPS,2.094395,6.283185,3.092294422749872e-06
B2-qMPS,2.356194,6.283185,7.100870939990652e-07
B2-qMPS,2.617994,6.283185,8.961093323078112e-09
B2-qMPS,2.879793,6.283185,1.8882806874342278e-07
B2-qMPS,3.141593,6.283185,5.025229024589037e-07
B2-qMPS,3.403392,6.283185,5.036396448324008e-07
B2-qMPS,3.665191,6.283185,1.908392957436976e-07
B2-qMPS,3.926991,6.283185,8.279447190543929e-09
B2-qMPS,4.18879,6.283185,7.020458358549966e-07
B2-qMPS,4.45059,6.283185,3.07272835911174e-06
B2-qMPS,4.712389,6.283185,7.693676401409683e-06
B2-qMPS,4.974188,6.283185,1.467500815526801e-05
B2-qMPS,5.235988,6.283185,2.3542220294830798e-05
B2-qMPS,5.497787,6.283185,3.326818620141284e-05
B2-qMPS,5.759587,6.283185,4.245645278670369e-05
B2-qMPS,6.021386,6.283185,4.9632985936983194e-05
B2-qMPS,6.283185,6.283185,5.357380929717031e-05
B3-Layer,0.0,0.0,0.2457841850466976
B3-Layer,0.261799,0.0,0.23105196327081556
B3-Layer,0.523599,0.0,0.22845948207551767
B3-Layer,0.785398,0.0,0.2374469354256279
B3-Layer,1.047198,0.0,0.25461912865523934
B3-Layer,1.308997,0.0,0.2747224814958581
B3-Layer,1.570796,0.0,0.29209717417178044
B3-Layer,1.832596,0.0,0.30221230575625085
B3-Layer,2.094395,0.0,0.30287145181842046
B3-Layer,2.356194,0.0,0.29476617198780214
B3-Layer,2.617994,0.0,0.2812315422628087
B3-Layer,2.879793,0.0,0.2672732489704532
B3-Layer,3.141593,0.0,0.2581323362334163
B3-Layer,3.403392,0.0,0.2577785864825828
B3-Layer,3.665191,0.0,0.2677432021082852
B3-Layer,3.926991,0.0,0.2866106316785791
B3-Layer,4.18879,0.0,0.31031237647558507
B3-Layer,4.45059,0.0,0.33314987808208607
B3-Layer,4.712389,0.0,0.34927698900237697
B3-Layer,4.974188,0.0,0.35424782894462276
B3-Layer,5.235988,0.0,0.3462165484520481
B3-Layer,5.497787,0.0,0.3264669453622627
B3-Layer,5.759587,0.0,0.29912763706063794
B3-Layer,6.021386,0.0,0.27014507590587405
B3-Layer,6.283185,0.0,0.24578418504669763
B3-Layer,0.0,0.261799,0.2448674494115938
B3-Layer,0.261799,0.261799,0.23087557660067404
B3-Layer,0.523599,0.261799,0.22887056861663868
B3-Layer,0.785398,0.261799,0.23813520645177844
B3-Layer,1.047198,0.261799,0.2552000240812686
B3-Layer,1.308997,0.261799,0.2748402124419547
B3-Layer,1.570796,0.261799,0.2915200563064933
B3-Layer,1.832596,0.261799,0.3008948389260005
B3-Layer,2.094395,0.261799,0.300966511776908
B3-Layer,2.356194,0.261799,0.2925840474612597
B3-Layer,2.617994,0.261799,0.2791567933363878
B3-Layer,2.879793,0.261799,0.26566166452396545
B3-Layer,3.141593,0.261799,0.25721560059831217
B3-Layer,3.403392,0.261799,0.25760219981244153
B3-Layer,3.665191,0.261799,0.2681542886494062
B3-Layer,3.926991,0.261799,0.2872989027047299
B3-Layer,4.18879,0.261799,0.3108932719016148
B3-Layer,4.45059,0.261799,0.3332676090281827
B3-Layer,4.712389,0.261799,0.34869987113708983
B3-Layer,4.974188,0.261799,0.3529303621143727
B3-Layer,5.235988,0.261799,0.3443116084105357
B3-Layer,5.497787,0.261799,0.3242848208357205
B3-Layer,5.759587,0.261799,0.2970528881342172
B3-Layer,6.021386,0.261799,0.2685334914593861
B3-Layer,6.283185,0.261799,0.24486744941159377
B3-Layer,0.0,0.523599,0.24246489043506136
B3-Layer,0.261799,0.523599,0.2305946067364357
B3-Layer,0.523599,0.523599,0.2302396851822384
B3-Layer,0.785398,0.523599,0.24024076743844444
B3-Layer,1.047198,0.523599,0.25693105779233355
B3-Layer,1.308997,0.523599,0.2751861014617922
B3-Layer,1.570796,0.523599,0.2898413316208916
B3-Layer,1.832596,0.523599,0.29709452512810547
B3-Layer,2.094395,0.523599,0.29551611154917456
B3-Layer,2.356194,0.523599,0.2863972028124603
B3-Layer,2.617994,0.523599,0.2733444759631893
B3-Layer,2.879793,0.523599,0.2612344918419942
B3-Layer,3.141593,0.523599,0.2548130416217803
B3-Layer,3.403392,0.523599,0.25732122994820283
B3-Layer,3.665191,0.523599,0.2695234052150059
B3-Layer,3.926991,0.523599,0.2894044636913956
B3-Layer,4.18879,0.523599,0.3126243056126795
B3-Layer,4.45059,0.523599,0.3336134980480201
B3-Layer,4.712389,0.523599,0.34702114645148785
B3-Layer,4.974188,0.523599,0.3491300483164775
B3-Layer,5.235988,0.523599,0.33886120818280246
B3-Layer,5.497787,0.523599,0.3180979761869213
B3-Layer,5.759587,0.523599,0.2912405707610184
B3-Layer,6.021386,0.523599,0.26410631877741503
B3-Layer,6.283185,0.523599,0.24246489043506148
B3-Layer,0.0,0.785398,0.2395193481526635
B3-Layer,0.261799,0.785398,0.23087342889167842
B3-Layer,0.523599,0.785398,0.2329212348535974
B3-Layer,0.785398,0.785398,0.2438595988068191
B3-Layer,1.047198,0.785398,0.25977058116482826
B3-Layer,1.308997,0.785398,0.27573854209366144
B3-Layer,1.570796,0.785398,0.28721173674076456
B3-Layer,1.832596,0.785398,0.29124056581033747
B3-Layer,2.094395,0.785398,0.2872594247152906
B3-Layer,2.356194,0.785398,0.2772032342815605
B3-Layer,2.617994,0.785398,0.2649298154281697
B3-Layer,2.879793,0.785398,0.25510691404759983
B3-Layer,3.141593,0.785398,0.251867499339382
B3-Layer,3.403392,0.785398,0.25760005210344583
B3-Layer,3.665191,0.785398,0.2722049548863649
B3-Layer,3.926991,0.785398,0.2930232950597706
B3-Layer,4.18879,0.785398,0.3154638289851745
B3-Layer,4.45059,0.785398,0.3341659386798896
B3-Layer,4.712389,0.785398,0.344391551571361
B3-Layer,4.974188,0.785398,0.34327608899870926
B3-Layer,5.235988,0.785398,0.3306045213489181
B3-Layer,5.497787,0.785398,0.3089040076560212
B3-Layer,5.759587,0.785398,0.2828259102259991
B3-Layer,6.021386,0.785398,0.25797874098302054
B3-Layer,6.283185,0.785398,0.23951934815266354
B3-Layer,0.0,1.047198,0.23729583992515893
B3-Layer,0.261799,1.047198,0.23257443906506226
B3-Layer,0.523599,1.047198,0.23734405237539866
B3-Layer,0.785398,1.047198,0.2490722065436053
B3-Layer,1.047198,1.047198,0.26362933833287133
B3-Layer,1.308997,1.047198,0.27646257107580113
B3-Layer,1.570796,1.047198,0.28386010780574433
B3-Layer,1.832596,1.047198,0.28396441847442866
B3-Layer,2.094395,1.047198,0.2772614700309645
B3-Layer,2.356194,1.047198,0.2664154893822494
B3-Layer,2.617994,1.047198,0.25549592109760155
B3-Layer,2.879793,1.047198,0.248807747902935
B3-Layer,3.141593,1.047198,0.24964399111187743
B3-Layer,3.403392,1.047198,0.25930106227682975
B3-Layer,3.665191,1.047198,0.2766277724081661
B3-Layer,3.926991,1.047198,0.29823590279655643
B3-Layer,4.18879,1.047198,0.31932258615321746
B3-Layer,4.45059,1.047198,0.33488996766202916
B3-Layer,4.712389,1.047198,0.3410399226363408
B3-Layer,4.974188,1.047198,0.3359999416628007
B3-Layer,5.235988,1.047198,0.32060656666459203
B3-Layer,5.497787,1.047198,0.2981162627567102
B3-Layer,5.759587,1.047198,0.2733920158954304
B3-Layer,6.021386,1.047198,0.2516795748383555
B3-Layer,6.283185,1.047198,0.23729583992515899
B3-Layer,0.0,1.308997,0.23701017768568425
B3-Layer,0.261799,1.308997,0.2364631134920867
B3-Layer,0.523599,1.308997,0.24381830796589807
B3-Layer,0.785398,1.308997,0.25585048340983724
B3-Layer,1.047198,1.308997,0.26834861433177853
B3-Layer,1.308997,1.308997,0.2773115316839418
B3-Layer,1.570796,1.308997,0.2800644863830849
B3-Layer,1.832596,1.308997,0.27599446038527037
B3-Layer,2.094395,1.308997,0.26670593077833127
B3-Layer,2.356194,1.308997,0.25555592885388384
B3-Layer,2.617994,1.308997,0.24669536143656043
B3-Layer,2.879793,1.308997,0.2438775036326609
B3-Layer,3.141593,1.308997,0.24935832887240283
B3-Layer,3.403392,1.308997,0.26318973670385426
B3-Layer,3.665191,1.308997,0.2831020279986654
B3-Layer,3.926991,1.308997,0.3050141796627888
B3-Layer,4.18879,1.308997,0.3240418621521248
B3-Layer,4.45059,1.308997,0.3357389282701697
B3-Layer,4.712389,1.308997,0.33724430121368193
B3-Layer,4.974188,1.308997,0.3280299835736425
B3-Layer,5.235988,1.308997,0.3100510274119587
B3-Layer,5.497787,1.308997,0.28725670222834465
B3-Layer,5.759587,1.308997,0.2645914562343896
B3-Layer,6.021386,1.308997,0.2467493305680816
B3-Layer,6.283185,1.308997,0.23701017768568425
B3-Layer,0.0,1.570796,0.23946093845550812
B3-Layer,0.261799,1.570796,0.2429196730185442
B3-Layer,0.523599,1.570796,0.2523504979184709
B3-Layer,0.785398,1.570796,0.26397197196154454
B3-Layer,1.047198,1.570796,0.2736831167643318
B3-Layer,1.308997,1.570796,0.27822953395899624
B3-Layer,1.570796,1.570796,0.27611987211286965
B3-Layer,1.832596,1.570796,0.26804404735842163
B3-Layer,2.094395,1.570796,0.256679887325367
B3-Layer,2.356194,1.570796,0.245940586801785
B3-Layer,2.617994,1.570796,0.23986700550361606
B3-Layer,2.879793,1.570796,0.2414656478572149
B3-Layer,3.141593,1.570796,0.25180908964222665
B3-Layer,3.403392,1.570796,0.2696462962303115
B3-Layer,3.665191,1.570796,0.29163421795123845
B3-Layer,3.926991,1.570796,0.3131356682144959
B3-Layer,4.18879,1.570796,0.32937636458467806
B3-Layer,4.45059,1.570796,0.3366569305452241
B3-Layer,4.712389,1.570796,0.3332996869434668
B3-Layer,4.974188,1.570796,0.32007957054679365
B3-Layer,5.235988,1.570796,0.30002498395899496
B3-Layer,5.497787,1.570796,0.2776413601762459
B3-Layer,5.759587,1.570796,0.2577631003014451
B3-Layer,6.021386,1.570796,0.24433747479263568
B3-Layer,6.283185,1.570796,0.23946093845550806
B3-Layer,0.0,1.832596,0.24476628084846577
B3-Layer,0.261799,1.832596,0.2517402834687834
B3-Layer,0.523599,1.832596,0.26252303939862104
B3-Layer,0.785398,1.832596,0.2729708586165469
B3-Layer,1.047198,1.832596,0.27929724260172
B3-Layer,1.308997,1.832596,0.27915473691395515
B3-Layer,1.570796,1.832596,0.27230838322030343
B3-Layer,1.832596,1.832596,0.26071729040857367
B3-Layer,2.094395,1.832596,0.24800119934560838
B3-Layer,2.356194,1.832596,0.23843555364717361
B3-Layer,2.617994,1.832596,0.23574673316661912
B3-Layer,2.879793,1.832596,0.24203429840264745
B3-Layer,3.141593,1.832596,0.2571144320351843
B3-Layer,3.403392,1.832596,0.278466906680551
B3-Layer,3.665191,1.832596,0.3018067594313885
B3-Layer,3.926991,1.832596,0.32213455486949844
B3-Layer,4.18879,1.832596,0.33499049042206624
B3-Layer,4.45059,1.832596,0.3375821335001831
B3-Layer,4.712389,1.832596,0.32948819805090007
B3-Layer,4.974188,1.832596,0.3127528135969458
B3-Layer,5.235988,1.832596,0.29134629597923606
B3-Layer,5.497787,1.832596,0.27013632702163465
B3-Layer,5.759587,1.832596,0.2536428279644483
B3-Layer,6.021386,1.832596,0.2449061253380684
B3-Layer,6.283185,1.832596,0.24476628084846572
B3-Layer,0.0,2.094395,0.2522794806377453
B3-Layer,0.261799,2.094395,0.2620876651312609
B3-Layer,0.523599,2.094395,0.27347881870473467
B3-Layer,0.785398,2.094395,0.2821462316794458
B3-Layer,1.047198,2.094395,0.28478046394962137
B3-Layer,1.308997,2.094395,0.2800233701454431
B3-Layer,1.570796,2.094395,0.268876467093158
B3-Layer,1.832596,2.094395,0.2544511924082301
B3-Layer,2.094395,2.094395,0.24112670370162845
B3-Layer,2.356194,2.094395,0.23334146424640864
B3-Layer,2.617994,2.094395,0.23434479548085166
B3-Layer,2.879793,2.094395,0.24524694883329323
B3-Layer,3.141593,2.094395,0.26462763182446347
B3-Layer,3.403392,2.094395,0.2888142883430284
B3-Layer,3.665191,2.094395,0.312762538737502
B3-Layer,3.926991,2.094395,0.33130992793239694
B3-Layer,4.18879,2.094395,0.34047371176996716
B3-Layer,4.45059,2.094395,0.3384507667316709
B3-Layer,4.712389,2.094395,0.3260562819237547
B3-Layer,4.974188,2.094395,0.3064867155966023
B3-Layer,5.235988,2.094395,0.28447180033525615
B3-Layer,5.497787,2.094395,0.2650422376208697
B3-Layer,5.759587,2.094395,0.25224089027868074
B3-Layer,6.021386,2.094395,0.24811877576871386
B3-Layer,6.283185,2.094395,0.25227948063774525
B3-Layer,0.0,2.356194,0.2607094160621286
B3-Layer,0.261799,2.356194,0.2726114334638798
B3-Layer,0.523599,2.356194,0.2840235114697271
B3-Layer,0.785398,2.356194,0.2906333337161936
B3-Layer,1.047198,2.356194,0.28968278987149293
B3-Layer,1.308997,2.356194,0.2807742724308346
B3-Layer,1.570796,2.356194,0.2660216688312996
B3-Layer,1.832596,2.356194,0.24950256123813605
B3-Layer,2.094395,2.356194,0.236157148099161
B3-Layer,2.356194,2.356194,0.23042949937218607
B3-Layer,2.617994,2.356194,0.2350176067215052
B3-Layer,2.879793,2.356194,0.25007118371042686
B3-Layer,3.141593,2.356194,0.2730575672488471
B3-Layer,3.403392,2.356194,0.29933805667564745
B3-Layer,3.665191,2.356194,0.32330723150249485
B3-Layer,3.926991,2.356194,0.3397970299691451
B3-Layer,4.18879,2.356194,0.3453760376918391
B3-Layer,4.45059,2.356194,0.33920166901706267
B3-Layer,4.712389,2.356194,0.3232014836618962
B3-Layer,4.974188,2.356194,0.30153808442650853
B3-Layer,5.235988,2.356194,0.2795022447327887
B3-Layer,5.497787,2.356194,0.26213027274664696
B3-Layer,5.759587,2.356194,0.2529137015193342
B3-Layer,6.021386,2.356194,0.25294301064584734
B3-Layer,6.283185,2.356194,0.26070941606212855
B3-Layer,0.0,2.617994,0.2684173174316184
B3-Layer,0.261799,2.617994,0.28171301377835767
B3-Layer,0.523599,2.617994,0.29282693638427754
B3-Layer,0.785398,2.617994,0.2975266593845302
B3-Layer,1.047198,2.617994,0.2935658819978159
B3-Layer,1.308997,2.617994,0.2813535863659557
B3-Layer,1.570796,2.617994,0.2638889046243349
B3-Layer,1.832596,2.617994,0.24597611808618317
B3-Layer,2.094395,2.617994,0.23292886034713564
B3-Layer,2.356194,2.617994,0.2291113108663745
B3-Layer,2.617994,2.617994,0.23670965175770695
B3-Layer,2.879793,2.617994,0.25506700693783063
B3-Layer,3.141593,2.617994,0.2807654686183367
B3-Layer,3.403392,2.617994,0.30843963699012517
B3-Layer,3.665191,2.617994,0.332110656417045
B3-Layer,3.926991,2.617994,0.3466903556374814
B3-Layer,4.18879,2.617994,0.34925912981816176
B3-Layer,4.45059,2.617994,0.33978098295218384
B3-Layer,4.712389,2.617994,0.3210687194549317
B3-Layer,4.974188,2.617994,0.29801164127455526
B3-Layer,5.235988,2.617994,0.2762739569807631
B3-Layer,5.497787,2.617994,0.26081208424083496
B3-Layer,5.759587,2.617994,0.2546057465555363
B3-Layer,6.021386,2.617994,0.2579388338732511
B3-Layer,6.283185,2.617994,0.26841731743161834
B3-Layer,0.0,2.879793,0.27381362048384017
B3-Layer,0.261799,2.879793,0.28789075114957197
B3-Layer,0.523599,2.879793,0.29867757666549155
B3-Layer,0.785398,2.879793,0.3020293165678629
B3-Layer,1.047198,2.879793,0.2960608610578747
B3-Layer,1.308997,2.879793,0.2817191480091409
B3-Layer,1.570796,2.879793,0.2625738852342467
B3-Layer,1.832596,2.879793,0.24387966437710262
B3-Layer,2.094395,2.879793,0.23115950372805547
B3-Layer,2.356194,2.879793,0.22868993734517548
B3-Layer,2.617994,2.879793,0.23829595635978187
B3-Layer,2.879793,2.879793,0.25878272895677895
B3-Layer,3.141593,2.879793,0.2861617716705588
B3-Layer,3.403392,2.879793,0.31461737436133924
B3-Layer,3.665191,2.879793,0.33796129669825864
B3-Layer,3.926991,2.879793,0.351193012820814
B3-Layer,4.18879,2.879793,0.35175410887822084
B3-Layer,4.45059,2.879793,0.34014654459536914
B3-Layer,4.712389,2.879793,0.319753700064843
B3-Layer,4.974188,2.879793,0.2959151875654748
B3-Layer,5.235988,2.879793,0.2745046003616833
B3-Layer,5.497787,2.879793,0.2603907107196362
B3-Layer,5.759587,2.879793,0.2561920511576113
B3-Layer,6.021386,2.879793,0.26165455589219966
B3-Layer,6.283185,2.879793,0.2738136204838401
B3-Layer,0.0,3.141593,0.27575146647187015
B3-Layer,0.261799,3.141593,0.2900784154032125
B3-Layer,0.523599,3.141593,0.3007290147341896
B3-Layer,0.785398,3.141593,0.30359498569730864
B3-Layer,1.047198,3.141593,0.296921379888739
B3-Layer,1.308997,3.141593,0.28184407963514174
B3-Layer,1.570796,3.141593,0.2621298927466081
B3-Layer,1.832596,3.141593,0.24318585362385334
B3-Layer,2.094395,3.141593,0.23060191915974848
B3-Layer,2.356194,3.141593,0.22861812171612084
B3-Layer,2.617994,3.141593,0.23892929102930913
B3-Layer,2.879793,3.141593,0.2601516508311697
B3-Layer,3.141593,3.141593,0.288099617658589
B3-Layer,3.403392,3.141593,0.3168050386149804
B3-Layer,3.665191,3.141593,0.3400127347669573
B3-Layer,3.926991,3.141593,0.35275868195026
B3-Layer,4.18879,3.141593,0.3526146277090847
B3-Layer,4.45059,3.141593,0.3402714762213699
B3-Layer,4.712389,3.141593,0.3193097075772047
B3-Layer,4.974188,3.141593,0.29522137681222554
B3-Layer,5.235988,3.141593,0.27394701579337616
B3-Layer,5.497787,3.141593,0.26031889509058165
B3-Layer,5.759587,3.141593,0.25682538582713815
B3-Layer,6.021386,3.141593,0.2630234777665903
B3-Layer,6.283185,3.141593,0.27575146647187015
B3-Layer,0.0,3.403392,0.2738136204838403
B3-Layer,0.261799,3.403392,0.2878907511495721
B3-Layer,0.523599,3.403392,0.2986775766654914
B3-Layer,0.785398,3.403392,0.30202931656786286
B3-Layer,1.047198,3.403392,0.2960608610578747
B3-Layer,1.308997,3.403392,0.28171914800914094
B3-Layer,1.570796,3.403392,0.2625738852342466
B3-Layer,1.832596,3.403392,0.24387966437710276
B3-Layer,2.094395,3.403392,0.23115950372805552
B3-Layer,2.356194,3.403392,0.22868993734517554
B3-Layer,2.617994,3.403392,0.23829595635978176
B3-Layer,2.879793,3.403392,0.2587827289567791
B3-Layer,3.141593,3.403392,0.2861617716705586
B3-Layer,3.403392,3.403392,0.3146173743613393
B3-Layer,3.665191,3.403392,0.3379612966982592
B3-Layer,3.926991,3.403392,0.35119301282081433
B3-Layer,4.18879,3.403392,0.3517541088782208
B3-Layer,4.45059,3.403392,0.340146544595369
B3-Layer,4.712389,3.403392,0.3197537000648435
B3-Layer,4.974188,3.403392,0.2959151875654749
B3-Layer,5.235988,3.403392,0.27450460036168317
B3-Layer,5.497787,3.403392,0.2603907107196362
B3-Layer,5.759587,3.403392,0.25619205115761096
B3-Layer,6.021386,3.403392,0.2616545558921997
B3-Layer,6.283185,3.403392,0.2738136204838404
B3-Layer,0.0,3.665191,0.2684173174316184
B3-Layer,0.261799,3.665191,0.2817130137783575
B3-Layer,0.523599,3.665191,0.29282693638427765
B3-Layer,0.785398,3.665191,0.2975266593845301
B3-Layer,1.047198,3.665191,0.2935658819978162
B3-Layer,1.308997,3.665191,0.28135358636595603
B3-Layer,1.570796,3.665191,0.26388890462433473
B3-Layer,1.832596,3.665191,0.24597611808618336
B3-Layer,2.094395,3.665191,0.2329288603471357
B3-Layer,2.356194,3.665191,0.2291113108663746
B3-Layer,2.617994,3.665191,0.23670965175770695
B3-Layer,2.879793,3.665191,0.25506700693783046
B3-Layer,3.141593,3.665191,0.28076546861833696
B3-Layer,3.403392,3.665191,0.30843963699012517
B3-Layer,3.665191,3.665191,0.3321106564170453
B3-Layer,3.926991,3.665191,0.34669035563748146
B3-Layer,4.18879,3.665191,0.34925912981816193
B3-Layer,4.45059,3.665191,0.3397809829521836
B3-Layer,4.712389,3.665191,0.32106871945493154
B3-Layer,4.974188,3.665191,0.29801164127455526
B3-Layer,5.235988,3.665191,0.27627395698076346
B3-Layer,5.497787,3.665191,0.26081208424083513
B3-Layer,5.759587,3.665191,0.25460574655553597
B3-Layer,6.021386,3.665191,0.25793883387325117
B3-Layer,6.283185,3.665191,0.26841731743161834
B3-Layer,0.0,3.926991,0.26070941606212844
B3-Layer,0.261799,3.926991,0.27261143346387967
B3-Layer,0.523599,3.926991,0.28402351146972726
B3-Layer,0.785398,3.926991,0.2906333337161933
B3-Layer,1.047198,3.926991,0.28968278987149265
B3-Layer,1.308997,3.926991,0.2807742724308346
B3-Layer,1.570796,3.926991,0.26602166883129963
B3-Layer,1.832596,3.926991,0.24950256123813616
B3-Layer,2.094395,3.926991,0.23615714809916089
B3-Layer,2.356194,3.926991,0.23042949937218607
B3-Layer,2.617994,3.926991,0.23501760672150496
B3-Layer,2.879793,3.926991,0.25007118371042664
B3-Layer,3.141593,3.926991,0.27305756724884717
B3-Layer,3.403392,3.926991,0.29933805667564717
B3-Layer,3.665191,3.926991,0.3233072315024948
B3-Layer,3.926991,3.926991,0.33979702996914524
B3-Layer,4.18879,3.926991,0.3453760376918387
B3-Layer,4.45059,3.926991,0.33920166901706256
B3-Layer,4.712389,3.926991,0.32320148366189605
B3-Layer,4.974188,3.926991,0.30153808442650826
B3-Layer,5.235988,3.926991,0.27950224473278845
B3-Layer,5.497787,3.926991,0.26213027274664696
B3-Layer,5.759587,3.926991,0.2529137015193342
B3-Layer,6.021386,3.926991,0.2529430106458474
B3-Layer,6.283185,3.926991,0.26070941606212844
B3-Layer,0.0,4.18879,0.252279480637745
B3-Layer,0.261799,4.18879,0.26208766513126075
B3-Layer,0.523599,4.18879,0.27347881870473445
B3-Layer,0.785398,4.18879,0.28214623167944547
B3-Layer,1.047198,4.18879,0.28478046394962125
B3-Layer,1.308997,4.18879,0.28002337014544293
B3-Layer,1.570796,4.18879,0.2688764670931579
B3-Layer,1.832596,4.18879,0.25445119240823016
B3-Layer,2.094395,4.18879,0.24112670370162834
B3-Layer,2.356194,4.18879,0.23334146424640886
B3-Layer,2.617994,4.18879,0.23434479548085163
B3-Layer,2.879793,4.18879,0.24524694883329323
B3-Layer,3.141593,4.18879,0.2646276318244636
B3-Layer,3.403392,4.18879,0.28881428834302836
B3-Layer,3.665191,4.18879,0.312762538737502
B3-Layer,3.926991,4.18879,0.33130992793239694
B3-Layer,4.18879,4.18879,0.34047371176996716
B3-Layer,4.45059,4.18879,0.3384507667316708
B3-Layer,4.712389,4.18879,0.3260562819237544
B3-Layer,4.974188,4.18879,0.3064867155966022
B3-Layer,5.235988,4.18879,0.28447180033525615
B3-Layer,5.497787,4.18879,0.26504223762086954
B3-Layer,5.759587,4.18879,0.25224089027868074
B3-Layer,6.021386,4.18879,0.24811877576871358
B3-Layer,6.283185,4.18879,0.252279480637745
B3-Layer,0.0,4.45059,0.24476628084846608
B3-Layer,0.261799,4.45059,0.2517402834687836
B3-Layer,0.523599,4.45059,0.26252303939862104
B3-Layer,0.785398,4.45059,0.2729708586165471
B3-Layer,1.047198,4.45059,0.27929724260172006
B3-Layer,1.308997,4.45059,0.27915473691395504
B3-Layer,1.570796,4.45059,0.27230838322030354
B3-Layer,1.832596,4.45059,0.26071729040857355
B3-Layer,2.094395,4.45059,0.2480011993456084
B3-Layer,2.356194,4.45059,0.23843555364717361
B3-Layer,2.617994,4.45059,0.23574673316661912
B3-Layer,2.879793,4.45059,0.24203429840264756
B3-Layer,3.141593,4.45059,0.25711443203518436
B3-Layer,3.403392,4.45059,0.2784669066805509
B3-Layer,3.665191,4.45059,0.30180675943138874
B3-Layer,3.926991,4.45059,0.32213455486949844
B3-Layer,4.18879,4.45059,0.3349904904220662
B3-Layer,4.45059,4.45059,0.3375821335001829
B3-Layer,4.712389,4.45059,0.3294881980509002
B3-Layer,4.974188,4.45059,0.3127528135969458
B3-Layer,5.235988,4.45059,0.291346295979236
B3-Layer,5.497787,4.45059,0.27013632702163454
B3-Layer,5.759587,4.45059,0.2536428279644482
B3-Layer,6.021386,4.45059,0.2449061253380682
B3-Layer,6.283185,4.45059,0.24476628084846594
B3-Layer,0.0,4.712389,0.23946093845550798
B3-Layer,0.261799,4.712389,0.24291967301854403
B3-Layer,0.523599,4.712389,0.25235049791847103
B3-Layer,0.785398,4.712389,0.2639719719615445
B3-Layer,1.047198,4.712389,0.2736831167643322
B3-Layer,1.308997,4.712389,0.27822953395899613
B3-Layer,1.570796,4.712389,0.27611987211287004
B3-Layer,1.832596,4.712389,0.26804404735842163
B3-Layer,2.094395,4.712389,0.256679887325367
B3-Layer,2.356194,4.712389,0.2459405868017849
B3-Layer,2.617994,4.712389,0.23986700550361603
B3-Layer,2.879793,4.712389,0.24146564785721503
B3-Layer,3.141593,4.712389,0.25180908964222676
B3-Layer,3.403392,4.712389,0.26964629623031144
B3-Layer,3.665191,4.712389,0.2916342179512383
B3-Layer,3.926991,4.712389,0.313135668214496
B3-Layer,4.18879,4.712389,0.32937636458467806
B3-Layer,4.45059,4.712389,0.3366569305452249
B3-Layer,4.712389,4.712389,0.3332996869434666
B3-Layer,4.974188,4.712389,0.32007957054679403
B3-Layer,5.235988,4.712389,0.30002498395899496
B3-Layer,5.497787,4.712389,0.27764136017624547
B3-Layer,5.759587,4.712389,0.25776310030144484
B3-Layer,6.021386,4.712389,0.24433747479263548
B3-Layer,6.283185,4.712389,0.23946093845550795
B3-Layer,0.0,4.974188,0.23701017768568425
B3-Layer,0.261799,4.974188,0.23646311349208696
B3-Layer,0.523599,4.974188,0.2438183079658983
B3-Layer,0.785398,4.974188,0.2558504834098372
B3-Layer,1.047198,4.974188,0.2683486143317787
B3-Layer,1.308997,4.974188,0.2773115316839417
B3-Layer,1.570796,4.974188,0.2800644863830852
B3-Layer,1.832596,4.974188,0.27599446038527026
B3-Layer,2.094395,4.974188,0.2667059307783314
B3-Layer,2.356194,4.974188,0.25555592885388384
B3-Layer,2.617994,4.974188,0.24669536143656043
B3-Layer,2.879793,4.974188,0.243877503632661
B3-Layer,3.141593,4.974188,0.24935832887240275
B3-Layer,3.403392,4.974188,0.2631897367038542
B3-Layer,3.665191,4.974188,0.28310202799866563
B3-Layer,3.926991,4.974188,0.30501417966278865
B3-Layer,4.18879,4.974188,0.32404186215212505
B3-Layer,4.45059,4.974188,0.33573892827016977
B3-Layer,4.712389,4.974188,0.3372443012136816
B3-Layer,4.974188,4.974188,0.3280299835736427
B3-Layer,5.235988,4.974188,0.310051027411959
B3-Layer,5.497787,4.974188,0.2872567022283445
B3-Layer,5.759587,4.974188,0.26459145623438957
B3-Layer,6.021386,4.974188,0.24674933056808154
B3-Layer,6.283185,4.974188,0.23701017768568433
B3-Layer,0.0,5.235988,0.23729583992515899
B3-Layer,0.261799,5.235988,0.23257443906506223
B3-Layer,0.523599,5.235988,0.2373440523753986
B3-Layer,0.785398,5.235988,0.2490722065436052
B3-Layer,1.047198,5.235988,0.26362933833287155
B3-Layer,1.308997,5.235988,0.2764625710758012
B3-Layer,1.570796,5.235988,0.2838601078057441
B3-Layer,1.832596,5.235988,0.2839644184744289
B3-Layer,2.094395,5.235988,0.2772614700309643
B3-Layer,2.356194,5.235988,0.2664154893822495
B3-Layer,2.617994,5.235988,0.2554959210976016
B3-Layer,2.879793,5.235988,0.2488077479029351
B3-Layer,3.141593,5.235988,0.24964399111187752
B3-Layer,3.403392,5.235988,0.25930106227682975
B3-Layer,3.665191,5.235988,0.276627772408166
B3-Layer,3.926991,5.235988,0.2982359027965566
B3-Layer,4.18879,5.235988,0.31932258615321746
B3-Layer,4.45059,5.235988,0.33488996766202894
B3-Layer,4.712389,5.235988,0.3410399226363406
B3-Layer,4.974188,5.235988,0.33599994166280084
B3-Layer,5.235988,5.235988,0.32060656666459214
B3-Layer,5.497787,5.235988,0.29811626275671027
B3-Layer,5.759587,5.235988,0.2733920158954306
B3-Layer,6.021386,5.235988,0.25167957483835585
B3-Layer,6.283185,5.235988,0.23729583992515899
B3-Layer,0.0,5.497787,0.2395193481526634
B3-Layer,0.261799,5.497787,0.23087342889167842
B3-Layer,0.523599,5.497787,0.2329212348535974
B3-Layer,0.785398,5.497787,0.24385959880681918
B3-Layer,1.047198,5.497787,0.25977058116482826
B3-Layer,1.308997,5.497787,0.27573854209366155
B3-Layer,1.570796,5.497787,0.28721173674076456
B3-Layer,1.832596,5.497787,0.2912405658103374
B3-Layer,2.094395,5.497787,0.2872594247152907
B3-Layer,2.356194,5.497787,0.27720323428156035
B3-Layer,2.617994,5.497787,0.26492981542816985
B3-Layer,2.879793,5.497787,0.25510691404759983
B3-Layer,3.141593,5.497787,0.251867499339382
B3-Layer,3.403392,5.497787,0.25760005210344566
B3-Layer,3.665191,5.497787,0.272204954886365
B3-Layer,3.926991,5.497787,0.2930232950597706
B3-Layer,4.18879,5.497787,0.3154638289851743
B3-Layer,4.45059,5.497787,0.3341659386798896
B3-Layer,4.712389,5.497787,0.34439155157136137
B3-Layer,4.974188,5.497787,0.3432760889987099
B3-Layer,5.235988,5.497787,0.33060452134891827
B3-Layer,5.497787,5.497787,0.30890400765602094
B3-Layer,5.759587,5.497787,0.28282591022599896
B3-Layer,6.021386,5.497787,0.2579787409830204
B3-Layer,6.283185,5.497787,0.2395193481526634
B3-Layer,0.0,5.759587,0.24246489043506161
B3-Layer,0.261799,5.759587,0.23059460673643536
B3-Layer,0.523599,5.759587,0.23023968518223825
B3-Layer,0.785398,5.759587,0.2402407674384445
B3-Layer,1.047198,5.759587,0.25693105779233366
B3-Layer,1.308997,5.759587,0.27518610146179223
B3-Layer,1.570796,5.759587,0.2898413316208915
B3-Layer,1.832596,5.759587,0.29709452512810575
B3-Layer,2.094395,5.759587,0.2955161115491745
B3-Layer,2.356194,5.759587,0.28639720281246045
B3-Layer,2.617994,5.759587,0.2733444759631894
B3-Layer,2.879793,5.759587,0.26123449184199393
B3-Layer,3.141593,5.759587,0.25481304162178003
B3-Layer,3.403392,5.759587,0.25732122994820283
B3-Layer,3.665191,5.759587,0.26952340521500606
B3-Layer,3.926991,5.759587,0.2894044636913958
B3-Layer,4.18879,5.759587,0.31262430561267956
B3-Layer,4.45059,5.759587,0.33361349804801993
B3-Layer,4.712389,5.759587,0.3470211464514883
B3-Layer,4.974188,5.759587,0.34913004831647765
B3-Layer,5.235988,5.759587,0.33886120818280224
B3-Layer,5.497787,5.759587,0.31809797618692087
B3-Layer,5.759587,5.759587,0.2912405707610185
B3-Layer,6.021386,5.759587,0.2641063187774151
B3-Layer,6.283185,5.759587,0.2424648904350615
B3-Layer,0.0,6.021386,0.24486744941159358
B3-Layer,0.261799,6.021386,0.23087557660067404
B3-Layer,0.523599,6.021386,0.22887056861663888
B3-Layer,0.785398,6.021386,0.23813520645177852
B3-Layer,1.047198,6.021386,0.2552000240812688
B3-Layer,1.308997,6.021386,0.27484021244195483
B3-Layer,1.570796,6.021386,0.2915200563064935
B3-Layer,1.832596,6.021386,0.30089483892600083
B3-Layer,2.094395,6.021386,0.300966511776908
B3-Layer,2.356194,6.021386,0.29258404746126
B3-Layer,2.617994,6.021386,0.279156793336388
B3-Layer,2.879793,6.021386,0.26566166452396556
B3-Layer,3.141593,6.021386,0.2572156005983122
B3-Layer,3.403392,6.021386,0.2576021998124415
B3-Layer,3.665191,6.021386,0.26815428864940655
B3-Layer,3.926991,6.021386,0.28729890270473013
B3-Layer,4.18879,6.021386,0.31089327190161486
B3-Layer,4.45059,6.021386,0.3332676090281827
B3-Layer,4.712389,6.021386,0.34869987113708945
B3-Layer,4.974188,6.021386,0.3529303621143726
B3-Layer,5.235988,6.021386,0.3443116084105358
B3-Layer,5.497787,6.021386,0.32428482083572074
B3-Layer,5.759587,6.021386,0.297052888134217
B3-Layer,6.021386,6.021386,0.26853349145938604
B3-Layer,6.283185,6.021386,0.24486744941159358
B3-Layer,0.0,6.283185,0.2457841850466976
B3-Layer,0.261799,6.283185,0.23105196327081542
B3-Layer,0.523599,6.283185,0.22845948207551778
B3-Layer,0.785398,6.283185,0.23744693542562792
B3-Layer,1.047198,6.283185,0.25461912865523934
B3-Layer,1.308997,6.283185,0.27472248149585804
B3-Layer,1.570796,6.283185,0.29209717417178044
B3-Layer,1.832596,6.283185,0.30221230575625085
B3-Layer,2.094395,6.283185,0.30287145181842057
B3-Layer,2.356194,6.283185,0.29476617198780214
B3-Layer,2.617994,6.283185,0.2812315422628087
B3-Layer,2.879793,6.283185,0.2672732489704531
B3-Layer,3.141593,6.283185,0.2581323362334162
B3-Layer,3.403392,6.283185,0.2577785864825828
B3-Layer,3.665191,6.283185,0.2677432021082851
B3-Layer,3.926991,6.283185,0.2866106316785791
B3-Layer,4.18879,6.283185,0.3103123764755851
B3-Layer,4.45059,6.283185,0.3331498780820861
B3-Layer,4.712389,6.283185,0.349276989002377
B3-Layer,4.974188,6.283185,0.3542478289446225
B3-Layer,5.235988,6.283185,0.3462165484520481
B3-Layer,5.497787,6.283185,0.3264669453622625
B3-Layer,5.759587,6.283185,0.29912763706063805
B3-Layer,6.021386,6.283185,0.270145075905874
B3-Layer,6.283185,6.283185,0.24578418504669752
B5-ResQNet,0.0,0.0,0.001451777959024321
B5-ResQNet,0.261799,0.0,0.008939015098937977
B5-ResQNet,0.523599,0.0,0.020816429944094706
B5-ResQNet,0.785398,0.0,0.03382322422832293
B5-ResQNet,1.047198,0.0,0.044411876913387646
B5-ResQNet,1.308997,0.0,0.049702949386341774
B5-ResQNet,1.570796,0.0,0.048259505775443516
B5-ResQNet,1.832596,0.0,0.040473447019165755
B5-ResQNet,2.094395,0.0,0.02846015163056729
B5-ResQNet,2.356194,0.0,0.015489677910301348
B5-ResQNet,2.617994,0.0,0.0051070717101915596
B5-ResQNet,2.879793,0.0,0.00017772991574340724
B5-ResQNet,3.141593,0.0,0.002113937050746785
B5-ResQNet,3.403392,0.0,0.010490211156890925
B5-ResQNet,3.665191,0.0,0.023150951520401027
B5-ResQNet,3.926991,0.0,0.036781977535536546
B5-ResQNet,4.18879,0.0,0.047793227803193644
B5-ResQNet,4.45059,0.0,0.05327646438354586
B5-ResQNet,4.712389,0.0,0.051781655738498814
B5-ResQNet,4.974188,0.0,0.043704203248718806
B5-ResQNet,5.235988,0.0,0.03117934342865064
B5-ResQNet,5.497787,0.0,0.01751199684955257
B5-ResQNet,5.759587,0.0,0.006294700096940881
B5-ResQNet,6.021386,0.0,0.00044973283808245375
B5-ResQNet,6.283185,0.0,0.0014517779590243066
B5-ResQNet,0.0,0.261799,0.0007968304711623797
B5-ResQNet,0.261799,0.261799,0.007177450775577839
B5-ResQNet,0.523599,0.261799,0.018114927774717193
B5-ResQNet,0.785398,0.261799,0.030431097209070234
B5-ResQNet,1.047198,0.261799,0.04062808931525876
B5-ResQNet,1.308997,0.261799,0.04583905736531349
B5-ResQNet,1.570796,0.261799,0.044605517718604965
B5-ResQNet,1.832596,0.261799,0.03727238877333041
B5-ResQNet,2.094395,0.261799,0.0258945895388513
B5-ResQNet,2.356194,0.261799,0.013680291507348705
B5-ResQNet,2.617994,0.261799,0.004120422074447619
B5-ResQNet,2.879793,0.261799,3.8409110827331915e-05
B5-ResQNet,3.141593,0.261799,0.002815799833663744
B5-ResQNet,3.403392,0.261799,0.012002464945255805
B5-ResQNet,3.665191,0.261799,0.02541717000962077
B5-ResQNet,3.926991,0.261799,0.03971293176841695
B5-ResQNet,4.18879,0.261799,0.051256974512786366
B5-ResQNet,4.45059,0.261799,0.057090652239873065
B5-ResQNet,4.712389,0.261799,0.055713044673635255
B5-ResQNet,4.974188,0.261799,0.047478888202902456
B5-ResQNet,5.235988,0.261799,0.03450450537387716
B5-ResQNet,5.497787,0.261799,0.020106872212230283
B5-ResQNet,5.759587,0.261799,0.007925706794573982
B5-ResQNet,6.021386,0.261799,0.0009630739810522062
B5-ResQNet,6.283185,0.261799,0.000796830471162379
B5-ResQNet,0.0,0.523599,0.0002609572485130364
B5-ResQNet,0.261799,0.523599,0.005298048883512268
B5-ResQNet,0.523599,0.523599,0.015147584647878574
B5-ResQNet,0.785398,0.523599,0.026761890764540802
B5-ResQNet,1.047198,0.523599,0.03669981062528244
B5-ResQNet,1.308997,0.523599,0.04207118840908316
B5-ResQNet,1.570796,0.523599,0.04132677399841798
B5-ResQNet,1.832596,0.523599,0.03468083919132814
B5-ResQNet,2.094395,0.523599,0.024052754703724463
B5-ResQNet,2.356194,0.523599,0.012543251121553854
B5-ResQNet,2.617994,0.523599,0.003586342933501668
B5-ResQNet,2.879793,0.523599,5.331636293026434e-06
B5-ResQNet,3.141593,0.523599,0.0032274568301118947
B5-ResQNet,3.403392,0.523599,0.012869594821656108
B5-ResQNet,3.665191,0.523599,0.02680818859945401
B5-ResQNet,3.926991,0.523599,0.04171690184030727
B5-ResQNet,4.18879,0.523599,0.05393006953475064
B5-ResQNet,4.45059,0.523599,0.06040248148192236
B5-ResQNet,4.712389,0.523599,0.059509853905608076
B5-ResQNet,4.974188,0.523599,0.051476559086154096
B5-ResQNet,5.235988,0.523599,0.0383165140315941
B5-ResQNet,5.497787,0.523599,0.023302998256249197
B5-ResQNet,5.759587,0.523599,0.010108818889116241
B5-ResQNet,6.021386,0.523599,0.0018460404553527674
B5-ResQNet,6.283185,0.523599,0.0002609572485130318
B5-ResQNet,0.0,0.785398,7.306126353362787e-06
B5-ResQNet,0.261799,0.785398,0.0035477630624371733
B5-ResQNet,0.523599,0.785398,0.012213622404755752
B5-ResQNet,0.785398,0.785398,0.02313050148055747
B5-ResQNet,1.047198,0.785398,0.03292255020923669
B5-ResQNet,1.308997,0.785398,0.03864772058067534
B5-ResQNet,1.570796,0.785398,0.038607776058490514
B5-ResQNet,1.832596,0.785398,0.0328145214040565
B5-ResQNet,2.094395,0.785398,0.022986564523991917
B5-ResQNet,2.356194,0.785398,0.012077483117788598
B5-ResQNet,2.617994,0.785398,0.003462595867755756
B5-ResQNet,2.879793,0.785398,3.7291745926487065e-06
B5-ResQNet,3.141593,0.785398,0.003244674724251442
B5-ResQNet,3.403392,0.785398,0.012955484825240383
B5-ResQNet,3.665191,0.785398,0.02715057664132434
B5-ResQNet,3.926991,0.785398,0.04257875944415373
B5-ResQNet,4.18879,0.785398,0.05555674525940672
B5-ResQNet,4.45059,0.785398,0.06292536972952636
B5-ResQNet,4.712389,0.785398,0.06287439763724079
B5-ResQNet,4.974188,0.785398,0.05541638525460237
B5-ResQNet,5.235988,0.785398,0.042383390976264056
B5-ResQNet,5.497787,0.785398,0.02694741050383647
B5-ResQNet,5.759587,0.785398,0.012792263209936948
B5-ResQNet,6.021386,0.785398,0.003157335061541931
B5-ResQNet,6.283185,0.785398,7.306126353362433e-06
B5-ResQNet,0.0,1.047198,0.0001256349041139726
B5-ResQNet,0.261799,1.047198,0.002111152894262549
B5-ResQNet,0.523599,1.047198,0.00955836138015023
B5-ResQNet,0.785398,1.047198,0.01980173823595222
B5-ResQNet,1.047198,1.047198,0.029541194742814036
B5-ResQNet,1.308997,1.047198,0.03576418020888355
B5-ResQNet,1.570796,1.047198,0.03658034749990838
B5-ResQNet,1.832596,1.047198,0.031743260512268466
B5-ResQNet,2.094395,1.047198,0.02271831728591025
B5-ResQNet,2.356194,1.047198,0.012278559961891724
B5-ResQNet,2.617994,1.047198,0.0037374602634421333
B5-ResQNet,2.879793,1.047198,2.590284629875412e-05
B5-ResQNet,3.141593,1.047198,0.0028630851735106048
B5-ResQNet,3.403392,1.047198,0.012246473609660554
B5-ResQNet,3.665191,1.047198,0.026400847184204754
B5-ResQNet,3.926991,1.047198,0.042203601554640535
B5-ResQNet,4.18879,1.047198,0.055975785611797245
B5-ResQNet,4.45059,1.047198,0.06443002494566717
B5-ResQNet,4.712389,1.047198,0.06552391615822946
B5-ResQNet,4.974188,1.047198,0.058992096719570467
B5-ResQNet,5.235988,1.047198,0.046415457885496475
B5-ResQNet,5.497787,1.047198,0.030809083983277526
B5-ResQNet,5.759587,1.047198,0.015838543117708378
B5-ResQNet,6.021386,1.047198,0.004872875734912373
B5-ResQNet,6.283185,1.047198,0.00012563490411397087
B5-ResQNet,0.0,1.308997,0.0006067757140384998
B5-ResQNet,0.261799,1.308997,0.0010803146165030276
B5-ResQNet,0.523599,1.308997,0.00734434385655876
B5-ResQNet,0.785398,1.308997,0.016967630828199045
B5-ResQNet,1.047198,1.308997,0.02673667629057289
B5-ResQNet,1.308997,1.308997,0.03356003950148159
B5-ResQNet,1.570796,1.308997,0.03532897819676966
B5-ResQNet,1.832596,1.308997,0.0315015950547089
B5-ResQNet,2.094395,1.308997,0.023252666710875388
B5-ResQNet,2.356194,1.308997,0.013148693364997854
B5-ResQNet,2.617994,1.308997,0.004435932239959522
B5-ResQNet,2.879793,1.308997,0.00013384004596233358
B5-ResQNet,3.141593,1.308997,0.002179338593956128
B5-ResQNet,3.403392,1.308997,0.01085437761119576
B5-ResQNet,3.665191,1.308997,0.02465382072534085
B5-ResQNet,3.926991,1.308997,0.0406329093277266
B5-ResQNet,4.18879,1.308997,0.055145006799824696
B5-ResQNet,4.45059,1.308997,0.06477544124323731
B5-ResQNet,4.712389,1.308997,0.06722417312822017
B5-ResQNet,4.974188,1.308997,0.06190297835057704
B5-ResQNet,5.235988,1.308997,0.05008843434020886
B5-ResQNet,5.497787,1.308997,0.0345900321120615
B5-ResQNet,5.759587,1.308997,0.01902165030262768
B5-ResQNet,6.021386,1.308997,0.0068699448423031936
B5-ResQNet,6.283185,1.308997,0.0006067757140385024
B5-ResQNet,0.0,1.570796,0.0013435556006340533
B5-ResQNet,0.261799,1.570796,0.000450160728398119
B5-ResQNet,0.523599,1.570796,0.005645189851604473
B5-ResQNet,0.785398,1.570796,0.014743673428595724
B5-ResQNet,1.047198,1.570796,0.02462690603131601
B5-ResQNet,1.308997,1.570796,0.03212449457615751
B5-ResQNet,1.570796,1.570796,0.034899448900236316
B5-ResQNet,1.832596,1.570796,0.03209673022975146
B5-ResQNet,2.094395,1.570796,0.02457995612471981
B5-ResQNet,2.356194,1.570796,0.01469231921044507
B5-ResQNet,2.617994,1.570796,0.005606304410781496
B5-ResQNet,2.879793,1.570796,0.0004379757335233225
B5-ResQNet,3.141593,1.570796,0.0013655881308624386
B5-ResQNet,3.403392,1.570796,0.008991856573316205
B5-ResQNet,3.665191,1.570796,0.02212444655520101
B5-ResQNet,3.926991,1.570796,0.03803745687977987
B5-ResQNet,4.18879,1.570796,0.05314778338268675
B5-ResQNet,4.45059,1.570796,0.06392881516919713
B5-ResQNet,4.712389,1.570796,0.06781980084565445
B5-ResQNet,4.974188,1.570796,0.06388964594592106
B5-ResQNet,5.235988,1.570796,0.05307880094586184
B5-ResQNet,5.497787,1.570796,0.037954943958566786
B5-ResQNet,5.759587,1.570796,0.022047399652603158
B5-ResQNet,6.021386,1.570796,0.008937107998509244
B5-ResQNet,6.283185,1.570796,0.001343555600634051
B5-ResQNet,0.0,1.832596,0.0021580313143899593
B5-ResQNet,0.261799,1.832596,0.00013895329809750272
B5-ResQNet,0.523599,1.832596,0.00446128222358734
B5-ResQNet,0.785398,1.832596,0.013181758911778524
B5-ResQNet,1.047198,1.832596,0.023278355934283106
B5-ResQNet,1.308997,1.832596,0.03150673512357782
B5-ResQNet,1.570796,1.832596,0.035306294812894094
B5-ResQNet,1.832596,1.832596,0.03351052912841444
B5-ResQNet,2.094395,1.832596,0.02666970666419216
B5-ResQNet,2.356194,1.832596,0.016898717771965454
B5-ResQNet,2.617994,1.832596,0.007291180550773961
B5-ResQNet,2.879793,1.832596,0.0010581045508907146
B5-ResQNet,3.141593,1.832596,0.0006241148241204437
B5-ResQNet,3.403392,1.832596,0.006926359213200424
B5-ResQNet,3.665191,1.832596,0.019107460047667064
B5-ResQNet,3.926991,1.832596,0.03468859583007739
B5-ResQNet,4.18879,1.832596,0.05018019655254717
B5-ResQNet,4.45059,1.832596,0.061970263461066245
B5-ResQNet,4.712389,1.832596,0.06725547175676803
B5-ResQNet,4.974188,1.832596,0.0647680710684605
B5-ResQNet,5.235988,1.832596,0.05510546377272619
B5-ResQNet,5.497787,1.832596,0.04057484019435121
B5-ResQNet,5.759587,1.832596,0.024594179670568345
B5-ResQNet,6.021386,1.832596,0.010808809572637723
B5-ResQNet,6.283185,1.832596,0.0021580313143899597
B5-ResQNet,0.0,2.094395,0.002847841782345436
B5-ResQNet,0.261799,2.094395,2.7282676144810423e-05
B5-ResQNet,0.523599,2.094395,0.0037506650465495717
B5-ResQNet,0.785398,2.094395,0.012293347905643496
B5-ResQNet,1.047198,2.094395,0.022722242720413788
B5-ResQNet,1.308997,2.094395,0.031725625346698164
B5-ResQNet,1.570796,2.094395,0.036535763674442
B5-ResQNet,1.832596,2.094395,0.03569474116119266
B5-ResQNet,2.094395,2.094395,0.02945662445212302
B5-ResQNet,2.356194,2.094395,0.019717429524533873
B5-ResQNet,2.617994,2.094395,0.009491785231576283
B5-ResQNet,2.879793,2.094395,0.0020775645302387484
B5-ResQNet,3.141593,2.094395,0.00013420077160472695
B5-ResQNet,3.403392,2.094395,0.004924244548810832
B5-ResQNet,3.665191,2.094395,0.01592450994361215
B5-ResQNet,3.926991,2.094395,0.03091444841559778
B5-ResQNet,4.18879,2.094395,0.046521601616330004
B5-ResQNet,4.45059,2.094395,0.05908135565011995
B5-ResQNet,4.712389,2.094395,0.06558361757267225
B5-ResQNet,4.974188,2.094395,0.06445515541491681
B5-ResQNet,5.235988,2.094395,0.05596962435878024
B5-ResQNet,5.497787,2.094395,0.04217619795528967
B5-ResQNet,5.759587,2.094395,0.026365794232744304
B5-ResQNet,6.021386,2.094395,0.01221687827400797
B5-ResQNet,6.283185,2.094395,0.0028478417823454417
B5-ResQNet,0.0,2.356194,0.0032393486003490578
B5-ResQNet,0.261799,2.356194,3.8835242714396345e-06
B5-ResQNet,0.523599,2.356194,0.003464763395906865
B5-ResQNet,0.785398,2.356194,0.012074137921811173
B5-ResQNet,1.047198,2.356194,0.02296866092136922
B5-ResQNet,1.308997,2.356194,0.03277464421819008
B5-ResQNet,1.570796,2.356194,0.038543008736300975
B5-ResQNet,1.832596,2.356194,0.03856140257801145
B5-ResQNet,2.094395,2.356194,0.0328243862482965
B5-ResQNet,2.356194,2.356194,0.023034924978725807
B5-ResQNet,2.617994,2.356194,0.012136785911308935
B5-ResQNet,2.879793,2.356194,0.0035039036514863367
B5-ResQNet,3.141593,2.356194,5.4123781998945535e-06
B5-ResQNet,3.403392,2.356194,0.0031989758786489233
B5-ResQNet,3.665191,2.356194,0.012871144062999948
B5-ResQNet,3.926991,2.356194,0.027050777603936378
B5-ResQNet,4.18879,2.356194,0.04249492637425718
B5-ResQNet,4.45059,2.356194,0.055519852719905526
B5-ResQNet,4.712389,2.356194,0.06295711191568648
B5-ResQNet,4.974188,2.356194,0.06298061964960538
B5-ResQNet,5.235988,2.356194,0.05558458792333324
B5-ResQNet,5.497787,2.356194,0.04258504112606369
B5-ResQNet,5.759587,2.356194,0.027144508423601835
B5-ResQNet,6.021386,2.356194,0.01294648104095486
B5-ResQNet,6.283185,2.356194,0.0032393486003490725
B5-ResQNet,0.0,2.617994,0.003233399331115892
B5-ResQNet,0.261799,2.617994,5.0699603209119095e-06
B5-ResQNet,0.523599,2.617994,0.0035776853401409715
B5-ResQNet,0.785398,2.617994,0.012521732058135403
B5-ResQNet,1.047198,2.617994,0.02401334492342227
B5-ResQNet,1.308997,2.617994,0.034620080181711685
B5-ResQNet,1.570796,2.617994,0.041244711179799526
B5-ResQNet,1.832596,2.617994,0.04197251651291011
B5-ResQNet,2.094395,2.617994,0.03659384546432313
B5-ResQNet,2.356194,2.617994,0.026661291155658042
B5-ResQNet,2.617994,2.617994,0.01506608393651507
B5-ResQNet,2.879793,2.617994,0.005247727345201477
B5-ResQNet,3.141593,2.617994,0.00024972133162388596
B5-ResQNet,3.403392,2.617994,0.0018759354959890875
B5-ResQNet,3.665191,2.617994,0.010175598016464987
B5-ResQNet,3.926991,2.617994,0.023397055029790063
B5-ResQNet,4.18879,2.617994,0.03842494290221016
B5-ResQNet,4.45059,2.617994,0.05158582658167029
B5-ResQNet,4.712389,2.617994,0.05960841842099332
B5-ResQNet,4.974188,2.617994,0.060482728294312324
B5-ResQNet,5.235988,2.617994,0.05398912144260278
B5-ResQNet,5.497787,2.617994,0.04175617201994848
B5-ResQNet,5.759587,2.617994,0.02683187850138488
B5-ResQNet,6.021386,2.617994,0.012882616154949362
B5-ResQNet,6.283185,2.617994,0.003233399331115898
B5-ResQNet,0.0,2.879793,0.0028315033646118797
B5-ResQNet,0.261799,2.879793,3.656750197300093e-05
B5-ResQNet,0.523599,2.879793,0.004100144803668677
B5-ResQNet,0.785398,2.879793,0.013640447430514414
B5-ResQNet,1.047198,2.879793,0.02583460296077936
B5-ResQNet,1.308997,2.879793,0.037193206129363866
B5-ResQNet,1.570796,2.879793,0.04451043047987126
B5-ResQNet,1.832596,2.879793,0.04573408730904539
B5-ResQNet,2.094395,2.879793,0.04052174656853587
B5-ResQNet,2.356194,2.879793,0.030333482427461905
B5-ResQNet,2.617994,2.879793,0.01803632481394121
B5-ResQNet,2.879793,2.879793,0.007126698414828348
B5-ResQNet,3.141593,2.879793,0.0007798326616501322
B5-ResQNet,3.403392,2.879793,0.0009817879228479756
B5-ResQNet,3.665191,2.879793,0.00797784113874832
B5-ResQNet,3.926991,2.879793,0.020186361082759265
B5-ResQNet,4.18879,2.879793,0.034602640732422946
B5-ResQNet,4.45059,2.879793,0.04758584073613585
B5-ResQNet,4.712389,2.879793,0.055819421047960754
B5-ResQNet,4.974188,2.879793,0.05718874482022777
B5-ResQNet,5.235988,2.879793,0.05134145504314121
B5-ResQNet,5.497787,2.879793,0.03978089661335861
B5-ResQNet,5.759587,2.879793,0.025467619046950916
B5-ResQNet,6.021386,2.879793,0.012035442273766081
B5-ResQNet,6.283185,2.879793,0.002831503364611878
B5-ResQNet,0.0,3.141593,0.0021354332512093115
B5-ResQNet,0.261799,3.141593,0.0001715670696653003
B5-ResQNet,0.523599,3.141593,0.005073798655228153
B5-ResQNet,0.785398,3.141593,0.015431691000041792
B5-ResQNet,1.047198,3.141593,0.028381531426997616
B5-ResQNet,1.308997,3.141593,0.040379680209112964
B5-ResQNet,1.570796,3.141593,0.04815711126193537
B5-ResQNet,1.832596,3.141593,0.04959903403613879
B5-ResQNet,2.094395,3.141593,0.0443136512357571
B5-ResQNet,2.356194,3.141593,0.03373751099074987
B5-ResQNet,2.617994,3.141593,0.02074919921195138
B5-ResQNet,2.879793,3.141593,0.00889497738539604
B5-ResQNet,3.141593,3.141593,0.0014340632113652749
B5-ResQNet,3.403392,3.141593,0.0004596771369640152
B5-ResQNet,3.665191,3.141593,0.0063317546047076834
B5-ResQNet,3.926991,3.141593,0.01757376521261554
B5-ResQNet,4.18879,3.141593,0.031261745085023766
B5-ResQNet,4.45059,3.141593,0.04380175151157503
B5-ResQNet,4.712389,3.141593,0.05188783170481066
B5-ResQNet,4.974188,3.141593,0.0533841611865526
B5-ResQNet,5.235988,3.141593,0.04789523493362753
B5-ResQNet,5.497787,3.141593,0.036871472225913325
B5-ResQNet,5.759587,3.141593,0.02322196370534768
B5-ResQNet,6.021386,3.141593,0.010538030323236332
B5-ResQNet,6.283185,3.141593,0.002135433251209336
B5-ResQNet,0.0,3.403392,0.001320357936651757
B5-ResQNet,0.261799,3.403392,0.0005255505439030336
B5-ResQNet,0.523599,3.403392,0.006547705673027729
B5-ResQNet,0.785398,3.403392,0.01787305862450732
B5-ResQNet,1.047198,3.403392,0.03155786674347091
B5-ResQNet,1.308997,3.403392,0.044010989801965425
B5-ResQNet,1.570796,3.403392,0.0519509747662602
B5-ResQNet,1.832596,3.403392,0.05328154639217496
B5-ResQNet,2.094395,3.403392,0.04765117371248141
B5-ResQNet,2.356194,3.403392,0.03654692210022038
B5-ResQNet,2.617994,3.403392,0.022897466519383156
B5-ResQNet,2.879793,3.403392,0.010291537980871157
B5-ResQNet,3.141593,3.403392,0.002021002959356138
B5-ResQNet,3.403392,3.403392,0.00020466313915809946
B5-ResQNet,3.665191,3.403392,0.005227153787175338
B5-ResQNet,3.926991,3.403392,0.015642835686253128
B5-ResQNet,4.18879,3.403392,0.028569958760439117
B5-ResQNet,4.45059,3.403392,0.040469017765448624
B5-ResQNet,4.712389,3.403392,0.0480963182171614
B5-ResQNet,4.974188,3.403392,0.04937689380419368
B5-ResQNet,5.235988,3.403392,0.04396262070674551
B5-ResQNet,5.497787,3.403392,0.033325837468448444
B5-ResQNet,5.759587,3.403392,0.02036336185613658
B5-ResQNet,6.021386,3.403392,0.008617108331144247
B5-ResQNet,6.283185,3.403392,0.0013203579366517536
B5-ResQNet,0.0,3.665191,0.0005886793557036863
B5-ResQNet,0.261799,3.665191,0.0012150124574390106
B5-ResQNet,0.523599,3.665191,0.008544058803858171
B5-ResQNet,0.785398,3.665191,0.020893156400094006
B5-ResQNet,1.047198,3.665191,0.03520783164711227
B5-ResQNet,1.308997,3.665191,0.04786290224303329
B5-ResQNet,1.570796,3.665191,0.055619501848380895
B5-ResQNet,1.832596,3.665191,0.05648256977670382
B5-ResQNet,2.094395,3.665191,0.050229748188816876
B5-ResQNet,2.356194,3.665191,0.038470356140838095
B5-ResQNet,2.617994,3.665191,0.0242186797732236
B5-ResQNet,2.879793,3.665191,0.011095608118331272
B5-ResQNet,3.141593,3.665191,0.0023719010143981134
B5-ResQNet,3.403392,3.665191,0.00010852592568362556
B5-ResQNet,3.665191,3.665191,0.004623269310236558
B5-ResQNet,3.926991,3.665191,0.014425259269185723
B5-ResQNet,4.18879,3.665191,0.026633603379683134
B5-ResQNet,4.45059,3.665191,0.03776666232592614
B5-ResQNet,4.712389,3.665191,0.044689292347121996
B5-ResQNet,4.974188,3.665191,0.04546326640577844
B5-ResQNet,5.235988,3.665191,0.039872298262693236
B5-ResQNet,5.497787,3.665191,0.029480602755486765
B5-ResQNet,5.759587,3.665191,0.017209259765586078
B5-ResQNet,6.021386,3.665191,0.006544201878313967
B5-ResQNet,6.283185,3.665191,0.000588679355703692
B5-ResQNet,0.0,3.926991,0.00011688915522665346
B5-ResQNet,0.261799,3.926991,0.0023118426268657023
B5-ResQNet,0.523599,3.926991,0.011023812191831638
B5-ResQNet,0.785398,3.926991,0.0243510158846221
B5-ResQNet,1.047198,3.926991,0.03911049072643451
B5-ResQNet,1.308997,3.926991,0.051664520085399956
B5-ResQNet,1.570796,3.926991,0.058873748927635944
B5-ResQNet,1.832596,3.926991,0.058923073045633365
B5-ResQNet,2.094395,3.926991,0.0518000484740649
B5-ResQNet,2.356194,3.926991,0.039298173202988076
B5-ResQNet,2.617994,3.926991,0.024544165443185727
B5-ResQNet,2.879793,3.926991,0.011175369253922877
B5-ResQNet,3.141593,3.926991,0.002386664682099699
B5-ResQNet,3.403392,3.926991,0.00010079459599037681
B5-ResQNet,3.665191,3.926991,0.004482619872582526
B5-ResQNet,3.926991,3.926991,0.01392545072372444
B5-ResQNet,4.18879,3.926991,0.025511037760542764
B5-ResQNet,4.45059,3.926991,0.03581795955998031
B5-ResQNet,4.712389,3.926991,0.04185999775481677
B5-ResQNet,4.974188,3.926991,0.0419015902512895
B5-ResQNet,5.235988,3.926991,0.035930819981299954
B5-ResQNet,5.497787,3.926991,0.025662660708444467
B5-ResQNet,5.759587,3.926991,0.014071606589616042
B5-ResQNet,6.021386,3.926991,0.004579451620476391
B5-ResQNet,6.283185,3.926991,0.00011688915522665409
B5-ResQNet,0.0,4.18879,9.61095234669976e-06
B5-ResQNet,0.261799,4.18879,0.003806574384421925
B5-ResQNet,0.523599,4.18879,0.013863350398079077
B5-ResQNet,0.785398,4.18879,0.028028325368886366
B5-ResQNet,1.047198,4.18879,0.04298735683518857
B5-ResQNet,1.308997,4.18879,0.05511899200941323
B5-ResQNet,1.570796,4.18879,0.061438472828306646
B5-ResQNet,1.832596,4.18879,0.060379378562094445
B5-ResQNet,2.094395,4.18879,0.05220470038629986
B5-ResQNet,2.356194,4.18879,0.03893779006801745
B5-ResQNet,2.617994,4.18879,0.02383158844695549
B5-ResQNet,2.879793,4.18879,0.010517577713522606
B5-ResQNet,3.141593,4.18879,0.0020610928713648597
B5-ResQNet,3.403392,4.18879,0.00017418794287619316
B5-ResQNet,3.665191,4.18879,0.004794636729158435
B5-ResQNet,3.926991,4.18879,0.014141302322369589
B5-ResQNet,4.18879,4.18879,0.02522840208230541
B5-ResQNet,4.45059,4.18879,0.03469834896851233
B5-ResQNet,4.712389,4.18879,0.039747774575917404
B5-ResQNet,4.974188,4.18879,0.038896810338542906
B5-ResQNet,5.235988,4.18879,0.03239426371439856
B5-ResQNet,5.497787,4.18879,0.022149533468662285
B5-ResQNet,5.759587,4.18879,0.011209603863486538
B5-ResQNet,6.021386,4.18879,0.002922032536487499
B5-ResQNet,6.283185,4.18879,9.610952346699237e-06
B5-ResQNet,0.0,4.45059,0.00027305162220498416
B5-ResQNet,0.261799,4.45059,0.005591537859655465
B5-ResQNet,0.523599,4.45059,0.016850754218099402
B5-ResQNet,0.785398,4.45059,0.03163966237197123
B5-ResQNet,1.047198,4.45059,0.04652472623236182
B5-ResQNet,1.308997,4.45059,0.057933865158949285
B5-ResQNet,1.570796,4.45059,0.06308521582328651
B5-ResQNet,1.832596,4.45059,0.06071377539111146
B5-ResQNet,2.094395,4.45059,0.05140250068184255
B5-ResQNet,2.356194,4.45059,0.03742968101677821
B5-ResQNet,2.617994,4.45059,0.022173237402966957
B5-ResQNet,2.879793,4.45059,0.009230559397191081
B5-ResQNet,3.141593,4.45059,0.0014880184818526732
B5-ResQNet,3.403392,4.45059,0.00038720282467308623
B5-ResQNet,3.665191,4.45059,0.005581784120550782
B5-ResQNet,3.926991,4.45059,0.015074018901150657
B5-ResQNet,4.18879,4.45059,0.0257913306147857
B5-ResQNet,4.45059,4.45059,0.03444566404239892
B5-ResQNet,4.712389,4.45059,0.03844289129776664
B5-ResQNet,4.974188,4.45059,0.036596661149670556
B5-ResQNet,5.235988,4.45059,0.029454138204618296
B5-ResQNet,5.497787,4.45059,0.019145814935210167
B5-ResQNet,5.759587,4.45059,0.008799882974996074
B5-ResQNet,6.021386,4.45059,0.0016790886265707179
B5-ResQNet,6.283185,4.45059,0.0002730516222049814
B5-ResQNet,0.0,4.712389,0.0008148741140875385
B5-ResQNet,0.261799,4.712389,0.007469753315671493
B5-ResQNet,0.523599,4.712389,0.019705175400703618
B5-ResQNet,0.785398,4.712389,0.03486127468017641
B5-ResQNet,1.047198,4.712389,0.0494083209202855
B5-ResQNet,1.308997,4.712389,0.05985629815165887
B5-ResQNet,1.570796,4.712389,0.06366225709997447
B5-ResQNet,1.832596,4.712389,0.05989421103821524
B5-ResQNet,2.094395,4.712389,0.04947487630094254
B5-ResQNet,2.356194,4.712389,0.03494035522564045
B5-ResQNet,2.617994,4.712389,0.019778018518706517
B5-ResQNet,2.879793,4.712389,0.007519813178010244
B5-ResQNet,3.141593,4.712389,0.0008320525319806413
B5-ResQNet,3.403392,4.712389,0.0008431133309326831
B5-ResQNet,3.665191,4.712389,0.006886311577252517
B5-ResQNet,3.926991,4.712389,0.01672377140340713
B5-ResQNet,4.18879,4.712389,0.027188219064868152
B5-ResQNet,4.45059,4.712389,0.03506786093858569
B5-ResQNet,4.712389,4.712389,0.037994775560487595
B5-ResQNet,4.974188,4.712389,0.035096881621711325
B5-ResQNet,5.235988,4.712389,0.02723759602763202
B5-ResQNet,5.497787,4.712389,0.01677855799730659
B5-ResQNet,5.759587,4.712389,0.006929400802670744
B5-ResQNet,6.021386,4.712389,0.0008599870382758955
B5-ResQNet,6.283185,4.712389,0.0008148741140875355
B5-ResQNet,0.0,4.974188,0.0014704212027511934
B5-ResQNet,0.261799,4.974188,0.009188541595094456
B5-ResQNet,0.523599,4.974188,0.022116678180298957
B5-ResQNet,0.785398,4.974188,0.03737394859178066
B5-ResQNet,1.047198,4.974188,0.051364323298974085
B5-ResQNet,1.308997,4.974188,0.06070664003241422
B5-ResQNet,1.570796,4.974188,0.0631155357398301
B5-ResQNet,1.832596,4.974188,0.05799895802935151
B5-ResQNet,2.094395,4.974188,0.04661316537646216
B5-ResQNet,2.356194,4.974188,0.03173393195760215
B5-ResQNet,2.617994,4.974188,0.01693152470702656
B5-ResQNet,2.879793,4.974188,0.00564244457008375
B5-ResQNet,3.141593,4.974188,0.0002847233078148171
B5-ResQNet,3.403392,4.974188,0.0016513709004893915
B5-ResQNet,3.665191,4.974188,0.008741680413098795
B5-ResQNet,3.926991,4.974188,0.019072607746591495
B5-ResQNet,4.18879,4.974188,0.02938384550999961
B5-ResQNet,4.45059,4.974188,0.036544958536516105
B5-ResQNet,4.712389,4.974188,0.038419229201887506
B5-ResQNet,4.974188,4.974188,0.03445103892734855
B5-ResQNet,5.235988,4.974188,0.025818385482424027
B5-ResQNet,5.497787,4.974188,0.015109421156309245
B5-ResQNet,5.759587,4.974188,0.005610215936283647
B5-ResQNet,6.021386,4.974188,0.00039586631326984386
B5-ResQNet,6.283185,4.974188,0.0014704212027511748
B5-ResQNet,0.0,5.235988,0.002048162538393104
B5-ResQNet,0.261799,5.235988,0.01049015219557691
B5-ResQNet,0.523599,5.235988,0.023798285353344967
B5-ResQNet,0.785398,5.235988,0.03891146826685837
B5-ResQNet,1.047198,5.235988,0.05219875029917856
B5-ResQNet,1.308997,5.235988,0.060403706324456685
B5-ResQNet,1.570796,5.235988,0.06149628351634908
B5-ResQNet,1.832596,5.235988,0.05520527219404644
B5-ResQNet,2.094395,5.235988,0.04308950794732281
B5-ResQNet,2.356194,5.235988,0.02812882655021123
B5-ResQNet,2.617994,5.235988,0.013943785913329688
B5-ResQNet,2.879793,5.235988,0.0038519919278099603
B5-ResQNet,3.141593,5.235988,1.2082308840509206e-05
B5-ResQNet,3.403392,5.235988,0.0028824929019532555
B5-ResQNet,3.665191,5.235988,0.011137496404259345
B5-ResQNet,3.926991,5.235988,0.022060361506248367
B5-ResQNet,4.18879,5.235988,0.032305700805008136
B5-ResQNet,4.45059,5.235988,0.038824392544935964
B5-ResQNet,4.712389,5.235988,0.03970130002404917
B5-ResQNet,4.974188,5.235988,0.034679911096055206
B5-ResQNet,5.235988,5.235988,0.025232538682704902
B5-ResQNet,5.497787,5.235988,0.014157172064313746
B5-ResQNet,5.759587,5.235988,0.004809591370115673
B5-ResQNet,6.021386,5.235988,0.0001777375904291981
B5-ResQNet,6.283185,5.235988,0.0020481625383931097
B5-ResQNet,0.0,5.497787,0.0023820970430261383
B5-ResQNet,0.261799,5.497787,0.011167006999098708
B5-ResQNet,0.523599,5.497787,0.024538395859136797
B5-ResQNet,0.785398,5.497787,0.03930420805014636
B5-ResQNet,1.047198,5.497787,0.051826933434946224
B5-ResQNet,1.308997,5.497787,0.058976537439006486
B5-ResQNet,1.570796,5.497787,0.05895378931516227
B5-ResQNet,1.832596,5.497787,0.051764425295569606
B5-ResQNet,2.094395,5.497787,0.03921763604563324
B5-ResQNet,2.356194,5.497787,0.024449282037634426
B5-ResQNet,2.617994,5.497787,0.011097046629380726
B5-ResQNet,2.879793,5.497787,0.002347494132671188
B5-ResQNet,3.141593,5.497787,0.000108889140404152
B5-ResQNet,3.403392,5.497787,0.004529602898224037
B5-ResQNet,3.665191,5.497787,0.013989123680655155
B5-ResQNet,3.926991,5.497787,0.025561983259524832
B5-ResQNet,4.18879,5.497787,0.035828265941565594
B5-ResQNet,4.45059,5.497787,0.04181170999349202
B5-ResQNet,4.712389,5.497787,0.04179255654170768
B5-ResQNet,4.974188,5.497787,0.03577629684740753
B5-ResQNet,5.235988,5.497787,0.02549217645487464
B5-ResQNet,5.497787,5.497787,0.01392185869299453
B5-ResQNet,5.759587,5.497787,0.004485086034407555
B5-ResQNet,6.021386,5.497787,0.00010159047513054777
B5-ResQNet,6.283185,5.497787,0.002382097043026124
B5-ResQNet,0.0,5.759587,0.0023769957373787013
B5-ResQNet,0.261799,5.759587,0.011107698973667535
B5-ResQNet,0.523599,5.759587,0.024241196733260542
B5-ResQNet,0.785398,5.759587,0.03850806767416297
B5-ResQNet,1.047198,5.759587,0.050286738790561725
B5-ResQNet,1.308997,5.759587,0.056560169923262536
B5-ResQNet,1.570796,5.759587,0.05571479152957536
B5-ResQNet,1.832596,5.759587,0.04796826673599798
B5-ResQNet,2.094395,5.759587,0.03531177215545355
B5-ResQNet,2.356194,5.759587,0.020982222151569394
B5-ResQNet,2.617994,5.759587,0.008605461204718329
B5-ResQNet,2.879793,5.759587,0.001239288307650142
B5-ResQNet,3.141593,5.759587,0.000571741548455894
B5-ResQNet,3.403392,5.759587,0.0064882611495778765
B5-ResQNet,3.665191,5.759587,0.01712238232773401
B5-ResQNet,3.926991,5.759587,0.029375012124538892
B5-ResQNet,4.18879,5.759587,0.039761844739459026
B5-ResQNet,4.45059,5.759587,0.04536069150705412
B5-ResQNet,4.712389,5.759587,0.04460395469431279
B5-ResQNet,4.974188,5.759587,0.03770325665047868
B5-ResQNet,5.235988,5.759587,0.026592132293274
B5-ResQNet,5.497787,5.759587,0.014402181559450758
B5-ResQNet,5.759587,5.759587,0.004613438774982535
B5-ResQNet,6.021386,5.759587,0.00010733377175470575
B5-ResQNet,6.283185,5.759587,0.0023769957373786805
B5-ResQNet,0.0,6.021386,0.002034310224099816
B5-ResQNet,0.261799,6.021386,0.010322076234541554
B5-ResQNet,0.523599,6.021386,0.0229453509733043
B5-ResQNet,0.785398,6.021386,0.036612122706451984
B5-ResQNet,1.047198,6.021386,0.0477326298082726
B5-ResQNet,1.308997,6.021386,0.05337631153347577
B5-ResQNet,1.570796,6.021386,0.052053698537662396
B5-ResQNet,1.832596,6.021386,0.04411396456840543
B5-ResQNet,2.094395,6.021386,0.03165172133073293
B5-ResQNet,2.356194,6.021386,0.017948006527898897
B5-ResQNet,2.617994,6.021386,0.006595099394763705
B5-ResQNet,2.879793,6.021386,0.0005393983546912249
B5-ResQNet,3.141593,6.021386,0.0012984511874963127
B5-ResQNet,3.403392,6.021386,0.008561489839386935
B5-ResQNet,3.665191,6.021386,0.020280018272922164
B5-ResQNet,3.926991,6.021386,0.03322368171970213
B5-ResQNet,4.18879,6.021386,0.04385199718873881
B5-ResQNet,4.45059,6.021386,0.049267945981131725
B5-ResQNet,4.712389,6.021386,0.04799757837550389
B5-ResQNet,4.974188,6.021386,0.04038650768242846
B5-ResQNet,5.235988,6.021386,0.028506947747803168
B5-ResQNet,5.497787,6.021386,0.015600227370708885
B5-ResQNet,5.759587,6.021386,0.005204311932987436
B5-ResQNet,6.021386,6.021386,0.00020038245546384934
B5-ResQNet,6.283185,6.021386,0.002034310224099806
B5-ResQNet,0.0,6.283185,0.001451777959024322
B5-ResQNet,0.261799,6.283185,0.008939015098937962
B5-ResQNet,0.523599,6.283185,0.02081642994409473
B5-ResQNet,0.785398,6.283185,0.03382322422832292
B5-ResQNet,1.047198,6.283185,0.04441187691338767
B5-ResQNet,1.308997,6.283185,0.04970294938634181
B5-ResQNet,1.570796,6.283185,0.048259505775443544
B5-ResQNet,1.832596,6.283185,0.040473447019165734
B5-ResQNet,2.094395,6.283185,0.02846015163056727
B5-ResQNet,2.356194,6.283185,0.015489677910301359
B5-ResQNet,2.617994,6.283185,0.005107071710191557
B5-ResQNet,2.879793,6.283185,0.00017772991574340906
B5-ResQNet,3.141593,6.283185,0.002113937050746793
B5-ResQNet,3.403392,6.283185,0.010490211156890928
B5-ResQNet,3.665191,6.283185,0.023150951520401003
B5-ResQNet,3.926991,6.283185,0.03678197753553659
B5-ResQNet,4.18879,6.283185,0.047793227803193714
B5-ResQNet,4.45059,6.283185,0.05327646438354588
B5-ResQNet,4.712389,6.283185,0.05178165573849891
B5-ResQNet,4.974188,6.283185,0.04370420324871884
B5-ResQNet,5.235988,6.283185,0.03117934342865063
B5-ResQNet,5.497787,6.283185,0.017511996849552614
B5-ResQNet,5.759587,6.283185,0.006294700096940903
B5-ResQNet,6.021386,6.283185,0.0004497328380824527
B5-ResQNet,6.283185,6.283185,0.0014517779590243081
B6-Global,0.0,0.0,2.2173401489590592e-07
B6-Global,0.261799,0.0,3.0466347177385626e-07
B6-Global,0.523599,0.0,4.0096191999418135e-07
B6-Global,0.785398,0.0,5.028312650747217e-07
B6-Global,1.047198,0.0,5.997925469051807e-07
B6-Global,1.308997,0.0,6.803477282029838e-07
B6-Global,1.570796,0.0,7.340736149803218e-07
B6-Global,1.832596,0.0,7.536541050543189e-07
B6-Global,2.094395,0.0,7.363580614685694e-07
B6-Global,2.356194,0.0,6.845996953872033e-07
B6-Global,2.617994,0.0,6.054429865137139e-07
B6-Global,2.879793,0.0,5.091726199072378e-07
B6-Global,3.141593,0.0,4.072827534638875e-07
B6-Global,3.403392,0.0,3.103717849859947e-07
B6-Global,3.665191,0.0,2.2644079573849585e-07
B6-Global,3.926991,0.0,1.5997402955943268e-07
B6-Global,4.18879,0.0,1.1196435413233791e-07
B6-Global,4.45059,0.0,8.079326333583455e-08
B6-Global,4.712389,0.0,6.365152398900644e-08
B6-Global,4.974188,0.0,5.8052545514952166e-08
B6-Global,5.235988,0.0,6.298113012785537e-08
B6-Global,5.497787,0.0,7.93369173078995e-08
B6-Global,5.759587,0.0,1.0954201977799578e-07
B6-Global,6.021386,0.0,1.5642829588306032e-07
B6-Global,6.283185,0.0,2.2173401489593445e-07
B6-Global,0.0,0.261799,9.684987801290582e-08
B6-Global,0.261799,0.261799,1.6536410672173688e-07
B6-Global,0.523599,0.261799,2.623189612727054e-07
B6-Global,0.785398,0.261799,3.851182627178684e-07
B6-Global,1.047198,0.261799,5.248806118505387e-07
B6-Global,1.308997,0.261799,6.671820542010215e-07
B6-Global,1.570796,0.261799,7.94351833971462e-07
B6-Global,1.832596,0.261799,8.888130253193583e-07
B6-Global,2.094395,0.261799,9.366679362418232e-07
B6-Global,2.356194,0.261799,9.306441994789634e-07
B6-Global,2.617994,0.261799,8.71665152485045e-07
B6-Global,2.879793,0.261799,7.686495011900543e-07
B6-Global,3.141593,0.261799,6.365907396540293e-07
B6-Global,3.403392,0.261799,4.933989697472458e-07
B6-Global,3.665191,0.261799,3.562927918705428e-07
B6-Global,3.926991,0.261799,2.3862689963201293e-07
B6-Global,4.18879,0.261799,1.479071993868315e-07
B6-Global,4.45059,0.261799,8.541670744081913e-08
B6-Global,4.712389,0.261799,4.744089988373362e-08
B6-Global,4.974188,0.261799,2.765724973362658e-08
B6-Global,5.235988,0.261799,1.9953662136961746e-08
B6-Global,5.497787,0.261799,2.0843989693246877e-08
B6-Global,5.759587,0.261799,3.078038779951863e-08
B6-Global,6.021386,0.261799,5.398508869014743e-08
B6-Global,6.283185,0.261799,9.684987801287693e-08
B6-Global,0.0,0.523599,2.9620555810929126e-08
B6-Global,0.261799,0.523599,7.843553047492054e-08
B6-Global,0.523599,0.523599,1.6542567179379768e-07
B6-Global,0.785398,0.523599,2.953495823502679e-07
B6-Global,1.047198,0.523599,4.636939302280382e-07
B6-Global,1.308997,0.523599,6.558179198757594e-07
B6-Global,1.570796,0.523599,8.488000100772649e-07
B6-Global,1.832596,0.523599,1.015633546902184e-06
B6-Global,2.094395,0.523599,1.130779723820633e-06
B6-Global,2.356194,0.523599,1.1757046822084445e-06
B6-Global,2.617994,0.523599,1.1430060925148757e-06
B6-Global,2.879793,0.523599,1.0380807160356849e-06
B6-Global,3.141593,0.523599,8.779076526025493e-07
B6-Global,3.403392,0.523599,6.872576751910524e-07
B6-Global,3.665191,0.523599,4.932926413982051e-07
B6-Global,3.926991,0.523599,3.1991778469018667e-07
B6-Global,4.18879,0.523599,1.8328908291486205e-07
B6-Global,4.45059,0.523599,8.954914986297717e-08
B6-Global,4.712389,0.523599,3.525759823787667e-08
B6-Global,4.974188,0.523599,1.0259064160532832e-08
B6-Global,5.235988,0.523599,2.0877797159112417e-09
B6-Global,5.497787,0.523599,6.137674796566736e-10
B6-Global,5.759587,0.523599,1.59671107099752e-09
B6-Global,6.021386,0.523599,8.138030954207463e-09
B6-Global,6.283185,0.523599,2.9620555810932672e-08
B6-Global,0.0,0.785398,3.9769698763643365e-09
B6-Global,0.261799,0.785398,3.2699738782079196e-08
B6-Global,0.523599,0.785398,1.0501852013811596e-07
B6-Global,0.785398,0.785398,2.3329552822761666e-07
B6-Global,1.047198,0.785398,4.183794185786714e-07
B6-Global,1.308997,0.785398,6.469776809639201e-07
B6-Global,1.570796,0.785398,8.927445330121909e-07
B6-Global,1.832596,0.785398,1.1209614012195617e-06
B6-Global,2.094395,0.785398,1.2957179729563086e-06
B6-Global,2.356194,0.785398,1.3878142569371157e-06
B6-Global,2.617994,0.785398,1.381383521963487e-06
B6-Global,2.879793,0.785398,1.2775433609619838e-06
B6-Global,3.141593,0.785398,1.0941374978672063e-06
B6-Global,3.403392,0.785398,8.616347078419745e-07
B6-Global,3.665191,0.785398,6.162373820054465e-07
B6-Global,3.926991,0.785398,3.9195956229528455e-07
B6-Global,4.18879,0.785398,2.136759331296282e-07
B6-Global,4.45059,0.785398,9.285688024309381e-08
B6-Global,4.712389,0.785398,2.6968833860733865e-08
B6-Global,4.974188,0.785398,2.5319867727504396e-09
B6-Global,5.235988,0.785398,8.539595165337357e-10
B6-Global,5.497787,0.785398,4.758487156439506e-09
B6-Global,5.759587,0.785398,4.3889609446663316e-09
B6-Global,6.021386,0.785398,4.499124474251026e-10
B6-Global,6.283185,0.785398,3.976969876367598e-09
B6-Global,0.0,1.047198,7.209380242116416e-11
B6-Global,0.261799,1.047198,1.3389766368304754e-08
B6-Global,0.523599,1.047198,7.280507589521588e-08
B6-Global,0.785398,1.047198,1.9654756193254263e-07
B6-Global,1.047198,1.047198,3.899098658400127e-07
B6-Global,1.308997,1.047198,6.412093127907854e-07
B6-Global,1.570796,1.047198,9.221835773947722e-07
B6-Global,1.832596,1.047198,1.1929007797843589e-06
B6-Global,2.094395,1.047198,1.4100498193362537e-06
B6-Global,2.356194,1.047198,1.5365537531558616e-06
B6-Global,2.617994,1.047198,1.5500660599218274e-06
B6-Global,2.879793,1.047198,1.448171251619976e-06
B6-Global,3.141593,1.047198,1.2489499744193809e-06
B6-Global,3.403392,1.047198,9.86762777199497e-07
B6-Global,3.665191,1.047198,7.043394548274291e-07
B6-Global,3.926991,1.047198,4.4320528470139347e-07
B6-Global,4.18879,1.047198,2.3488161626006223e-07
B6-Global,4.45059,1.047198,9.506000987455463e-08
B6-Global,4.712389,1.047198,2.213239358167254e-08
B6-Global,4.974188,1.047198,2.847158462037727e-10
B6-Global,5.235988,1.047198,6.143689139359678e-09
B6-Global,5.497787,1.047198,1.7031439408466392e-08
B6-Global,5.759587,1.047198,1.8480497176484926e-08
B6-Global,6.021386,1.047198,8.897464912985261e-09
B6-Global,6.283185,1.047198,7.209380242135287e-11
B6-Global,0.0,1.308997,1.4197493733059794e-09
B6-Global,0.261799,1.308997,7.947976667646237e-09
B6-Global,0.523599,1.308997,6.135412751263885e-08
B6-Global,0.785398,1.308997,1.8246093152425415e-07
B6-Global,1.047198,1.308997,3.7858443771185686e-07
B6-Global,1.308997,1.308997,6.388636624785219e-07
B6-Global,1.570796,1.308997,9.343296664763486e-07
B6-Global,1.832596,1.308997,1.2228891685155352e-06
B6-Global,2.094395,1.308997,1.4580766975229284e-06
B6-Global,2.356194,1.308997,1.5994023415245184e-06
B6-Global,2.617994,1.308997,1.621665713868676e-06
B6-Global,2.879793,1.308997,1.5208450932818984e-06
B6-Global,3.141593,1.308997,1.315042578754967e-06
B6-Global,3.403392,1.308997,1.040241032846365e-06
B6-Global,3.665191,1.308997,7.419683446545501e-07
B6-Global,3.926991,1.308997,4.6501357549941174e-07
B6-Global,4.18879,1.308997,2.4382001277363994e-07
B6-Global,4.45059,1.308997,9.596614147781688e-08
B6-Global,4.712389,1.308997,2.029661828862141e-08
B6-Global,4.974188,1.308997,1.0434863834533578e-11
B6-Global,5.235988,1.308997,9.689443203055468e-09
B6-Global,5.497787,1.308997,2.421176434509167e-08
B6-Global,5.759587,1.308997,2.701844853906746e-08
B6-Global,6.021386,1.308997,1.5413715655046633e-08
B6-Global,6.283185,1.308997,1.4197493733062408e-09
B6-Global,0.0,1.570796,5.068746917493295e-10
B6-Global,0.261799,1.570796,1.0599258365475398e-08
B6-Global,0.523599,1.570796,6.718152120061048e-08
B6-Global,0.785398,1.570796,1.897145948520334e-07
B6-Global,1.047198,1.570796,3.844479902228158e-07
B6-Global,1.308997,1.570796,6.400818621945988e-07
B6-Global,1.570796,1.570796,9.280089705932194e-07
B6-Global,1.832596,1.570796,1.2072615534069132e-06
B6-Global,2.094395,1.570796,1.4330228569724637e-06
B6-Global,2.356194,1.570796,1.5665907021794913e-06
B6-Global,2.617994,1.570796,1.5842627237316393e-06
B6-Global,2.879793,1.570796,1.4828636886002793e-06
B6-Global,3.141593,1.570796,1.280489987714341e-06
B6-Global,3.403392,1.570796,1.0122790597470578e-06
B6-Global,3.665191,1.570796,7.222951878312362e-07
B6-Global,3.926991,1.570796,4.5361721297728174e-07
B6-Global,4.18879,1.570796,2.391550325372097e-07
B6-Global,4.45059,1.570796,9.549480365639343e-08
B6-Global,4.712389,1.570796,2.124051926916142e-08
B6-Global,4.974188,1.570796,1.0648074898929386e-10
B6-Global,5.235988,1.570796,7.746786264196362e-09
B6-Global,5.497787,1.570796,2.0323842259675218e-08
B6-Global,5.759587,1.570796,2.2380605776884987e-08
B6-Global,6.021386,1.570796,1.180599781715801e-08
B6-Global,6.283185,1.570796,5.068746917493392e-10
B6-Global,0.0,1.832596,1.294037211652111e-09
B6-Global,0.261799,1.832596,2.4391394787040922e-08
B6-Global,0.523599,1.832596,9.213027414079507e-08
B6-Global,0.785398,1.832596,2.1901244459386732e-07
B6-Global,1.047198,1.832596,4.0748279938371215e-07
B6-Global,1.308997,1.832596,6.447907272426557e-07
B6-Global,1.570796,1.832596,9.038340372640083e-07
B6-Global,1.832596,1.832596,1.1479346259034443e-06
B6-Global,2.094395,1.832596,1.3384356901759119e-06
B6-Global,2.356194,1.832596,1.4432368353644902e-06
B6-Global,2.617994,1.832596,1.4441043331451586e-06
B6-Global,2.879793,1.832596,1.3408857330285873e-06
B6-Global,3.141593,1.832596,1.1515452598291037e-06
B6-Global,3.403392,1.832596,9.080108839510119e-07
B6-Global,3.665191,1.832596,6.48900821914959e-07
B6-Global,3.926991,1.832596,4.109910582543181e-07
B6-Global,4.18879,1.832596,2.2158645366911207e-07
B6-Global,4.45059,1.832596,9.36879509052541e-08
B6-Global,4.712389,1.832596,2.5081573770825458e-08
B6-Global,4.974188,1.832596,1.4180034342527577e-09
B6-Global,5.235988,1.832596,2.288121843951351e-09
B6-Global,5.497787,1.832596,8.514569863081663e-09
B6-Global,5.759587,1.832596,8.581321877700323e-09
B6-Global,6.021386,1.832596,2.390496899075286e-09
B6-Global,6.283185,1.832596,1.2940372116499426e-09
B6-Global,0.0,2.094395,1.7900966121055456e-08
B6-Global,0.261799,2.094395,6.012229823487388e-08
B6-Global,0.523599,2.094395,1.4264473101973978e-07
B6-Global,0.785398,2.094395,2.727142776296601e-07
B6-Global,1.047198,2.094395,4.4750744798044844e-07
B6-Global,1.308997,2.094395,6.527051085739014e-07
B6-Global,1.570796,2.094395,8.641133332445643e-07
B6-Global,1.832596,2.094395,1.0520479524779357e-06
B6-Global,2.094395,2.094395,1.1874509532816178e-06
B6-Global,2.356194,2.094395,1.2482250643412345e-06
B6-Global,2.617994,2.094395,1.2241880958548155e-06
B6-Global,2.879793,2.094395,1.1193853953000903e-06
B6-Global,3.141593,2.094395,9.511691382261393e-07
B6-Global,3.403392,2.094395,7.462800329340815e-07
B6-Global,3.665191,2.094395,5.349315126225082e-07
B6-Global,3.926991,2.094395,3.443964102544367e-07
B6-Global,4.18879,2.094395,1.9369991274913412e-07
B6-Global,4.45059,2.094395,9.070446957573267e-08
B6-Global,4.712389,2.094395,3.22190052772591e-08
B6-Global,4.974188,2.094395,6.952159222129838e-09
B6-Global,5.235988,2.094395,3.752459451630324e-10
B6-Global,5.497787,2.094395,6.669064378469179e-11
B6-Global,5.759587,2.094395,6.986284649941102e-12
B6-Global,6.021386,2.094395,2.6074694193954205e-09
B6-Global,6.283185,2.094395,1.790096612105209e-08
B6-Global,0.0,2.356194,6.98465722791209e-08
B6-Global,0.261799,2.356194,1.324590097532943e-07
B6-Global,0.523599,2.356194,2.2714906405392673e-07
B6-Global,0.785398,2.356194,3.535076857460375e-07
B6-Global,1.047198,2.356194,5.038171770506467e-07
B6-Global,1.308997,2.356194,6.633377454170916e-07
B6-Global,1.570796,2.356194,8.125168159360479e-07
B6-Global,1.832596,2.356194,9.306477110822122e-07
B6-Global,2.094395,2.356194,1.000105060304987e-06
B6-Global,2.356194,2.356194,1.0101115387552427e-06
B6-Global,2.617994,2.356194,9.590917879916954e-07
B6-Global,2.879793,2.356194,8.550191688307713e-07
B6-Global,3.141593,2.356194,7.136675700758063e-07
B6-Global,3.403392,2.356194,5.55210239986576e-07
B6-Global,3.665191,2.356194,4.000207290129012e-07
B6-Global,3.926991,2.356194,2.647188671476308e-07
B6-Global,4.18879,2.356194,1.5941868615194874e-07
B6-Global,4.45059,2.356194,8.679977022736029e-08
B6-Global,4.712389,2.356194,4.3129466690437193e-08
B6-Global,4.974188,2.356194,2.084346415917013e-08
B6-Global,5.235988,2.356194,1.1885571609570392e-08
B6-Global,5.497787,2.356194,1.0822333332318674e-08
B6-Global,5.759587,2.356194,1.68327737870853e-08
B6-Global,6.021386,2.356194,3.400374050610349e-08
B6-Global,6.283185,2.356194,6.984657227911538e-08
B6-Global,0.0,2.617994,1.7518544288048263e-07
B6-Global,0.261799,2.617994,2.5435568589131506e-07
B6-Global,0.523599,2.617994,3.5229352056531e-07
B6-Global,0.785398,2.617994,4.6252415135394385e-07
B6-Global,1.047198,2.617994,5.746898917601211e-07
B6-Global,1.308997,2.617994,6.760185134899541e-07
B6-Global,1.570796,2.617994,7.535677814908934e-07
B6-Global,1.832596,2.617994,7.967250168223686e-07
B6-Global,2.094395,2.617994,7.993579194556684e-07
B6-Global,2.356194,2.617994,7.610875553928816e-07
B6-Global,2.617994,2.617994,6.873676378737071e-07
B6-Global,2.879793,2.617994,5.883503758967943e-07
B6-Global,3.141593,2.617994,4.768204891675094e-07
B6-Global,3.403392,2.617994,3.6570637963697635e-07
B6-Global,3.665191,2.617994,2.6577149600647917e-07
B6-Global,3.926991,2.617994,1.840257414799004e-07
B6-Global,4.18879,2.617994,1.231943029634163e-07
B6-Global,4.45059,2.617994,8.229442401538217e-08
B6-Global,4.712389,2.617994,5.807650686056695e-08
B6-Global,4.974188,2.617994,4.686313804881714e-08
B6-Global,5.235988,2.617994,4.6227284371893156e-08
B6-Global,5.497787,2.617994,5.6012772172662564e-08
B6-Global,5.759587,2.617994,7.839838780223455e-08
B6-Global,6.021386,2.617994,1.1698690699730067e-07
B6-Global,6.283185,2.617994,1.751854428804596e-07
B6-Global,0.0,2.879793,3.4349119704152766e-07
B6-Global,0.261799,2.879793,4.313788488884572e-07
B6-Global,0.523599,2.879793,5.191762171959286e-07
B6-Global,0.785398,2.879793,5.974834475953442e-07
B6-Global,1.047198,2.879793,6.569367209950381e-07
B6-Global,1.308997,2.879793,6.899254970404145e-07
B6-Global,1.570796,2.879793,6.920647637130533e-07
B6-Global,1.832596,2.879793,6.630664443113512e-07
B6-Global,2.094395,2.879793,6.067971556816308e-07
B6-Global,2.356194,2.879793,5.305081656651816e-07
B6-Global,2.617994,2.879793,4.434257536066593e-07
B6-Global,2.879793,2.879793,3.550433400011063e-07
B6-Global,3.141593,2.879793,2.73520921724246e-07
B6-Global,3.403392,2.879793,2.0455640607269804e-07
B6-Global,3.665191,2.879793,1.5095918151779568e-07
B6-Global,3.926991,2.879793,1.1296520152873546e-07
B6-Global,4.18879,2.879793,8.9136382305241e-08
B6-Global,4.45059,2.879793,7.753772047469847e-08
B6-Global,4.712389,2.879793,7.682276422566963e-08
B6-Global,4.974188,2.879793,8.689794743194872e-08
B6-Global,5.235988,2.879793,1.0896709230904112e-07
B6-Global,5.497787,2.879793,1.44942831915214e-07
B6-Global,5.759587,2.879793,1.9640078979750115e-07
B6-Global,6.021386,2.879793,2.633930891882284e-07
B6-Global,6.283185,2.879793,3.4349119704148483e-07
B6-Global,0.0,3.141593,5.707152971517319e-07
B6-Global,0.261799,3.141593,6.576106230210411e-07
B6-Global,0.523599,3.141593,7.206888909557692e-07
B6-Global,0.785398,3.141593,7.514693441960647e-07
B6-Global,1.047198,3.141593,7.456796324448234e-07
B6-Global,1.308997,3.141593,7.04129678147108e-07
B6-Global,1.570796,3.141593,6.325451853906526e-07
B6-Global,1.832596,3.141593,5.404019592569516e-07
B6-Global,2.094395,3.141593,4.3904826497588133e-07
B6-Global,2.356194,3.141593,3.3957326635993395e-07
B6-Global,2.617994,3.141593,2.5093073345018276e-07
B6-Global,2.879793,3.141593,1.787461452187585e-07
B6-Global,3.141593,3.141593,1.250446186959184e-07
B6-Global,3.403392,3.141593,8.888838396914697e-08
B6-Global,3.665191,3.141593,6.767257204139894e-08
B6-Global,3.926991,3.141593,5.866092839253089e-08
B6-Global,4.18879,3.141593,6.029286836925968e-08
B6-Global,4.45059,3.141593,7.287254111593954e-08
B6-Global,4.712389,3.141593,9.843680609091862e-08
B6-Global,4.974188,3.141593,1.3984094108211522e-07
B6-Global,5.235988,3.141593,1.9933217935608004e-07
B6-Global,5.497787,3.141593,2.770383683806804e-07
B6-Global,5.759587,3.141593,3.698386730649053e-07
B6-Global,6.021386,3.141593,4.709935428473849e-07
B6-Global,6.283185,3.141593,5.707152971517007e-07
B6-Global,0.0,3.403392,8.374744397413723e-07
B6-Global,0.261799,3.403392,9.144052229558331e-07
B6-Global,0.523599,3.403392,9.40858641712225e-07
B6-Global,0.785398,3.403392,9.127897389297905e-07
B6-Global,1.047198,3.403392,8.344890759241814e-07
B6-Global,1.308997,3.403392,7.176532317396306e-07
B6-Global,1.570796,3.403392,5.788834048858742e-07
B6-Global,1.832596,3.403392,4.362392483019924e-07
B6-Global,2.094395,3.403392,3.057030423607262e-07
B6-Global,2.356194,3.403392,1.9841281408411985e-07
B6-Global,2.617994,3.403392,1.1930250324690705e-07
B6-Global,2.879793,3.403392,6.740282853825639e-08
B6-Global,3.141593,3.403392,3.761163821234956e-08
B6-Global,3.403392,3.403392,2.3356434090659128e-08
B6-Global,3.665191,3.403392,1.9347367944154952e-08
B6-Global,3.926991,3.403392,2.3615450696877443e-08
B6-Global,4.18879,3.403392,3.8247531539498325e-08
B6-Global,4.45059,3.403392,6.860697660153112e-08
B6-Global,4.712389,3.403392,1.2126386868250168e-07
B6-Global,4.974188,3.403392,2.0123244617350317e-07
B6-Global,5.235988,3.403392,3.093242995050023e-07
B6-Global,5.497787,3.403392,4.4041534781130534e-07
B6-Global,5.759587,3.403392,5.831942408115057e-07
B6-Global,6.021386,3.403392,7.215703146426059e-07
B6-Global,6.283185,3.403392,8.374744397414149e-07
B6-Global,0.0,3.665191,1.111416057070184e-06
B6-Global,0.261799,3.665191,1.17252469747359e-06
B6-Global,0.523599,3.665191,1.1565367038290207e-06
B6-Global,0.785398,3.665191,1.0660945165672144e-06
B6-Global,1.047198,3.665191,9.159244676611115e-07
B6-Global,1.308997,3.665191,7.295387976671171e-07
B6-Global,1.570796,3.665191,5.340753988597486e-07
B6-Global,1.832596,3.665191,3.545802936550354e-07
B6-Global,2.094395,3.665191,2.0915894735051594e-07
B6-Global,2.356194,3.665191,1.0616869929125822e-07
B6-Global,2.617994,3.665191,4.4065318309434966e-08
B6-Global,2.879793,3.665191,1.38026472969678e-08
B6-Global,3.141593,3.665191,3.0070203906720256e-09
B6-Global,3.403392,3.665191,6.88626917714651e-10
B6-Global,3.665191,3.665191,1.1322910544453806e-09
B6-Global,3.926991,3.665191,5.860662908522435e-09
B6-Global,4.18879,3.665191,2.3114358125803397e-08
B6-Global,4.45059,3.665191,6.499596578162178e-08
B6-Global,4.712389,3.665191,1.4308734040802602e-07
B6-Global,4.974188,3.665191,2.637921986822852e-07
B6-Global,5.235988,3.665191,4.247578744946627e-07
B6-Global,5.497787,3.665191,6.134619379615621e-07
B6-Global,5.759587,3.665191,8.08481672632358e-07
B6-Global,6.021386,3.665191,9.832484059829738e-07
B6-Global,6.283185,3.665191,1.1114160570702093e-06
B6-Global,0.0,3.926991,1.3532208350071633e-06
B6-Global,0.261799,3.926991,1.397276587882181e-06
B6-Global,0.523599,3.926991,1.3411583248242272e-06
B6-Global,0.785398,3.926991,1.1945889268990702e-06
B6-Global,1.047198,3.926991,9.824132655915376e-07
B6-Global,1.308997,3.926991,7.389243030160826e-07
B6-Global,1.570796,3.926991,5.002117018101616e-07
B6-Global,1.832596,3.926991,2.964783585094804e-07
B6-Global,2.094395,3.926991,1.4624824676309894e-07
B6-Global,2.356194,3.926991,5.3860786241373155e-08
B6-Global,2.617994,3.926991,1.0755620467531459e-08
B6-Global,2.879793,3.926991,3.675382126416754e-11
B6-Global,3.141593,3.926991,2.9383671285455413e-09
B6-Global,3.403392,3.926991,5.32769298262699e-09
B6-Global,3.665191,3.926991,2.4020197867952654e-09
B6-Global,3.926991,3.926991,2.592415125367909e-10
B6-Global,4.18879,3.926991,1.3901794192050578e-08
B6-Global,4.45059,3.926991,6.223350183869226e-08
B6-Global,4.712389,3.926991,1.614569306705009e-07
B6-Global,4.974188,3.926991,3.1874519524213946e-07
B6-Global,5.235988,3.926991,5.2801924324229e-07
B6-Global,5.497787,3.926991,7.691188799635432e-07
B6-Global,5.759587,3.926991,1.0107571543653218e-06
B6-Global,6.021386,3.926991,1.2166332759402756e-06
B6-Global,6.283185,3.926991,1.3532208350071753e-06
B6-Global,0.0,4.18879,1.5248155831270754e-06
B6-Global,0.261799,4.18879,1.5554606403737161e-06
B6-Global,0.523599,4.18879,1.4697327683604597e-06
B6-Global,0.785398,4.18879,1.2828788685513361e-06
B6-Global,1.047198,4.18879,1.0273090478686367e-06
B6-Global,1.308997,4.18879,7.451156687598785e-07
B6-Global,1.570796,4.18879,4.785929899635681e-07
B6-Global,1.832596,4.18879,2.6117510444915265e-07
B6-Global,2.094395,4.18879,1.1106560567158472e-07
B6-Global,2.356194,4.18879,2.908951924726507e-08
B6-Global,2.617994,4.18879,1.1570575526108587e-09
B6-Global,2.879793,4.18879,4.4960701744916245e-09
B6-Global,3.141593,4.18879,1.5815762622182947e-08
B6-Global,3.403392,4.18879,1.9073703702649856e-08
B6-Global,3.665191,4.18879,1.0660946258214736e-08
B6-Global,3.926991,4.18879,5.55494463625369e-10
B6-Global,4.18879,4.18879,9.122340600098413e-09
B6-Global,4.45059,4.18879,6.045336977789274e-08
B6-Global,4.712389,4.18879,1.7411370348557535e-07
B6-Global,4.974188,4.18879,3.5762859067296103e-07
B6-Global,5.235988,4.18879,6.018787189079742e-07
B6-Global,5.497787,4.18879,8.808141569361017e-07
B6-Global,5.759587,4.18879,1.1557495931769886e-06
B6-Global,6.021386,4.18879,1.3832729304859701e-06
B6-Global,6.283185,4.18879,1.524815583127033e-06
B6-Global,0.0,4.45059,1.597754113851948e-06
B6-Global,0.261799,4.45059,1.6224232939072593e-06
B6-Global,0.523599,4.45059,1.5238713940478433e-06
B6-Global,0.785398,4.45059,1.3197984627917445e-06
B6-Global,1.047198,4.45059,1.0459112538530681e-06
B6-Global,1.308997,4.45059,7.476487059188261e-07
B6-Global,1.570796,4.45059,4.6991128828111924e-07
B6-Global,1.832596,4.45059,2.474164255798624e-07
B6-Global,2.094395,4.45059,9.810162387515728e-08
B6-Global,2.356194,4.45059,2.1158540741415218e-08
B6-Global,2.617994,4.45059,3.119944441062506e-11
B6-Global,2.879793,4.45059,9.385415360952935e-09
B6-Global,3.141593,4.45059,2.4009344582447374e-08
B6-Global,3.403392,4.45059,2.7116311888885893e-08
B6-Global,3.665191,4.45059,1.571973373580396e-08
B6-Global,3.926991,4.45059,1.5801674978367155e-09
B6-Global,4.18879,4.45059,7.46072194277383e-09
B6-Global,4.45059,4.45059,5.973462502128743e-08
B6-Global,4.712389,4.45059,1.7941386617766215e-07
B6-Global,4.974188,4.45059,3.7413258151719696e-07
B6-Global,5.235988,4.45059,6.333958612344903e-07
B6-Global,5.497787,4.45059,9.285514418622444e-07
B6-Global,5.759587,4.45059,1.2176854376530514e-06
B6-Global,6.021386,4.45059,1.4543198665922756e-06
B6-Global,6.283185,4.45059,1.5977541138519928e-06
B6-Global,0.0,4.712389,1.559644565452636e-06
B6-Global,0.261799,4.712389,1.587455194016144e-06
B6-Global,0.523599,4.712389,1.4956202270153776e-06
B6-Global,0.785398,4.712389,1.3005506775514595e-06
B6-Global,1.047198,4.712389,1.0362252207661732e-06
B6-Global,1.308997,4.712389,7.463320721712346e-07
B6-Global,1.570796,4.712389,4.744121466203895e-07
B6-Global,1.832596,4.712389,2.5451859825702937e-07
B6-Global,2.094395,4.712389,1.0473697714547051e-07
B6-Global,2.356194,4.712389,2.5122041374225083e-08
B6-Global,2.617994,4.712389,4.1440953265060194e-10
B6-Global,2.879793,4.712389,6.622993449264573e-09
B6-Global,3.141593,4.712389,1.9539512542100026e-08
B6-Global,3.403392,4.712389,2.2761466794701962e-08
B6-Global,3.665191,4.712389,1.2969117214550059e-08
B6-Global,3.926991,4.712389,9.824081073704189e-10
B6-Global,4.18879,4.712389,8.303221603312214e-09
B6-Global,4.45059,4.712389,6.010752881108783e-08
B6-Global,4.712389,4.712389,1.7665012765338866e-07
B6-Global,4.974188,4.712389,3.655110932006704e-07
B6-Global,5.235988,4.712389,6.16920030893133e-07
B6-Global,5.497787,4.712389,9.035912252354419e-07
B6-Global,5.759587,4.712389,1.185303500366348e-06
B6-Global,6.021386,4.712389,1.417183757836974e-06
B6-Global,6.283185,4.712389,1.5596445654525814e-06
B6-Global,0.0,4.974188,1.416982397226185e-06
B6-Global,0.261799,4.974188,1.4561678227117557e-06
B6-Global,0.523599,4.974188,1.389144682040303e-06
B6-Global,0.785398,4.974188,1.227645435432744e-06
B6-Global,1.047198,4.974188,9.99292903180549e-07
B6-Global,1.308997,4.974188,7.41265327532545e-07
B6-Global,1.570796,4.974188,4.919706414631853e-07
B6-Global,1.832596,4.974188,2.828493164504734e-07
B6-Global,2.094395,4.974188,1.3235949178391746e-07
B6-Global,2.356194,4.974188,4.359185637333264e-08
B6-Global,2.617994,4.974188,5.978864351002306e-09
B6-Global,2.879793,4.974188,4.673844187168427e-10
B6-Global,3.141593,4.974188,6.6092347208489684e-09
B6-Global,3.403392,4.974188,9.53440770806544e-09
B6-Global,3.665191,4.974188,4.8366910960162565e-09
B6-Global,3.926991,4.974188,1.1704534853159638e-12
B6-Global,4.18879,4.974188,1.1974292046666765e-08
B6-Global,4.45059,4.974188,6.155650197167557e-08
B6-Global,4.712389,4.974188,1.661926346653941e-07
B6-Global,4.974188,4.974188,3.332033612053604e-07
B6-Global,5.235988,4.974188,5.554140431554175e-07
B6-Global,5.497787,4.974188,8.105164458161833e-07
B6-Global,5.759587,4.974188,1.0645088484974396e-06
B6-Global,6.021386,4.974188,1.2784656941527247e-06
B6-Global,6.283185,4.974188,1.416982397226133e-06
B6-Global,0.0,5.235988,1.1936631731898288e-06
B6-Global,0.261799,5.235988,1.2492460209930056e-06
B6-Global,0.523599,5.235988,1.2198454525233845e-06
B6-Global,0.785398,5.235988,1.1104075051270895e-06
B6-Global,1.047198,5.235988,9.390195444693944e-07
B6-Global,1.308997,5.235988,7.328295145990666e-07
B6-Global,1.570796,5.235988,5.220511754030698e-07
B6-Global,1.832596,5.235988,3.335744229401744e-07
B6-Global,2.094395,5.235988,1.8577653610968608e-07
B6-Global,2.356194,5.235988,8.578725945982498e-08
B6-Global,2.617994,5.235988,2.9791346549089108e-08
B6-Global,2.879793,5.235988,6.136688542990448e-09
B6-Global,3.141593,5.235988,2.730611968670774e-10
B6-Global,3.403392,5.235988,7.436045406938504e-11
B6-Global,3.665191,5.235988,2.1227750453593398e-11
B6-Global,3.926991,5.235988,3.059721183499115e-09
B6-Global,4.18879,5.235988,1.961212285228913e-08
B6-Global,4.45059,5.235988,6.401855169894064e-08
B6-Global,4.712389,5.235988,1.4941503307925132e-07
B6-Global,4.974188,5.235988,2.825076384817649e-07
B6-Global,5.235988,5.235988,4.597592264854702e-07
B6-Global,5.497787,5.235988,6.661479570987171e-07
B6-Global,5.759587,5.235988,8.769794289982987e-07
B6-Global,6.021386,5.235988,1.0624176880281014e-06
B6-Global,6.283185,5.235988,1.1936631731898966e-06
B6-Global,0.0,5.497787,9.255563750293573e-07
B6-Global,0.261799,5.497787,9.978932107587316e-07
B6-Global,0.523599,5.497787,1.0111266501496746e-06
B6-Global,0.785398,5.497787,9.631737408016017e-07
B6-Global,1.047198,5.497787,8.615355291181606e-07
B6-Global,1.308997,5.497787,7.216516113186872e-07
B6-Global,1.570796,5.497787,5.635668668262895e-07
B6-Global,1.832596,5.497787,4.0774874516395216e-07
B6-Global,2.094395,5.497787,2.710948805381339e-07
B6-Global,2.356194,5.497787,1.640991233670349e-07
B6-Global,2.617994,5.497787,8.9819922805554e-08
B6-Global,2.879793,5.497787,4.4806163561675925e-08
B6-Global,3.141593,5.497787,2.1613437344873538e-08
B6-Global,3.403392,5.497787,1.2128054685794355e-08
B6-Global,3.665191,5.497787,1.0717542020565565e-08
B6-Global,3.926991,5.497787,1.629690808120491e-08
B6-Global,4.18879,5.497787,3.271906316842398e-08
B6-Global,4.45059,5.497787,6.737798461013099e-08
B6-Global,4.712389,5.497787,1.2842374578074628e-07
B6-Global,4.974188,5.497787,2.213904143727298e-07
B6-Global,5.235988,5.497787,3.462213522728838e-07
B6-Global,5.497787,5.497787,4.95590652731471e-07
B6-Global,5.759587,5.497787,6.550859098890728e-07
B6-Global,6.021386,5.497787,8.053246654907975e-07
B6-Global,6.283185,5.497787,9.255563750293557e-07
B6-Global,0.0,5.759587,6.525276323821266e-07
B6-Global,0.261799,5.759587,7.371224545432587e-07
B6-Global,0.523599,5.759587,7.896211943448499e-07
B6-Global,0.785398,5.759587,8.026152998363612e-07
B6-Global,1.047198,5.759587,7.742365848703553e-07
B6-Global,1.308997,5.759587,7.085478456751716e-07
B6-Global,1.570796,5.759587,6.146955687355102e-07
B6-Global,1.832596,5.759587,5.050353149195204e-07
B6-Global,2.094395,5.759587,3.926928160988704e-07
B6-Global,2.356194,5.759587,2.891548775048632e-07
B6-Global,2.617994,5.759587,2.0246009788002349e-07
B6-Global,2.879793,5.759587,1.363877494843899e-07
B6-Global,3.141593,5.759587,9.077064620716713e-08
B6-Global,3.403392,5.759587,6.275783495788083e-08
B6-Global,3.665191,5.759587,4.8605775733558256e-08
B6-Global,3.926991,5.759587,4.5448058391651415e-08
B6-Global,4.18879,5.759587,5.2517216818562405e-08
B6-Global,4.45059,5.759587,7.146033325145918e-08
B6-Global,4.712389,5.759587,1.0565637307463804e-07
B6-Global,4.974188,5.759587,1.587346159787692e-07
B6-Global,5.235988,5.759587,2.32730434222046e-07
B6-Global,5.497787,5.759587,3.264319846665187e-07
B6-Global,5.759587,5.759587,4.3443632083049734e-07
B6-Global,6.021386,5.759587,5.472542919883623e-07
B6-Global,6.283185,5.759587,6.525276323821534e-07
B6-Global,0.0,6.021386,4.0993569192520177e-07
B6-Global,0.261799,6.021386,4.985784277130673e-07
B6-Global,0.523599,6.021386,5.800508204094923e-07
B6-Global,0.785398,6.021386,6.44823039762875e-07
B6-Global,1.047198,6.021386,6.847129777790574e-07
B6-Global,1.308997,6.021386,6.944534752780234e-07
B6-Global,1.570796,6.021386,6.727341991142615e-07
B6-Global,1.832596,6.021386,6.224641775686339e-07
B6-Global,2.094395,6.021386,5.501906834827944e-07
B6-Global,2.356194,6.021386,4.648166573697588e-07
B6-Global,2.617994,6.021386,3.759281863083737e-07
B6-Global,2.879793,6.021386,2.92131598531883e-07
B6-Global,3.141593,6.021386,2.1978402735461473e-07
B6-Global,3.403392,6.021386,1.6238694468909163e-07
B6-Global,3.665191,6.021386,1.2073041291751714e-07
B6-Global,3.926991,6.021386,9.367563451065038e-08
B6-Global,4.18879,6.021386,7.929835962040729e-08
B6-Global,4.45059,6.021386,7.60296499454988e-08
B6-Global,4.712389,6.021386,8.344572831046051e-08
B6-Global,4.974188,6.021386,1.0247009673371219e-07
B6-Global,5.235988,6.021386,1.349277298947291e-07
B6-Global,5.497787,6.021386,1.8258431506119656e-07
B6-Global,5.759587,6.021386,2.4596012299662673e-07
B6-Global,6.021386,6.021386,3.2328492294911003e-07
B6-Global,6.283185,6.021386,4.0993569192519023e-07
B6-Global,0.0,6.283185,2.217340148958901e-07
B6-Global,0.261799,6.283185,3.046634717738664e-07
B6-Global,0.523599,6.283185,4.009619199941748e-07
B6-Global,0.785398,6.283185,5.028312650746993e-07
B6-Global,1.047198,6.283185,5.997925469052152e-07
B6-Global,1.308997,6.283185,6.803477282029416e-07
B6-Global,1.570796,6.283185,7.340736149803262e-07
B6-Global,1.832596,6.283185,7.536541050543097e-07
B6-Global,2.094395,6.283185,7.363580614686298e-07
B6-Global,2.356194,6.283185,6.845996953871387e-07
B6-Global,2.617994,6.283185,6.054429865136843e-07
B6-Global,2.879793,6.283185,5.09172619907271e-07
B6-Global,3.141593,6.283185,4.0728275346387226e-07
B6-Global,3.403392,6.283185,3.103717849859705e-07
B6-Global,3.665191,6.283185,2.2644079573849428e-07
B6-Global,3.926991,6.283185,1.5997402955941187e-07
B6-Global,4.18879,6.283185,1.1196435413232155e-07
B6-Global,4.45059,6.283185,8.079326333582349e-08
B6-Global,4.712389,6.283185,6.36515239889929e-08
B6-Global,4.974188,6.283185,5.805254551493325e-08
B6-Global,5.235988,6.283185,6.298113012785646e-08
B6-Global,5.497787,6.283185,7.933691730790081e-08
B6-Global,5.759587,6.283185,1.0954201977798265e-07
B6-Global,6.021386,6.283185,1.5642829588306998e-07
B6-Global,6.283185,6.283185,2.2173401489592985e-07
B7-Glob96,0.0,0.0,0.00019096745280106848
B7-Glob96,0.261799,0.0,0.0001769622611980662
B7-Glob96,0.523599,0.0,0.00014341045378296074
B7-Glob96,0.785398,0.0,9.855790323298631e-05
B7-Glob96,1.047198,0.0,5.3274492053791686e-05
B7-Glob96,1.308997,0.0,1.8219792599944014e-05
B7-Glob96,1.570796,0.0,1.0872994619124158e-06
B7-Glob96,1.832596,0.0,4.658774002474085e-06
B7-Glob96,2.094395,0.0,2.618214557914247e-05
B7-Glob96,2.356194,0.0,5.823125953913948e-05
B7-Glob96,2.617994,0.0,9.080876642175004e-05
B7-Glob96,2.879793,0.0,0.00011412098025271529
B7-Glob96,3.141593,0.0,0.0001212746374313921
B7-Glob96,3.403392,0.0,0.00011016801777482423
B7-Glob96,3.665191,0.0,8.406669961274167e-05
B7-Glob96,3.926991,0.0,5.0708817092304505e-05
B7-Glob96,4.18879,0.0,2.0180910088775127e-05
B7-Glob96,4.45059,0.0,2.136987731781014e-06
B7-Glob96,4.712389,0.0,3.1112882642762013e-06
B7-Glob96,4.974188,0.0,2.465162498328303e-05
B7-Glob96,5.235988,0.0,6.278137898380382e-05
B7-Glob96,5.497787,0.0,0.00010894269809421673
B7-Glob96,5.759587,0.0,0.0001521765093943317
B7-Glob96,6.021386,0.0,0.00018196291737420815
B7-Glob96,6.283185,0.0,0.00019096745280106718
B7-Glob96,0.0,0.261799,0.00019762205714640629
B7-Glob96,0.261799,0.261799,0.0001818496865995884
B7-Glob96,0.523599,0.261799,0.00014614781744303016
B7-Glob96,0.785398,0.261799,9.929990601846922e-05
B7-Glob96,1.047198,0.261799,5.2667619512331926e-05
B7-Glob96,1.308997,0.261799,1.7227664232431905e-05
B7-Glob96,1.570796,0.261799,7.340609143667948e-07
B7-Glob96,1.832596,0.261799,5.759181454366181e-06
B7-Glob96,2.094395,0.261799,2.913035909992581e-05
B7-Glob96,2.356194,0.261799,6.29044537583521e-05
B7-Glob96,2.617994,0.261799,9.661075725032547e-05
B7-Glob96,2.879793,0.261799,0.00012015344764925337
B7-Glob96,3.141593,0.261799,0.00012658928316001435
B7-Glob96,3.403392,0.261799,0.00011403131214119949
B7-Glob96,3.665191,0.261799,8.616555265682105e-05
B7-Glob96,3.926991,0.261799,5.124144312424256e-05
B7-Glob96,4.18879,0.261799,1.980806333596174e-05
B7-Glob96,4.45059,0.261799,1.8063392243537027e-06
B7-Glob96,4.712389,0.261799,3.8019048889372135e-06
B7-Glob96,4.974188,0.261799,2.7107125914569566e-05
B7-Glob96,5.235988,0.261799,6.730357690994603e-05
B7-Glob96,5.497787,0.261799,0.0001153015032086607
B7-Glob96,5.759587,0.261799,0.00015966086601110465
B7-Glob96,6.021386,0.261799,0.0001895598550036848
B7-Glob96,6.283185,0.261799,0.0001976220571464042
B7-Glob96,0.0,0.523599,0.0001888366282311057
B7-Glob96,0.261799,0.523599,0.00017539362071368182
B7-Glob96,0.523599,0.523599,0.00014252943901709586
B7-Glob96,0.785398,0.523599,9.83181838942117e-05
B7-Glob96,1.047198,0.523599,5.3471787977281634e-05
B7-Glob96,1.308997,0.523599,1.854707211888433e-05
B7-Glob96,1.570796,0.523599,1.216532278467532e-06
B7-Glob96,1.832596,0.523599,4.3273681082337635e-06
B7-Glob96,2.094395,0.523599,2.5261006918621967e-05
B7-Glob96,2.356194,0.523599,5.675639473831163e-05
B7-Glob96,2.617994,0.523599,8.896816427780052e-05
B7-Glob96,2.879793,0.523599,0.00011220052359242036
B7-Glob96,3.141593,0.523599,0.0001195777914986531
B7-Glob96,3.403392,0.523599,0.00010893106737805015
B7-Glob96,3.665191,0.523599,8.339248225354759e-05
B7-Glob96,3.926991,0.523599,5.053690957774193e-05
B7-Glob96,4.18879,0.523599,2.0302410990265752e-05
B7-Glob96,4.45059,0.523599,2.2500306880022446e-06
B7-Glob96,4.712389,0.523599,2.9024428450985873e-06
B7-Glob96,4.974188,0.523599,2.38813386533611e-05
B7-Glob96,5.235988,0.523599,6.135046666405993e-05
B7-Glob96,5.497787,0.523599,0.00010692190664306016
B7-Glob96,5.759587,0.523599,0.0001497910316079784
B7-Glob96,6.021386,0.523599,0.0001795357684540196
B7-Glob96,6.283185,0.523599,0.00018883662823110633
B7-Glob96,0.0,0.785398,0.00016621790884412656
B7-Glob96,0.261799,0.785398,0.0001586228799668932
B7-Glob96,0.523599,0.785398,0.00013303079514808268
B7-Glob96,0.785398,0.785398,9.57042516484131e-05
B7-Glob96,1.047198,0.785398,5.5662942795052263e-05
B7-Glob96,1.308997,0.785398,2.2333754926970544e-05
B7-Glob96,1.570796,0.785398,3.113580186053973e-06
B7-Glob96,1.832596,0.785398,1.49184005682177e-06
B7-Glob96,2.094395,0.785398,1.6228665444096966e-05
B7-Glob96,2.356194,0.785398,4.1801227078254754e-05
B7-Glob96,2.617994,0.785398,6.999084607188631e-05
B7-Glob96,2.879793,0.785398,9.217830916412233e-05
B7-Glob96,3.141593,0.785398,0.00010172601434397716
B7-Glob96,3.403392,0.785398,9.580370294300773e-05
B7-Glob96,3.665191,0.785398,7.616535870103886e-05
B7-Glob96,3.926991,0.785398,4.866784129749996e-05
B7-Glob96,4.18879,0.785398,2.166101217434282e-05
B7-Glob96,4.45059,0.785398,3.683479417418152e-06
B7-Glob96,4.712389,0.785398,1.0859452425979077e-06
B7-Glob96,4.974188,0.785398,1.62250256500321e-05
B7-Glob96,5.235988,0.785398,4.6718629323538156e-05
B7-Glob96,5.497787,0.785398,8.59701285925883e-05
B7-Glob96,5.759587,0.785398,0.00012482864757547464
B7-Glob96,6.021386,0.785398,0.00015394790510824522
B7-Glob96,6.283185,0.785398,0.00016621790884412715
B7-Glob96,0.0,1.047198,0.00013381839884804892
B7-Glob96,0.261799,1.047198,0.00013414721822989524
B7-Glob96,0.523599,1.047198,0.00011886938347329992
B7-Glob96,0.785398,1.047198,9.169755471453971e-05
B7-Glob96,1.047198,1.047198,5.91683559721822e-05
B7-Glob96,1.308997,1.047198,2.8941597495007287e-05
B7-Glob96,1.570796,1.047198,7.819825135656109e-06
B7-Glob96,1.832596,1.047198,1.3950941140854439e-08
B7-Glob96,2.094395,1.047198,6.113665760273631e-06
B7-Glob96,2.356194,1.047198,2.303178316295476e-05
B7-Glob96,2.617994,1.047198,4.4930452614476164e-05
B7-Glob96,2.879793,1.047198,6.487431686944594e-05
B7-Glob96,3.141593,1.047198,7.676159232318053e-05
B7-Glob96,3.403392,1.047198,7.701068263205896e-05
B7-Glob96,3.665191,1.047198,6.554687928089789e-05
B7-Glob96,3.926991,1.047198,4.5822922468681766e-05
B7-Glob96,4.18879,1.047198,2.3867876049006172e-05
B7-Glob96,4.45059,1.047198,6.620939264478629e-06
B7-Glob96,4.712389,1.047198,1.0456955317962104e-10
B7-Glob96,4.974188,1.047198,7.228069073343954e-06
B7-Glob96,5.235988,1.047198,2.786999236196721e-05
B7-Glob96,5.497787,1.047198,5.78476605302632e-05
B7-Glob96,5.759587,1.047198,9.043323624077477e-05
B7-Glob96,6.021386,1.047198,0.00011796306724750735
B7-Glob96,6.283185,1.047198,0.00013381839884804887
B7-Glob96,0.0,1.308997,9.718734442578842e-05
B7-Glob96,0.261799,1.308997,0.0001055864336295735
B7-Glob96,0.523599,1.308997,0.00010176897269966205
B7-Glob96,0.785398,1.308997,8.665272332324642e-05
B7-Glob96,1.047198,1.308997,6.385105874240188e-05
B7-Glob96,1.308997,1.308997,3.873454506456506e-05
B7-Glob96,1.570796,1.308997,1.7042272320137306e-05
B7-Glob96,1.832596,1.308997,3.411595362787871e-06
B7-Glob96,2.094395,1.308997,2.1563760380766447e-07
B7-Glob96,2.356194,1.308997,7.014590249426743e-06
B7-Glob96,2.617994,1.308997,2.076189008479562e-05
B7-Glob96,2.879793,1.308997,3.670401099683369e-05
B7-Glob96,3.141593,1.308997,4.972708266072849e-05
B7-Glob96,3.403392,1.308997,5.578454194991797e-05
B7-Glob96,3.665191,1.308997,5.301936772185972e-05
B7-Glob96,3.926991,1.308997,4.227761006400645e-05
B7-Glob96,4.18879,1.308997,2.6874527836997886e-05
B7-Glob96,4.45059,1.308997,1.1676485987593934e-05
B7-Glob96,4.712389,1.308997,1.7466470821376378e-06
B7-Glob96,4.974188,1.308997,9.207755465135225e-07
B7-Glob96,5.235988,1.308997,1.0699368463463607e-05
B7-Glob96,5.497787,1.308997,2.9758422852111682e-05
B7-Glob96,5.759587,1.308997,5.421586982459716e-05
B7-Glob96,6.021386,1.308997,7.858830443980025e-05
B7-Glob96,6.283185,1.308997,9.71873444257875e-05
B7-Glob96,0.0,1.570796,6.209727468975571e-05
B7-Glob96,0.261799,1.570796,7.680069609907593e-05
B7-Glob96,0.523599,1.570796,8.363883973195682e-05
B7-Glob96,0.785398,1.570796,8.099354562090246e-05
B7-Glob96,1.047198,1.570796,6.949186655450995e-05
B7-Glob96,1.308997,1.570796,5.1843621027792246e-05
B7-Glob96,1.570796,1.570796,3.214065396134965e-05
B7-Glob96,1.832596,1.570796,1.4803839853609539e-05
B7-Glob96,2.094395,1.570796,3.457019722151144e-06
B7-Glob96,2.356194,1.570796,2.561238690751794e-08
B7-Glob96,2.617994,1.570796,4.296682220621535e-06
B7-Glob96,2.879793,1.570796,1.4053164798344144e-05
B7-Glob96,3.141593,1.570796,2.574102580268995e-05
B7-Glob96,3.403392,1.570796,3.5485606967777766e-05
B7-Glob96,3.665191,1.570796,4.018046540431116e-05
B7-Glob96,3.926991,1.570796,3.83535024889785e-05
B7-Glob96,4.18879,1.570796,3.0576003091747866e-05
B7-Glob96,4.45059,1.570796,1.9303989017670747e-05
B7-Glob96,4.712389,1.570796,8.194775551076247e-06
B7-Glob96,4.974188,1.570796,1.0835870844085397e-06
B7-Glob96,5.235988,1.570796,8.974051464537997e-07
B7-Glob96,5.497787,1.570796,8.801069508084715e-06
B7-Glob96,5.759587,1.570796,2.3809178137993165e-05
B7-Glob96,6.021386,1.570796,4.2972955161066466e-05
B7-Glob96,6.283185,1.570796,6.209727468975557e-05
B7-Glob96,0.0,1.832596,3.3272762695800094e-05
B7-Glob96,0.261799,1.832596,5.111468210230543e-05
B7-Glob96,0.523599,1.832596,6.624432494174078e-05
B7-Glob96,0.785398,1.832596,7.516265362387509e-05
B7-Glob96,1.047198,1.832596,7.577753892842286e-05
B7-Glob96,1.308997,1.832596,6.794406817946546e-05
B7-Glob96,1.570796,1.832596,5.350202205246101e-05
B7-Glob96,1.832596,1.832596,3.580057029943263e-05
B7-Glob96,2.094395,1.832596,1.8836340052489714e-05
B7-Glob96,2.356194,1.832596,6.233393001887486e-06
B7-Glob96,2.617994,1.832596,3.349590205989658e-07
B7-Glob96,2.879793,1.832596,1.6460158953912404e-06
B7-Glob96,3.141593,1.832596,8.771274677527767e-06
B7-Glob96,3.403392,1.832596,1.8860192580976318e-05
B7-Glob96,3.665191,1.832596,2.843492407517059e-05
B7-Glob96,3.926991,1.832596,3.437498959812928e-05
B7-Glob96,4.18879,1.832596,3.479122364205751e-05
B7-Glob96,4.45059,1.832596,2.955225128615488e-05
B7-Glob96,4.712389,1.832596,2.0321042428007387e-05
B7-Glob96,4.974188,1.832596,1.0091656871081895e-05
B7-Glob96,5.235988,1.832596,2.3515127843952595e-06
B7-Glob96,5.497787,1.832596,9.606562990502347e-08
B7-Glob96,5.759587,1.832596,4.963380262715892e-06
B7-Glob96,6.021386,1.832596,1.6724766492784917e-05
B7-Glob96,6.283185,1.832596,3.3272762695799863e-05
B7-Glob96,0.0,2.094395,1.344326307520167e-05
B7-Glob96,0.261799,2.094395,3.072579510282415e-05
B7-Glob96,0.523599,2.094395,5.09445671816144e-05
B7-Glob96,0.785398,2.094395,6.95760939391375e-05
B7-Glob96,1.047198,2.094395,8.230305599716584e-05
B7-Glob96,1.308997,2.094395,8.612512322494805e-05
B7-Glob96,1.570796,2.094395,8.013496023763833e-05
B7-Glob96,1.832596,2.094395,6.575338751318206e-05
B7-Glob96,2.094395,2.094395,4.636122926629695e-05
B7-Glob96,2.356194,2.094395,2.642563850281728e-05
B7-Glob96,2.617994,2.094395,1.0352804407911323e-05
B7-Glob96,2.879793,2.094395,1.371072762326289e-06
B7-Glob96,3.141593,2.094395,7.39401554233463e-07
B7-Glob96,3.403392,2.094395,7.4882373630067405e-06
B7-Glob96,3.665191,2.094395,1.8756914381036557e-05
B7-Glob96,3.926991,2.094395,3.063188142354884e-05
B7-Glob96,4.18879,2.094395,3.9256267491147394e-05
B7-Glob96,4.45059,2.094395,4.190932622700436e-05
B7-Glob96,4.712389,2.094395,3.7763388243120085e-05
B7-Glob96,4.974188,2.094395,2.8113593131181235e-05
B7-Glob96,5.235988,2.094395,1.6018302281246297e-05
B7-Glob96,5.497787,2.094395,5.4473992446906825e-06
B7-Glob96,5.759587,2.094395,1.6888521397016356e-07
B7-Glob96,6.021386,2.094395,2.675490895915256e-06
B7-Glob96,6.283185,2.094395,1.3443263075201619e-05
B7-Glob96,0.0,2.356194,2.9520931303224154e-06
B7-Glob96,0.261799,2.356194,1.6434657849840807e-05
B7-Glob96,0.523599,2.356194,3.855332952603454e-05
B7-Glob96,0.785398,2.356194,6.45899693291824e-05
B7-Glob96,1.047198,2.356194,8.859296645807991e-05
B7-Glob96,1.308997,2.356194,0.00010490212317379982
B7-Glob96,1.570796,2.356194,0.00010961273153459403
B7-Glob96,1.832596,2.356194,0.00010159012612172296
B7-Glob96,2.094395,2.356194,8.276502519856507e-05
B7-Glob96,2.356194,2.356194,5.763111619090491e-05
B7-Glob96,2.617994,2.356194,3.207849028806675e-05
B7-Glob96,2.879793,2.356194,1.1872949869040937e-05
B7-Glob96,3.141593,2.356194,1.1847349858761063e-06
B7-Glob96,3.403392,2.356194,1.5558750633504407e-06
B7-Glob96,3.665191,2.356194,1.1577086556047665e-05
B7-Glob96,3.926991,2.356194,2.735465255375433e-05
B7-Glob96,4.18879,2.356194,4.3636101181186585e-05
B7-Glob96,4.45059,2.356194,5.528744546932699e-05
B7-Glob96,4.712389,2.356194,5.872139969597249e-05
B7-Glob96,4.974188,2.356194,5.289030031185057e-05
B7-Glob96,5.235988,2.356194,3.9575518066116895e-05
B7-Glob96,5.497787,2.356194,2.2895221272923338e-05
B7-Glob96,5.759587,2.356194,8.163401419431481e-06
B7-Glob96,6.021386,2.356194,4.0844083459618714e-07
B7-Glob96,6.283185,2.356194,2.9520931303222604e-06
B7-Glob96,0.0,2.617994,3.1372398662259585e-09
B7-Glob96,0.261799,2.617994,7.748332126192084e-06
B7-Glob96,0.523599,2.617994,2.934487358885327e-05
B7-Glob96,0.785398,2.617994,6.0482765675566943e-05
B7-Glob96,1.047198,2.617994,9.414202772150972e-05
B7-Glob96,1.308997,2.617994,0.00012238350549606644
B7-Glob96,1.570796,2.617994,0.00013840257336534759
B7-Glob96,1.832596,2.617994,0.00013830045452165415
B7-Glob96,2.094395,2.617994,0.00012210207737754268
B7-Glob96,2.356194,2.617994,9.37495619078716e-05
B7-Glob96,2.617994,2.617994,6.007306996406813e-05
B7-Glob96,2.879793,2.617994,2.9012929965812703e-05
B7-Glob96,3.141593,2.617994,7.56585471947684e-06
B7-Glob96,3.403392,2.617994,5.307653030343906e-10
B7-Glob96,3.665191,2.617994,6.814553246361185e-06
B7-Glob96,3.926991,2.617994,2.470533044969999e-05
B7-Glob96,4.18879,2.617994,4.755565069790189e-05
B7-Glob96,4.45059,2.617994,6.816297128124825e-05
B7-Glob96,4.712389,2.617994,8.024292176239109e-05
B7-Glob96,4.974188,2.617994,8.016516967393247e-05
B7-Glob96,5.235988,2.617994,6.795298287432504e-05
B7-Glob96,5.497787,2.617994,4.7276829053943104e-05
B7-Glob96,5.759587,2.617994,2.444373870360206e-05
B7-Glob96,6.021386,2.617994,6.65508034395657e-06
B7-Glob96,6.283185,2.617994,3.137239866228536e-09
B7-Glob96,0.0,2.879793,1.4560887549828115e-06
B7-Glob96,0.261799,2.879793,3.306954447655375e-06
B7-Glob96,0.523599,2.879793,2.3188048520377277e-05
B7-Glob96,0.785398,2.879793,5.74528016638233e-05
B7-Glob96,1.047198,2.879793,9.847016108382484e-05
B7-Glob96,1.308997,2.879793,0.0001365636840832254
B7-Glob96,1.570796,2.879793,0.0001625147775778575
B7-Glob96,1.832596,2.879793,0.00016996544559851897
B7-Glob96,2.094395,2.879793,0.00015708132148075653
B7-Glob96,2.356194,2.879793,0.0001270321425945018
B7-Glob96,2.617994,2.879793,8.716167731486302e-05
B7-Glob96,2.879793,2.879793,4.706820939866093e-05
B7-Glob96,3.141593,2.879793,1.6106624871084205e-05
B7-Glob96,3.403392,2.879793,9.763763849921665e-07
B7-Glob96,3.665191,2.879793,4.035181322457932e-06
B7-Glob96,3.926991,2.879793,2.2782881578575514e-05
B7-Glob96,4.18879,2.879793,5.0645885870308404e-05
B7-Glob96,4.45059,2.879793,7.884419906388916e-05
B7-Glob96,4.712389,2.879793,9.883357027080674e-05
B7-Glob96,4.974188,2.879793,0.00010466228504356271
B7-Glob96,5.235988,2.879793,9.460651015113668e-05
B7-Glob96,5.497787,2.879793,7.164323563782779e-05
B7-Glob96,5.759587,2.879793,4.263333720573317e-05
B7-Glob96,6.021386,2.879793,1.643496892895216e-05
B7-Glob96,6.283185,2.879793,1.4560887549827988e-06
B7-Glob96,0.0,3.141593,3.935748141819897e-06
B7-Glob96,0.261799,3.141593,1.4993977017363569e-06
B7-Glob96,0.523599,3.141593,1.975851960406034e-05
B7-Glob96,0.785398,3.141593,5.5626573110070454e-05
B7-Glob96,1.047198,3.141593,0.00010118247750490775
B7-Glob96,1.308997,3.141593,0.00014567790661302265
B7-Glob96,1.570796,3.141593,0.0001783179105456772
B7-Glob96,1.832596,3.141593,0.00019107657215498855
B7-Glob96,2.094395,3.141593,0.00018079848195296213
B7-Glob96,2.356194,3.141593,0.00015002628655722282
B7-Glob96,2.617994,3.141593,0.00010633379237371795
B7-Glob96,2.879793,3.141593,6.034233725152637e-05
B7-Glob96,3.141593,3.141593,2.2948822779943062e-05
B7-Glob96,3.403392,3.141593,2.5031099945338606e-06
B7-Glob96,3.665191,3.141593,2.684468217490676e-06
B7-Glob96,3.926991,3.141593,2.1638326429923895e-05
B7-Glob96,4.18879,3.141593,5.259627837420465e-05
B7-Glob96,4.45059,3.141593,8.580482421002641e-05
B7-Glob96,4.712389,3.141593,0.00011123819649120954
B7-Glob96,4.974188,3.141593,0.00012136159810739059
B7-Glob96,5.235988,3.141593,0.00011319920818413513
B7-Glob96,5.497787,3.141593,8.91494918614313e-05
B7-Glob96,5.759587,3.141593,5.632812970581892e-05
B7-Glob96,6.021386,3.141593,2.461560988407441e-05
B7-Glob96,6.283185,3.141593,3.9357481418197605e-06
B7-Glob96,0.0,3.403392,4.939887918575305e-06
B7-Glob96,0.261799,3.403392,1.0858678716617433e-06
B7-Glob96,0.523599,3.403392,1.8760201796716425e-05
B7-Glob96,0.785398,3.403392,5.507156606407078e-05
B7-Glob96,1.047198,3.403392,0.00010202296585253813
B7-Glob96,1.308997,3.403392,0.0001485364492241073
B7-Glob96,1.570796,3.403392,0.00018331903312220397
B7-Glob96,1.832596,3.403392,0.00019780889728272558
B7-Glob96,2.094395,3.403392,0.0001884178507305289
B7-Glob96,2.356194,3.403392,0.00015747272474960384
B7-Glob96,2.617994,3.403392,0.0001126048138900462
B7-Glob96,2.879793,3.403392,6.475008376249e-05
B7-Glob96,3.141593,3.403392,2.5292921173412497e-05
B7-Glob96,3.403392,3.403392,3.1137111996057586e-06
B7-Glob96,3.665191,3.403392,2.324661026137502e-06
B7-Glob96,3.926991,3.403392,2.1292696137468697e-05
B7-Glob96,4.18879,3.403392,5.320274093318914e-05
B7-Glob96,4.45059,3.403392,8.800188696102718e-05
B7-Glob96,4.712389,3.403392,0.00011519546389553125
B7-Glob96,4.974188,3.403392,0.0001267388297557321
B7-Glob96,5.235988,3.403392,0.0001192445925563427
B7-Glob96,5.497787,3.403392,9.491031915858049e-05
B7-Glob96,5.759587,3.403392,6.091678543395026e-05
B7-Glob96,6.021386,3.403392,2.7458886162099623e-05
B7-Glob96,6.283185,3.403392,4.939887918575367e-06
B7-Glob96,0.0,3.665191,3.6349658452313336e-06
B7-Glob96,0.261799,3.665191,1.6476022741315295e-06
B7-Glob96,0.523599,3.665191,2.008739739167646e-05
B7-Glob96,0.785398,3.665191,5.580692238543773e-05
B7-Glob96,1.047198,3.665191,0.00010091100991706082
B7-Glob96,1.308997,3.665191,0.0001447580513900028
B7-Glob96,1.570796,3.665191,0.000176713001490351
B7-Glob96,1.832596,3.665191,0.00018892113085589731
B7-Glob96,2.094395,3.665191,0.00017836447448640706
B7-Glob96,2.356194,3.665191,0.00014765323831613606
B7-Glob96,2.617994,3.665191,0.0001043412830767036
B7-Glob96,2.879793,3.665191,5.894808651057727e-05
B7-Glob96,3.141593,3.665191,2.2214061846130367e-05
B7-Glob96,3.403392,3.665191,2.319624479319037e-06
B7-Glob96,3.665191,3.665191,2.8065485984374998e-06
B7-Glob96,3.926991,3.665191,2.1750863881079515e-05
B7-Glob96,4.18879,3.665191,5.2400605808355344e-05
B7-Glob96,4.45059,3.665191,8.509920554972835e-05
B7-Glob96,4.712389,3.665191,0.0001099713656716149
B7-Glob96,4.974188,3.665191,0.0001196450372439799
B7-Glob96,5.235988,3.665191,0.00011127497437680437
B7-Glob96,5.497787,3.665191,8.732237027067317e-05
B7-Glob96,5.759587,3.665191,5.4880496051207065e-05
B7-Glob96,6.021386,3.665191,2.3728051403019316e-05
B7-Glob96,6.283185,3.665191,3.634965845231413e-06
B7-Glob96,0.0,3.926991,1.1179405315856562e-06
B7-Glob96,0.261799,3.926991,3.735165843505331e-06
B7-Glob96,0.523599,3.926991,2.387855033528762e-05
B7-Glob96,0.785398,3.926991,5.780714080390335e-05
B7-Glob96,1.047198,3.926991,9.795313575622742e-05
B7-Glob96,1.308997,3.926991,0.00013484585881371077
B7-Glob96,1.570796,3.926991,0.0001595617520468183
B7-Glob96,1.832596,3.926991,0.00016604988984815123
B7-Glob96,2.094395,3.926991,0.00015271436064976575
B7-Glob96,2.356194,3.926991,0.00012283217356695748
B7-Glob96,2.617994,3.926991,8.369537438910943e-05
B7-Glob96,2.879793,3.926991,4.470586447051247e-05
B7-Glob96,3.141593,3.926991,1.4930094300181961e-05
B7-Glob96,3.403392,3.926991,7.638117369485265e-07
B7-Glob96,3.665191,3.926991,4.326181225544491e-06
B7-Glob96,3.926991,3.926991,2.3006218333985765e-05
B7-Glob96,4.18879,3.926991,5.027528528121672e-05
B7-Glob96,4.45059,3.926991,7.75402470521038e-05
B7-Glob96,4.712389,3.926991,9.65336617381704e-05
B7-Glob96,4.974188,3.926991,0.00010159458118815193
B7-Glob96,5.235988,3.926991,9.122435640615823e-05
B7-Glob96,5.497787,3.926991,6.849791591190972e-05
B7-Glob96,5.759587,3.926991,4.021965319020461e-05
B7-Glob96,6.021386,3.926991,1.5051478280430138e-05
B7-Glob96,6.283185,3.926991,1.1179405315856465e-06
B7-Glob96,0.0,4.18879,7.141460874319968e-08
B7-Glob96,0.261799,4.18879,8.673150176125656e-06
B7-Glob96,0.523599,4.18879,3.044548057450816e-05
B7-Glob96,0.785398,4.18879,6.0997220010412685e-05
B7-Glob96,1.047198,4.18879,9.342751319229648e-05
B7-Glob96,1.308997,4.18879,0.00012008731205252973
B7-Glob96,1.570796,4.18879,0.00013455801527581952
B7-Glob96,1.832596,4.18879,0.00013332192862789414
B7-Glob96,2.094395,4.18879,0.00011668031402883457
B7-Glob96,2.356194,4.18879,8.867470746930311e-05
B7-Glob96,2.617994,4.18879,5.6032449493002615e-05
B7-Glob96,2.879793,4.18879,2.6417033218015132e-05
B7-Glob96,3.141593,4.18879,6.448480402057885e-06
B7-Glob96,3.403392,4.18879,1.9154643518668225e-08
B7-Glob96,3.665191,4.18879,7.350179210122776e-06
B7-Glob96,3.926991,4.18879,2.5034519435441824e-05
B7-Glob96,4.18879,4.18879,4.7048212019752274e-05
B7-Glob96,4.45059,4.18879,6.645208301190031e-05
B7-Glob96,4.712389,4.18879,7.732201058981797e-05
B7-Glob96,4.974188,4.18879,7.638568742890116e-05
B7-Glob96,5.235988,4.18879,6.392394706297429e-05
B7-Glob96,5.497787,4.18879,4.369347396128125e-05
B7-Glob96,5.759587,4.18879,2.189174617138713e-05
B7-Glob96,6.021386,4.18879,5.44349259399388e-06
B7-Glob96,6.283185,4.18879,7.141460874318868e-08
B7-Glob96,0.0,4.45059,3.907980208285268e-06
B7-Glob96,0.261799,4.45059,1.8076862027586554e-05
B7-Glob96,0.523599,4.45059,4.009935457001648e-05
B7-Glob96,0.785398,4.45059,6.524134183488682e-05
B7-Glob96,1.047198,4.45059,8.77444752728415e-05
B7-Glob96,1.308997,4.45059,0.0001023024404711902
B7-Glob96,1.570796,4.45059,0.00010543348252641062
B7-Glob96,1.832596,4.45059,9.638478256746033e-05
B7-Glob96,2.094395,4.45059,7.732830457578377e-05
B7-Glob96,2.356194,4.45059,5.2796035562002874e-05
B7-Glob96,2.617994,4.45059,2.85047727842723e-05
B7-Glob96,2.879793,4.45059,9.882688714761922e-06
B7-Glob96,3.141593,4.45059,6.885012417914694e-07
B7-Glob96,3.403392,4.45059,2.0882225767992666e-06
B7-Glob96,3.665191,4.45059,1.2431153991031047e-05
B7-Glob96,3.926991,4.45059,2.7779122273297078e-05
B7-Glob96,4.18879,4.45059,4.3041225082526026e-05
B7-Glob96,4.45059,4.45059,5.3404612277004846e-05
B7-Glob96,4.712389,4.45059,5.567338251230604e-05
B7-Glob96,4.974188,4.45059,4.915347931694586e-05
B7-Glob96,5.235988,4.45059,3.5844533351961396e-05
B7-Glob96,5.497787,4.45059,1.988684681860455e-05
B7-Glob96,5.759587,4.45059,6.412873349152901e-06
B7-Glob96,6.021386,4.45059,1.1360502583612641e-07
B7-Glob96,6.283185,4.45059,3.907980208285285e-06
B7-Glob96,0.0,4.712389,1.5642365014040214e-05
B7-Glob96,0.261799,4.712389,3.3219253637142486e-05
B7-Glob96,0.523599,4.712389,5.29261889331327e-05
B7-Glob96,0.785398,4.712389,7.03302676127585e-05
B7-Glob96,1.047198,4.712389,8.139124554446228e-05
B7-Glob96,1.308997,4.712389,8.350165026247218e-05
B7-Glob96,1.570796,4.712389,7.61611693315552e-05
B7-Glob96,1.832596,4.712389,6.110626751366143e-05
B7-Glob96,2.094395,4.712389,4.186060457810877e-05
B7-Glob96,2.356194,4.712389,2.2825648865076845e-05
B7-Glob96,2.617994,4.712389,8.152786080797086e-06
B7-Glob96,2.879793,4.712389,6.956326748232098e-07
B7-Glob96,3.141593,4.712389,1.3188731695520115e-06
B7-Glob96,3.403392,4.712389,8.743811637997097e-06
B7-Glob96,3.665191,4.712389,1.9966757703990837e-05
B7-Glob96,3.926991,4.712389,3.1132977923851895e-05
B7-Glob96,4.18879,4.712389,3.862732791150501e-05
B7-Glob96,4.45059,4.712389,4.0085395001435755e-05
B7-Glob96,4.712389,4.712389,3.505132248972435e-05
B7-Glob96,4.974188,4.712389,2.510439721607267e-05
B7-Glob96,5.235988,4.712389,1.3420178789640225e-05
B7-Glob96,5.497787,4.712389,3.884835603185574e-06
B7-Glob96,5.759587,4.712389,2.3704681078563888e-09
B7-Glob96,6.021386,4.712389,3.8910520661416394e-06
B7-Glob96,6.283185,4.712389,1.5642365014040048e-05
B7-Glob96,0.0,4.974188,3.6808132885903227e-05
B7-Glob96,0.261799,4.974188,5.443137206246584e-05
B7-Glob96,0.523599,4.974188,6.858165787062221e-05
B7-Glob96,0.785398,4.974188,7.59741638703021e-05
B7-Glob96,1.047198,4.974188,7.487195736437516e-05
B7-Glob96,1.308997,4.974188,6.5534788867225e-05
B7-Glob96,1.570796,4.974188,5.0151917211460864e-05
B7-Glob96,1.832596,4.974188,3.2276804488209374e-05
B7-Glob96,2.094395,4.974188,1.591370194942094e-05
B7-Glob96,2.356194,4.974188,4.498235838503046e-06
B7-Glob96,2.617994,4.974188,4.149693591567981e-08
B7-Glob96,2.879793,4.974188,2.662567670273615e-06
B7-Glob96,3.141593,4.974188,1.0629880172621212e-05
B7-Glob96,3.403392,4.974188,2.0895330453350517e-05
B7-Glob96,3.665191,4.974188,2.9973253180404527e-05
B7-Glob96,3.926991,4.974188,3.492449507521782e-05
B7-Glob96,4.18879,4.974188,3.417849155502265e-05
B7-Glob96,4.45059,4.974188,2.7970718489377956e-05
B7-Glob96,4.712389,4.974188,1.8277171583810448e-05
B7-Glob96,4.974188,4.974188,8.263594849770534e-06
B7-Glob96,5.235988,4.974188,1.3984888533493631e-06
B7-Glob96,5.497787,4.974188,4.7020706977183896e-07
B7-Glob96,5.759587,4.974188,6.775155998481414e-06
B7-Glob96,6.021386,4.974188,1.9699026826920418e-05
B7-Glob96,6.283185,4.974188,3.680813288590315e-05
B7-Glob96,0.0,5.235988,6.672798349514421e-05
B7-Glob96,0.261799,5.235988,8.071459054538412e-05
B7-Glob96,0.523599,5.235988,8.61725984617215e-05
B7-Glob96,0.785398,5.235988,8.180708935792863e-05
B7-Glob96,1.047198,5.235988,6.865422776616432e-05
B7-Glob96,1.308997,5.235988,4.9812723769393604e-05
B7-Glob96,1.570796,5.235988,2.9642539294038275e-05
B7-Glob96,1.832596,5.235988,1.2643567047420282e-05
B7-Glob96,2.094395,5.235988,2.3115411610379805e-06
B7-Glob96,2.356194,5.235988,2.7353579108161277e-07
B7-Glob96,2.617994,5.235988,5.929775334471313e-06
B7-Glob96,2.879793,5.235988,1.6692432112084967e-05
B7-Glob96,3.141593,5.235988,2.8752104284558787e-05
B7-Glob96,3.403392,5.235988,3.816161715475734e-05
B7-Glob96,3.665191,5.235988,4.1942445705511946e-05
B7-Glob96,3.926991,5.235988,3.8913969052689063e-05
B7-Glob96,4.18879,5.235988,3.0021235176463288e-05
B7-Glob96,4.45059,5.235988,1.8072633496179846e-05
B7-Glob96,4.712389,5.235988,6.9583860364526425e-06
B7-Glob96,4.974188,5.235988,5.612383626317798e-07
B7-Glob96,5.235988,5.235988,1.6544277819224552e-06
B7-Glob96,5.497787,5.235988,1.1086418908494541e-05
B7-Glob96,5.759587,5.235988,2.7475774833095143e-05
B7-Glob96,6.021386,5.235988,4.750322373253659e-05
B7-Glob96,6.283185,5.235988,6.672798349514424e-05
B7-Glob96,0.0,5.497787,0.00010235489814064946
B7-Glob96,0.261799,5.497787,0.00010968890497578017
B7-Glob96,0.523599,5.497787,0.00010427132704270359
B7-Glob96,0.785398,5.497787,8.740692779521991e-05
B7-Glob96,1.047198,5.497787,6.313103664831245e-05
B7-Glob96,1.308997,5.497787,3.7161233588749694e-05
B7-Glob96,1.570796,5.497787,1.5418969533027823e-05
B7-Glob96,1.832596,5.497787,2.513597498036618e-06
B7-Glob96,2.094395,5.497787,5.902005399376593e-07
B7-Glob96,2.356194,5.497787,8.84429051222918e-06
B7-Glob96,2.617994,5.497787,2.3827316347823758e-05
B7-Glob96,2.879793,5.497787,4.045499147373277e-05
B7-Glob96,3.141593,5.497787,5.344251555354142e-05
B7-Glob96,3.403392,5.497787,5.877715663182783e-05
B7-Glob96,3.665191,5.497787,5.482976445590391e-05
B7-Glob96,3.926991,5.497787,4.28049117498181e-05
B7-Glob96,4.18879,5.497787,2.6408120829486795e-05
B7-Glob96,4.45059,5.497787,1.0820024022063574e-05
B7-Glob96,4.712389,5.497787,1.2545761195456816e-06
B7-Glob96,4.974188,5.497787,1.4913002411198638e-06
B7-Glob96,5.235988,5.497787,1.2779667308219198e-05
B7-Glob96,5.497787,5.497787,3.341482928949655e-05
B7-Glob96,5.759587,5.497787,5.910448552114147e-05
B7-Glob96,6.021386,5.497787,8.403471026221832e-05
B7-Glob96,6.283185,5.497787,0.00010235489814064928
B7-Glob96,0.0,5.759587,0.0001387498899500261
B7-Glob96,0.261799,5.759587,0.00013791290810380802
B7-Glob96,0.523599,5.759587,0.00012107426441544843
B7-Glob96,0.785398,5.759587,9.233074917619872e-05
B7-Glob96,1.047198,5.759587,5.860218477168342e-05
B7-Glob96,1.308997,5.759587,2.7830555459626933e-05
B7-Glob96,1.570796,5.759587,6.926619523670876e-06
B7-Glob96,1.832596,5.759587,9.119434043366975e-09
B7-Glob96,2.094395,5.759587,7.402194665714376e-06
B7-Glob96,2.356194,5.759587,2.5652754808217022e-05
B7-Glob96,2.617994,5.759587,4.8556055025339497e-05
B7-Glob96,2.879793,5.759587,6.890783492413564e-05
B7-Glob96,3.141593,5.759587,8.050743173886178e-05
B7-Glob96,3.403392,5.759587,7.987017833425331e-05
B7-Glob96,3.665191,5.759587,6.718677920115242e-05
B7-Glob96,3.926991,5.759587,4.627085158123621e-05
B7-Glob96,4.18879,5.759587,2.350878069957121e-05
B7-Glob96,4.45059,5.759587,6.095202403286988e-06
B7-Glob96,4.712389,5.759587,3.054587452336152e-08
B7-Glob96,4.974188,5.759587,8.422281214976978e-06
B7-Glob96,5.235988,5.759587,3.055124880476573e-05
B7-Glob96,5.497787,5.759587,6.196013152143066e-05
B7-Glob96,5.759587,5.759587,9.554746659048639e-05
B7-Glob96,6.021386,5.759587,0.0001233808943000332
B7-Glob96,6.283185,5.759587,0.0001387498899500266
B7-Glob96,0.0,6.021386,0.00017009142725762764
B7-Glob96,0.261799,6.021386,0.00016151135853120506
B7-Glob96,0.523599,6.021386,0.0001346776262620539
B7-Glob96,0.785398,6.021386,9.616142275476017e-05
B7-Glob96,1.047198,6.021386,5.527438655860272e-05
B7-Glob96,1.308997,6.021386,2.1642300884246812e-05
B7-Glob96,1.570796,6.021386,2.7165008760915418e-06
B7-Glob96,1.832596,6.021386,1.8836299959655827e-06
B7-Glob96,2.094395,6.021386,1.7672988172018326e-05
B7-Glob96,2.356194,6.021386,4.426603894241435e-05
B7-Glob96,2.617994,6.021386,7.316368691295697e-05
B7-Glob96,2.879793,6.021386,9.555720586715319e-05
B7-Glob96,3.141593,6.021386,0.0001047611504099727
B7-Glob96,3.403392,6.021386,9.80514054634251e-05
B7-Glob96,3.665191,6.021386,7.741268790318622e-05
B7-Glob96,3.926991,6.021386,4.8994010019178255e-05
B7-Glob96,4.18879,6.021386,2.1418880676400377e-05
B7-Glob96,4.45059,6.021386,3.4058986324269347e-06
B7-Glob96,4.712389,6.021386,1.3419829310363356e-06
B7-Glob96,4.974188,6.021386,1.746466748413244e-05
B7-Glob96,5.235988,6.021386,4.91477591374706e-05
B7-Glob96,5.497787,6.021386,8.948958975837542e-05
B7-Glob96,5.759587,6.021386,0.000129054107326768
B7-Glob96,6.021386,6.021386,0.00015830565609090298
B7-Glob96,6.283185,6.021386,0.000170091427257628
B7-Glob96,0.0,6.283185,0.0001909674528010681
B7-Glob96,0.261799,6.283185,0.00017696226119806477
B7-Glob96,0.523599,6.283185,0.00014341045378296003
B7-Glob96,0.785398,6.283185,9.855790323298641e-05
B7-Glob96,1.047198,6.283185,5.3274492053791686e-05
B7-Glob96,1.308997,6.283185,1.821979259994412e-05
B7-Glob96,1.570796,6.283185,1.0872994619124593e-06
B7-Glob96,1.832596,6.283185,4.658774002474193e-06
B7-Glob96,2.094395,6.283185,2.6182145579142997e-05
B7-Glob96,2.356194,6.283185,5.82312595391389e-05
B7-Glob96,2.617994,6.283185,9.080876642175034e-05
B7-Glob96,2.879793,6.283185,0.00011412098025271537
B7-Glob96,3.141593,6.283185,0.0001212746374313921
B7-Glob96,3.403392,6.283185,0.00011016801777482497
B7-Glob96,3.665191,6.283185,8.406669961274181e-05
B7-Glob96,3.926991,6.283185,5.070881709230392e-05
B7-Glob96,4.18879,6.283185,2.0180910088774947e-05
B7-Glob96,4.45059,6.283185,2.136987731780856e-06
B7-Glob96,4.712389,6.283185,3.1112882642761983e-06
B7-Glob96,4.974188,6.283185,2.4651624983283464e-05
B7-Glob96,5.235988,6.283185,6.278137898380408e-05
B7-Glob96,5.497787,6.283185,0.00010894269809421614
B7-Glob96,5.759587,6.283185,0.00015217650939433234
B7-Glob96,6.021386,6.283185,0.00018196291737420745
B7-Glob96,6.283185,6.283185,0.0001909674528010683
