model,seed,param_idx,gradient
QCN,0,0,-0.10701116002423898
QCN,0,1,0.07495145811718024
QCN,0,2,0.01550873044022917
QCN,0,3,-0.14963369785472944
QCN,0,4,8.000880856945915e-05
QCN,0,5,0.0385511801221228
QCN,1,0,0.011864057906746077
QCN,1,1,0.027160756366276982
QCN,1,2,0.008412356068271013
QCN,1,3,-0.0698553841378586
QCN,1,4,-0.010544449997281394
QCN,1,5,0.0005216791985247978
QCN,2,0,-0.02974896126066174
QCN,2,1,0.02229660676772639
QCN,2,2,0.034476875259179605
QCN,2,3,0.024372636277021187
QCN,2,4,-0.0006218998686192808
QCN,2,5,0.004943027915443922
QCN,3,0,0.00391469210201564
QCN,3,1,-0.002507901893711933
QCN,3,2,-0.004738461320054875
QCN,3,3,0.0005948461153936883
QCN,3,4,0.0030436349828573224
QCN,3,5,-0.0020057213719733074
QCN,4,0,-0.09762550822490174
QCN,4,1,0.0071938057801715334
QCN,4,2,0.009718430420990052
QCN,4,3,-0.18948291947363724
QCN,4,4,-0.01649387806295697
QCN,4,5,0.006172252216521039
QCN,5,0,0.04530996754045829
QCN,5,1,-0.06152334436438744
QCN,5,2,-0.04672669505125945
QCN,5,3,0.032243855557051025
QCN,5,4,0.002947198022418006
QCN,5,5,-0.0026837158854991685
QCN,6,0,-0.0013887929695669825
QCN,6,1,-0.025786135138129256
QCN,6,2,-0.010146050877072075
QCN,6,3,-0.0426365265784352
QCN,6,4,0.007150328162550542
QCN,6,5,-0.0008942279113341955
QCN,7,0,-0.01992637037644682
QCN,7,1,-0.0024724527235659476
QCN,7,2,0.0006354323608468576
QCN,7,3,0.0038570179475724124
QCN,7,4,-0.005649067781891272
QCN,7,5,0.014698479560930051
QCN,8,0,-0.05381790351673927
QCN,8,1,-0.13099000648580753
QCN,8,2,-0.009809211495385451
QCN,8,3,0.2732703099186361
QCN,8,4,-0.0014880349315608767
QCN,8,5,0.00046308088252224836
QCN,9,0,0.020842524359191376
QCN,9,1,0.024094439578400483
QCN,9,2,-0.0012165130249919085
QCN,9,3,-0.15444504769262557
QCN,9,4,0.05267037816927332
QCN,9,5,0.015292160463632909
QCN,10,0,-0.013404699820479551
QCN,10,1,-0.0028445959512334376
QCN,10,2,0.025985903050489156
QCN,10,3,-0.009241524462340943
QCN,10,4,0.0005126220625412546
QCN,10,5,0.005387834209083917
QCN,11,0,-0.017751707881055883
QCN,11,1,-0.0062015394806652
QCN,11,2,-0.012064526555459558
QCN,11,3,-0.02093461150205953
QCN,11,4,0.009051247845263155
QCN,11,5,-0.011288486656761196
QCN,12,0,0.0023736523902437353
QCN,12,1,0.07793055816944443
QCN,12,2,-0.0036812328784113202
QCN,12,3,-0.17875665414687072
QCN,12,4,0.015715926566794887
QCN,12,5,-0.0007458839952693856
QCN,13,0,0.009453657996115326
QCN,13,1,-0.16075244904322583
QCN,13,2,-0.0002688592666925971
QCN,13,3,0.48095146074470363
QCN,13,4,-0.0006389238254673468
QCN,13,5,-0.0034653962483201356
QCN,14,0,-0.026768810141855018
QCN,14,1,-0.017539452205054443
QCN,14,2,0.030997703750568487
QCN,14,3,0.015298662731106966
QCN,14,4,-0.06405997528821414
QCN,14,5,-0.03208592947622157
QCN,15,0,-0.13699272021001904
QCN,15,1,-0.03192517251296787
QCN,15,2,0.02011193995003961
QCN,15,3,0.008615773338022372
QCN,15,4,0.001837380236350634
QCN,15,5,0.03975566414552855
QCN,16,0,0.08966471480105861
QCN,16,1,0.1221560056662624
QCN,16,2,0.020859231716920185
QCN,16,3,-0.3283300033689638
QCN,16,4,-0.007432223183070768
QCN,16,5,-0.009909814816455143
QCN,17,0,0.00019915005374017045
QCN,17,1,-0.024374024355120483
QCN,17,2,-0.010730822933282518
QCN,17,3,-0.007763203794383875
QCN,17,4,-0.0064060881595864785
QCN,17,5,0.010651626135148902
QCN,18,0,-0.01617735734120836
QCN,18,1,-0.06854403296541739
QCN,18,2,0.023652070946468085
QCN,18,3,0.024127876233212234
QCN,18,4,-0.06249998730061511
QCN,18,5,-0.004313054192067089
QCN,19,0,-0.020831954181292002
QCN,19,1,-0.028845844748728557
QCN,19,2,0.0007022808171397931
QCN,19,3,0.07568816675634453
QCN,19,4,-0.00024954564178149166
QCN,19,5,0.0017195882458441811
QCN,20,0,0.031225980431609155
QCN,20,1,0.0980196889734972
QCN,20,2,-0.06024300494606656
QCN,20,3,0.1296791252843538
QCN,20,4,-0.02919668850841057
QCN,20,5,-0.03354180865592107
QCN,21,0,-0.01261489559680511
QCN,21,1,-0.09250119645866754
QCN,21,2,-0.011949619709511115
QCN,21,3,0.002184412413298396
QCN,21,4,-0.0032803258579629487
QCN,21,5,0.009434029524308274
QCN,22,0,-0.12366823376444971
QCN,22,1,-0.051547646180270384
QCN,22,2,0.12849910928907946
QCN,22,3,-0.0001995738800930694
QCN,22,4,-0.0076052044869598335
QCN,22,5,-0.022406643586515812
QCN,23,0,0.0007216813467597121
QCN,23,1,0.010602484310489114
QCN,23,2,-0.0006066697727045687
QCN,23,3,-0.005438049154361425
QCN,23,4,0.006408758435562959
QCN,23,5,0.010611971059048785
QCN,24,0,0.04624899640705219
QCN,24,1,-0.04062048552513058
QCN,24,2,0.033422720223160396
QCN,24,3,0.15602949113179268
QCN,24,4,0.026602999747261102
QCN,24,5,0.023830915405242167
QCN,25,0,-0.0042362531964158165
QCN,25,1,-0.019599860189820118
QCN,25,2,-0.029458476806457568
QCN,25,3,-0.08711460542101016
QCN,25,4,0.06131239746276277
QCN,25,5,0.05089084956239515
QCN,26,0,-0.0011494937727217808
QCN,26,1,-0.014393624592178715
QCN,26,2,0.00014845967105162313
QCN,26,3,0.005789158123499573
QCN,26,4,-0.019674413063670956
QCN,26,5,0.025115440061319223
QCN,27,0,0.015399243678012944
QCN,27,1,0.017742923218988838
QCN,27,2,-0.0006661590097352922
QCN,27,3,-0.019009861208449472
QCN,27,4,0.004134763855798871
QCN,27,5,0.002564794314738774
QCN,28,0,0.0010648489064340875
QCN,28,1,0.02658262774691663
QCN,28,2,-0.0012181964963822575
QCN,28,3,0.020151062466675387
QCN,28,4,-0.0008623582914106338
QCN,28,5,0.0016095985741549676
QCN,29,0,-0.00033018839687595374
QCN,29,1,0.01215622458381586
QCN,29,2,-0.0017236421845836078
QCN,29,3,0.017799784641519344
QCN,29,4,0.013648677366079442
QCN,29,5,-0.0015265195711091145
QCN,30,0,0.009095214591901574
QCN,30,1,-0.0382393219166596
QCN,30,2,0.010192134052638387
QCN,30,3,-0.0818982432107513
QCN,30,4,-0.039412886170958866
QCN,30,5,-0.026699666303014267
QCN,31,0,0.04415493416765434
QCN,31,1,0.020798819292761343
QCN,31,2,-0.0038598275249277975
QCN,31,3,-0.10137496016362199
QCN,31,4,0.034834907430731234
QCN,31,5,-0.011403895354029511
QCN,32,0,0.09804546425886612
QCN,32,1,-0.0794966830631065
QCN,32,2,0.08585268185538306
QCN,32,3,-0.03553090406260423
QCN,32,4,0.018935399717169586
QCN,32,5,0.010029369594500747
QCN,33,0,0.004670545094595153
QCN,33,1,-0.020297784148331773
QCN,33,2,-0.042644227667890264
QCN,33,3,-0.16191044502142196
QCN,33,4,0.012605634501462765
QCN,33,5,-0.0012987650679596409
QCN,34,0,0.00021883219166782454
QCN,34,1,0.003353629510296273
QCN,34,2,-0.00016362552700662224
QCN,34,3,0.012141194118842546
QCN,34,4,0.0033247990753232435
QCN,34,5,-0.0007842788459708411
QCN,35,0,0.13682033328603674
QCN,35,1,-0.03148304942377001
QCN,35,2,0.0026965149917913605
QCN,35,3,0.002474264642625192
QCN,35,4,0.003334723717836765
QCN,35,5,0.00395179472821117
QCN,36,0,-0.03778339128223101
QCN,36,1,-0.07164133071713971
QCN,36,2,-0.036950588820336354
QCN,36,3,-0.17884926827076178
QCN,36,4,0.02110516116798172
QCN,36,5,0.0004080002851875122
QCN,37,0,-0.002400722392515956
QCN,37,1,0.002992308102242628
QCN,37,2,0.0008674255717087139
QCN,37,3,0.007957356724913768
QCN,37,4,0.0004175783108549466
QCN,37,5,0.000216778252335802
QCN,38,0,0.026011037146467016
QCN,38,1,0.01903071988324448
QCN,38,2,0.036920844328989746
QCN,38,3,0.023525691294846118
QCN,38,4,0.0010458611775231762
QCN,38,5,0.0005086728858322197
QCN,39,0,-0.09793105681294087
QCN,39,1,0.0705462749564468
QCN,39,2,-0.028711908058350392
QCN,39,3,0.017896270451692047
QCN,39,4,-0.00816803029155764
QCN,39,5,0.004703260732442602
QCN,40,0,0.06960995238756075
QCN,40,1,0.07115413944304304
QCN,40,2,-0.008662698298464413
QCN,40,3,0.09204966976249349
QCN,40,4,0.0009636935791512192
QCN,40,5,-0.025501968188451393
QCN,41,0,-0.07480055313638599
QCN,41,1,0.07851879702063148
QCN,41,2,0.11202237614830421
QCN,41,3,0.2786838930019561
QCN,41,4,-0.017768991865322478
QCN,41,5,-0.03193174365277488
QCN,42,0,0.007291473855656889
QCN,42,1,0.0125534233225806
QCN,42,2,-0.018970450192659916
QCN,42,3,-0.042843564225567406
QCN,42,4,-0.014076577299860038
QCN,42,5,-0.003439605956854357
QCN,43,0,0.055487673953193456
QCN,43,1,-0.0015966145825453656
QCN,43,2,-0.0017713963962506627
QCN,43,3,-0.0300945851887563
QCN,43,4,0.0011905086092942774
QCN,43,5,-0.0014016762343899995
QCN,44,0,-0.0051029414292427565
QCN,44,1,0.15070475430851435
QCN,44,2,-0.019069989624864905
QCN,44,3,-0.30850626103788154
QCN,44,4,-0.00021450381398314478
QCN,44,5,-0.004440096331004432
QCN,45,0,-0.008561817714005179
QCN,45,1,-0.047225060485269976
QCN,45,2,-0.02756105043741684
QCN,45,3,0.022540391405027695
QCN,45,4,0.05670582353640428
QCN,45,5,0.05751037894453313
QCN,46,0,-0.011217568788506556
QCN,46,1,-0.00906932634578354
QCN,46,2,-0.0019342472654065531
QCN,46,3,-0.003991896046980865
QCN,46,4,0.001732513149062311
QCN,46,5,-0.000771534004675052
QCN,47,0,0.00843132384807076
QCN,47,1,0.034059144080019955
QCN,47,2,-0.007246841733222779
QCN,47,3,-0.02131654245300215
QCN,47,4,0.08427410252471504
QCN,47,5,0.0007696563769315905
QCN,48,0,-0.011472357046790818
QCN,48,1,0.013994023027434986
QCN,48,2,-0.003907314441598156
QCN,48,3,0.019919291604501167
QCN,48,4,-0.000969200844355898
QCN,48,5,-0.019124422951612412
QCN,49,0,-0.018467747398345124
QCN,49,1,-0.011195619421167749
QCN,49,2,-0.005008961009242694
QCN,49,3,-0.03494658779885392
QCN,49,4,0.02149173043995959
QCN,49,5,0.05562554482989848
QCN,50,0,-0.0006347549106655415
QCN,50,1,0.007482162272447685
QCN,50,2,-0.0024461448301989082
QCN,50,3,-0.026206499613525305
QCN,50,4,9.268061135380597e-05
QCN,50,5,0.0018420310692229304
QCN,51,0,-0.04020084886359697
QCN,51,1,0.04442058000995087
QCN,51,2,0.04322297954367992
QCN,51,3,-0.04021558066377195
QCN,51,4,-5.017479406511571e-05
QCN,51,5,0.011910603883703496
QCN,52,0,0.007318265375590978
QCN,52,1,0.040322431735576376
QCN,52,2,0.017254246137613737
QCN,52,3,0.07697223913399952
QCN,52,4,0.006942227258869132
QCN,52,5,-0.005144709001118402
QCN,53,0,0.054825762558799875
QCN,53,1,0.06684935867945634
QCN,53,2,-0.10859604475740471
QCN,53,3,0.073403934202247
QCN,53,4,-0.005336871489212129
QCN,53,5,0.010310643650734547
QCN,54,0,0.04844134912939796
QCN,54,1,0.10982289012259068
QCN,54,2,-0.0022286858141209774
QCN,54,3,0.15712659019770808
QCN,54,4,-0.00044974032296084954
QCN,54,5,-0.005798383081873328
QCN,55,0,0.027001359852102957
QCN,55,1,-0.011199672380467247
QCN,55,2,-0.010401808703766545
QCN,55,3,0.13930793569640326
QCN,55,4,-0.012418671581123327
QCN,55,5,-0.009530421057198351
QCN,56,0,-0.00010818808543785703
QCN,56,1,0.0009559554984238025
QCN,56,2,-0.00030493717077130695
QCN,56,3,-0.00037346224266304864
QCN,56,4,0.00038388909764778547
QCN,56,5,0.00042734811644762615
QCN,57,0,0.02911921758972622
QCN,57,1,0.1538839296522491
QCN,57,2,0.050509485625345754
QCN,57,3,0.33337080989798457
QCN,57,4,-0.0016644618915592458
QCN,57,5,-0.008924613310221277
QCN,58,0,-0.08383235149493022
QCN,58,1,0.0409267433398009
QCN,58,2,-0.011593352755161204
QCN,58,3,-0.01586750724884671
QCN,58,4,0.022716241318928958
QCN,58,5,0.025903848626507946
QCN,59,0,0.01878214559749543
QCN,59,1,-0.00241259254260365
QCN,59,2,0.013534096876234194
QCN,59,3,-0.018599223405473916
QCN,59,4,0.0011608384899264186
QCN,59,5,-0.0006653201575840548
QCN,60,0,0.054235906777126815
QCN,60,1,-0.03333903930323117
QCN,60,2,-0.004124921222701778
QCN,60,3,-0.012880894575461379
QCN,60,4,0.019635212104205692
QCN,60,5,-0.04571962102488515
QCN,61,0,-0.013603732779376687
QCN,61,1,-0.019028098013973975
QCN,61,2,0.01825280702771318
QCN,61,3,-0.05151472311021949
QCN,61,4,-7.287405448185527e-05
QCN,61,5,-0.0005224222229836721
QCN,62,0,0.0020255981164368766
QCN,62,1,0.0033874872890803567
QCN,62,2,0.0005978032259342389
QCN,62,3,-0.006209831025729118
QCN,62,4,0.0017152864537484855
QCN,62,5,-0.007340204762899024
QCN,63,0,-0.001550922776031415
QCN,63,1,0.06221191549497052
QCN,63,2,0.010958347626949791
QCN,63,3,-0.05078341295496354
QCN,63,4,-0.017891473521263766
QCN,63,5,-0.0008104841068629718
QCN,64,0,0.0010448696820218341
QCN,64,1,-0.0042511715174193415
QCN,64,2,-0.0005435723591764403
QCN,64,3,0.030517180332570962
QCN,64,4,0.015190160281425941
QCN,64,5,0.007386414400097392
QCN,65,0,0.07981306354657916
QCN,65,1,-0.003470391590051426
QCN,65,2,-0.030777573730474853
QCN,65,3,0.03862603427541854
QCN,65,4,0.015013769531292888
QCN,65,5,-0.010570256805456448
QCN,66,0,-0.06405719640974744
QCN,66,1,-0.03480266376031727
QCN,66,2,-0.08894265150436573
QCN,66,3,-0.17291732789397316
QCN,66,4,0.012481633187176646
QCN,66,5,-0.03375961041920393
QCN,67,0,-0.024984234425651113
QCN,67,1,0.033670470592293576
QCN,67,2,0.0025318972995491944
QCN,67,3,0.09252049723920615
QCN,67,4,0.0056097075811836405
QCN,67,5,0.0012404174535976908
QCN,68,0,-0.0010435152536967677
QCN,68,1,-0.007564106734578731
QCN,68,2,0.004841271874861573
QCN,68,3,-0.02480681671942645
QCN,68,4,-0.000915085878454113
QCN,68,5,0.0004319302385117866
QCN,69,0,0.03257460014782182
QCN,69,1,-0.03236134274869428
QCN,69,2,-0.02817784805798112
QCN,69,3,0.01712249747454778
QCN,69,4,-0.015095968041970225
QCN,69,5,0.025764476490784043
QCN,70,0,0.020556189164321573
QCN,70,1,0.04358412194051892
QCN,70,2,-0.019320628332208104
QCN,70,3,0.09122312103239298
QCN,70,4,-0.009580162085548374
QCN,70,5,0.009066989610433639
QCN,71,0,-0.019203913502092038
QCN,71,1,-0.06435301839470839
QCN,71,2,-0.07554888997618817
QCN,71,3,0.016322889797523873
QCN,71,4,0.0014423053282864378
QCN,71,5,0.010520944110860712
QCN,72,0,0.07924113900383399
QCN,72,1,0.0009827551854856452
QCN,72,2,0.07668148951867734
QCN,72,3,0.0033601400332876207
QCN,72,4,0.009489448736495043
QCN,72,5,-0.007126519866929575
QCN,73,0,-0.07315397631109685
QCN,73,1,0.01168514952312491
QCN,73,2,0.0031621656424622334
QCN,73,3,0.005282910222100239
QCN,73,4,0.006169276783383746
QCN,73,5,-0.02832227130479476
QCN,74,0,-0.012073572466309386
QCN,74,1,-0.021388533373642892
QCN,74,2,-0.01018496277282294
QCN,74,3,0.09451782067533081
QCN,74,4,-0.05288996565661717
QCN,74,5,-0.04104779029865021
QCN,75,0,0.017975655905827254
QCN,75,1,0.039559061235401156
QCN,75,2,-0.03744652977098501
QCN,75,3,-0.04874917054210185
QCN,75,4,0.001790812493484906
QCN,75,5,-0.007028578028920353
QCN,76,0,0.006267300536261484
QCN,76,1,-0.03053746703805171
QCN,76,2,0.003581180524979858
QCN,76,3,0.05219258114564898
QCN,76,4,-0.009365309437718256
QCN,76,5,-0.02177928032533385
QCN,77,0,0.1075420081751312
QCN,77,1,-0.015204696096124739
QCN,77,2,0.10980913068335495
QCN,77,3,-0.0020511764101754527
QCN,77,4,0.053131199577719355
QCN,77,5,0.01558099626198482
QCN,78,0,-0.0015692228398494113
QCN,78,1,-0.07084995851424788
QCN,78,2,0.010737875949106688
QCN,78,3,-0.22761726059283127
QCN,78,4,-0.006006503917629218
QCN,78,5,0.0013284431592675832
QCN,79,0,0.022913223952597393
QCN,79,1,-0.04741908292493176
QCN,79,2,-0.06664693603361085
QCN,79,3,-0.02034338136405951
QCN,79,4,-0.014776181543330826
QCN,79,5,-0.024023270943202252
QCN,80,0,-6.85503241554442e-05
QCN,80,1,0.0017925456742018927
QCN,80,2,-0.006488717403966482
QCN,80,3,-0.022693058475903336
QCN,80,4,-0.08463713683432104
QCN,80,5,-0.01012787654226909
QCN,81,0,-0.12364098825975804
QCN,81,1,-0.002000250158294334
QCN,81,2,0.04259781659574342
QCN,81,3,0.16254665344354047
QCN,81,4,0.051906054542980626
QCN,81,5,0.02790497852424213
QCN,82,0,0.029538132849400794
QCN,82,1,0.02484312687023196
QCN,82,2,-0.025824546229506196
QCN,82,3,-0.06070573647603488
QCN,82,4,-0.0056856665859711985
QCN,82,5,0.00818883121126457
QCN,83,0,-0.010182806253071325
QCN,83,1,0.05561345925811564
QCN,83,2,-0.010127171801319685
QCN,83,3,0.0072540110755796375
QCN,83,4,-0.0007234866602083739
QCN,83,5,0.012653409478422833
QCN,84,0,-0.04311925327713787
QCN,84,1,0.05704729189543697
QCN,84,2,-0.01662820193921955
QCN,84,3,-0.015838849871598427
QCN,84,4,0.0026076892724554695
QCN,84,5,-0.004506213077174299
QCN,85,0,-0.024151721508324227
QCN,85,1,-0.013561275124608438
QCN,85,2,0.008616159478155265
QCN,85,3,-0.010076292985025711
QCN,85,4,0.06390057798652762
QCN,85,5,0.008825688306605356
QCN,86,0,0.04805352454841479
QCN,86,1,-0.07071144016470822
QCN,86,2,-0.010378855236161503
QCN,86,3,-0.006284196005967496
QCN,86,4,-0.01142589408192527
QCN,86,5,0.001981959080230246
QCN,87,0,0.008538824262407568
QCN,87,1,-0.004026022360245952
QCN,87,2,0.009540856756139795
QCN,87,3,-0.039630678583568064
QCN,87,4,0.001345555169378923
QCN,87,5,0.020174651015036807
QCN,88,0,0.028441586629378558
QCN,88,1,0.06494094229883522
QCN,88,2,0.030838537926433388
QCN,88,3,-0.13102327731818939
QCN,88,4,0.002146973447429121
QCN,88,5,0.00022524748265492447
QCN,89,0,-0.008654364475794275
QCN,89,1,-0.06432692720576177
QCN,89,2,-0.04029282926312946
QCN,89,3,-0.024155720757295517
QCN,89,4,0.029483263706086484
QCN,89,5,0.017733592995200415
QCN,90,0,0.006113004071524594
QCN,90,1,-0.01864706806445723
QCN,90,2,0.05191956990283627
QCN,90,3,-0.08043419296432483
QCN,90,4,0.011938602490474896
QCN,90,5,0.03160007237799392
QCN,91,0,0.005942836413025319
QCN,91,1,-0.01130251652813577
QCN,91,2,0.0029042998310008492
QCN,91,3,0.01892613433325334
QCN,91,4,0.00014722195005549446
QCN,91,5,-0.0012972565443901255
QCN,92,0,0.010765498016045929
QCN,92,1,0.0237420539485558
QCN,92,2,0.005586630540831216
QCN,92,3,0.03326032469911509
QCN,92,4,0.02491095396422023
QCN,92,5,-0.01204763942472135
QCN,93,0,-0.002247406199379724
QCN,93,1,0.07365290294293668
QCN,93,2,-0.01695446441236584
QCN,93,3,0.21396186195136896
QCN,93,4,0.0014522486229341727
QCN,93,5,0.018454306910616718
QCN,94,0,-0.09880446685921492
QCN,94,1,0.05982031868159302
QCN,94,2,-0.07938565242753123
QCN,94,3,0.13126443475144467
QCN,94,4,0.007244435932611852
QCN,94,5,-6.530685178547466e-06
QCN,95,0,0.03040472904168814
QCN,95,1,0.023874823010984064
QCN,95,2,0.031247220249885847
QCN,95,3,-0.0364001779014918
QCN,95,4,0.021622534388330342
QCN,95,5,-0.03251006857451455
QCN,96,0,0.09471433673567123
QCN,96,1,-0.001328316878902767
QCN,96,2,0.015399394867144067
QCN,96,3,-0.055531257741322546
QCN,96,4,-0.013998836695925936
QCN,96,5,0.005803909257587239
QCN,97,0,0.0015976842301821976
QCN,97,1,0.0017051497458610266
QCN,97,2,-0.017575302642612742
QCN,97,3,-0.026624544523546095
QCN,97,4,5.9089829126392444e-05
QCN,97,5,0.0018249769366941355
QCN,98,0,0.016341722375122606
QCN,98,1,0.25314939100437345
QCN,98,2,0.00018302218734511473
QCN,98,3,0.47390016584980305
QCN,98,4,-0.004427974111608236
QCN,98,5,0.023778172589787653
QCN,99,0,0.055813524435801655
QCN,99,1,-0.016363630972056172
QCN,99,2,0.06787968887397236
QCN,99,3,-0.15566700905869138
QCN,99,4,0.023746023735978585
QCN,99,5,0.05306247366479731
B2-qMPS,0,0,-0.013148939040110826
B2-qMPS,0,1,-0.029869930155498436
B2-qMPS,0,2,0.03672465746259555
B2-qMPS,0,3,0.03672465746259569
B2-qMPS,0,4,-0.003455216498128487
B2-qMPS,0,5,0.006238506508713685
B2-qMPS,1,0,0.0017723568759317866
B2-qMPS,1,1,0.0005065864676750961
B2-qMPS,1,2,0.0003850031141096055
B2-qMPS,1,3,0.0003850031141096131
B2-qMPS,1,4,2.7609765774433827e-06
B2-qMPS,1,5,0.00437072237874183
B2-qMPS,2,0,-6.560277215310252e-05
B2-qMPS,2,1,7.206012568581374e-05
B2-qMPS,2,2,5.4293496128898737e-05
B2-qMPS,2,3,5.429349612889801e-05
B2-qMPS,2,4,3.3434577969879285e-05
B2-qMPS,2,5,-0.0002875443308141399
B2-qMPS,3,0,0.0034758589741450572
B2-qMPS,3,1,0.0006200287175921303
B2-qMPS,3,2,-0.0012381119195603604
B2-qMPS,3,3,-0.0012381119195603559
B2-qMPS,3,4,-0.0024243440480818074
B2-qMPS,3,5,-0.0017053428469884632
B2-qMPS,4,0,-0.005392235368619293
B2-qMPS,4,1,-0.005834468067122198
B2-qMPS,4,2,0.004345515977592542
B2-qMPS,4,3,0.004345515977592535
B2-qMPS,4,4,0.0038585714994612066
B2-qMPS,4,5,-0.010403162608218112
B2-qMPS,5,0,3.4539234797953056e-05
B2-qMPS,5,1,-0.001322772154958612
B2-qMPS,5,2,4.4822088717859054e-05
B2-qMPS,5,3,4.4822088717856004e-05
B2-qMPS,5,4,-0.00024749904020409736
B2-qMPS,5,5,-0.0008504149534296364
B2-qMPS,6,0,0.00020516164789919337
B2-qMPS,6,1,-1.604876312394013e-05
B2-qMPS,6,2,2.9375638260821144e-05
B2-qMPS,6,3,2.937563826082261e-05
B2-qMPS,6,4,0.00018846767420257243
B2-qMPS,6,5,0.0019111591786901843
B2-qMPS,7,0,-0.0003007738150707809
B2-qMPS,7,1,0.0007444493618495181
B2-qMPS,7,2,-0.0011805006540628763
B2-qMPS,7,3,-0.0011805006540628776
B2-qMPS,7,4,-3.847275464774097e-05
B2-qMPS,7,5,0.0010166295662254604
B2-qMPS,8,0,-0.09652115072782554
B2-qMPS,8,1,-0.045501476296740145
B2-qMPS,8,2,-0.01977428520180643
B2-qMPS,8,3,-0.01977428520180635
B2-qMPS,8,4,-0.014910024788954868
B2-qMPS,8,5,0.010106661789706185
B2-qMPS,9,0,-0.001687186478688708
B2-qMPS,9,1,0.00012903430959730047
B2-qMPS,9,2,0.00020255959292474107
B2-qMPS,9,3,0.00020255959292473809
B2-qMPS,9,4,-0.0019423719782389742
B2-qMPS,9,5,0.006109611723975819
B2-qMPS,10,0,4.4223671273525515e-05
B2-qMPS,10,1,-0.0005352222813394625
B2-qMPS,10,2,0.0001130937759382814
B2-qMPS,10,3,0.0001130937759382796
B2-qMPS,10,4,0.00040364051152632323
B2-qMPS,10,5,-0.004496648948676512
B2-qMPS,11,0,-0.0007665372950361473
B2-qMPS,11,1,-0.004283162783868932
B2-qMPS,11,2,0.00015680022664932845
B2-qMPS,11,3,0.00015680022664931972
B2-qMPS,11,4,0.0005123790535133275
B2-qMPS,11,5,0.003651270830949432
B2-qMPS,12,0,-0.0019817155483341942
B2-qMPS,12,1,-0.00967485996377448
B2-qMPS,12,2,0.001415762203456833
B2-qMPS,12,3,0.0014157622034568175
B2-qMPS,12,4,-0.0011115412162438208
B2-qMPS,12,5,0.0016216808506066944
B2-qMPS,13,0,-0.0008223431442794647
B2-qMPS,13,1,0.0001780342687125584
B2-qMPS,13,2,0.0009715513573225264
B2-qMPS,13,3,0.0009715513573225293
B2-qMPS,13,4,-3.617171675509975e-06
B2-qMPS,13,5,0.00011800451460797868
B2-qMPS,14,0,0.0030469459977263543
B2-qMPS,14,1,-0.0029256473561107433
B2-qMPS,14,2,-0.00450494888828612
B2-qMPS,14,3,-0.004504948888286119
B2-qMPS,14,4,-0.0011827461036886275
B2-qMPS,14,5,-0.0008600798270089083
B2-qMPS,15,0,-0.0007587033655220628
B2-qMPS,15,1,0.0008951965098633425
B2-qMPS,15,2,0.0017113283456864964
B2-qMPS,15,3,0.0017113283456865022
B2-qMPS,15,4,0.00025557963576112167
B2-qMPS,15,5,-0.00022890471889645104
B2-qMPS,16,0,-0.0001322746631907333
B2-qMPS,16,1,6.245048456600219e-05
B2-qMPS,16,2,7.47747079755564e-07
B2-qMPS,16,3,7.477470797588055e-07
B2-qMPS,16,4,-0.000536192219857397
B2-qMPS,16,5,0.0004882504713978023
B2-qMPS,17,0,-5.510079243976745e-06
B2-qMPS,17,1,-4.089948387671114e-05
B2-qMPS,17,2,-9.609549039570064e-05
B2-qMPS,17,3,-9.609549039570158e-05
B2-qMPS,17,4,0.0003194877497579194
B2-qMPS,17,5,0.00013525790116726755
B2-qMPS,18,0,-0.0013602299717688966
B2-qMPS,18,1,0.000608707746445623
B2-qMPS,18,2,0.00011298080687634056
B2-qMPS,18,3,0.00011298080687632927
B2-qMPS,18,4,4.596466279466717e-05
B2-qMPS,18,5,-0.0003246019492020735
B2-qMPS,19,0,8.920440509190393e-05
B2-qMPS,19,1,0.0013382000854182884
B2-qMPS,19,2,-3.421873629080888e-05
B2-qMPS,19,3,-3.4218736290817856e-05
B2-qMPS,19,4,0.000602228123476872
B2-qMPS,19,5,-0.0015469454703092866
B2-qMPS,20,0,0.00033919727957831017
B2-qMPS,20,1,-0.0011482406957224753
B2-qMPS,20,2,0.00028040877112668654
B2-qMPS,20,3,0.0002804087711266868
B2-qMPS,20,4,0.0010605707113854048
B2-qMPS,20,5,0.0014798358629960783
B2-qMPS,21,0,-2.1608475810443733e-05
B2-qMPS,21,1,-0.006725233960612372
B2-qMPS,21,2,-5.187595911565997e-05
B2-qMPS,21,3,-5.187595911563879e-05
B2-qMPS,21,4,-4.609354048852021e-05
B2-qMPS,21,5,8.047541345127123e-05
B2-qMPS,22,0,-0.0008675145703634197
B2-qMPS,22,1,0.001714338747425856
B2-qMPS,22,2,0.00018146963766636767
B2-qMPS,22,3,0.00018146963766637136
B2-qMPS,22,4,-0.0029188591740298454
B2-qMPS,22,5,0.0037190650883627127
B2-qMPS,23,0,0.0003117928054315451
B2-qMPS,23,1,-0.0010041738703836039
B2-qMPS,23,2,-0.00015140772008646986
B2-qMPS,23,3,-0.00015140772008646167
B2-qMPS,23,4,0.007068198145048151
B2-qMPS,23,5,0.010177591448098629
B2-qMPS,24,0,-0.00012419352392081402
B2-qMPS,24,1,9.506793645505557e-05
B2-qMPS,24,2,0.0001618865162747234
B2-qMPS,24,3,0.00016188651627472165
B2-qMPS,24,4,0.0012604212514992672
B2-qMPS,24,5,-0.0010349143592418243
B2-qMPS,25,0,0.00045754333939206543
B2-qMPS,25,1,-0.0012454817921599833
B2-qMPS,25,2,-6.055497983829759e-05
B2-qMPS,25,3,-6.0554979838296956e-05
B2-qMPS,25,4,-0.0004898104981331235
B2-qMPS,25,5,-0.0010816752474886132
B2-qMPS,26,0,-0.001484467690362101
B2-qMPS,26,1,0.004476150609279243
B2-qMPS,26,2,-0.002833994135963239
B2-qMPS,26,3,-0.002833994135963308
B2-qMPS,26,4,0.019265869230373656
B2-qMPS,26,5,0.011232386525565283
B2-qMPS,27,0,0.000482145429659577
B2-qMPS,27,1,0.0016949566814605747
B2-qMPS,27,2,0.0005222651647431808
B2-qMPS,27,3,0.000522265164743188
B2-qMPS,27,4,0.0023623031132486627
B2-qMPS,27,5,-0.001120985605291442
B2-qMPS,28,0,1.6748282300406267e-05
B2-qMPS,28,1,0.00025914107727555185
B2-qMPS,28,2,-1.9190049997711074e-05
B2-qMPS,28,3,-1.9190049997717478e-05
B2-qMPS,28,4,0.0020348991183920004
B2-qMPS,28,5,-0.00036790542917542867
B2-qMPS,29,0,-0.00026019045083913
B2-qMPS,29,1,-0.0002651121976629679
B2-qMPS,29,2,0.0005022971829991979
B2-qMPS,29,3,0.0005022971829992126
B2-qMPS,29,4,0.0019122600982721314
B2-qMPS,29,5,0.000657518597689709
B2-qMPS,30,0,-1.2381568905985852e-08
B2-qMPS,30,1,1.1111389108440552e-07
B2-qMPS,30,2,1.1111366529211995e-08
B2-qMPS,30,3,1.1111366529258313e-08
B2-qMPS,30,4,-2.1862211116905765e-05
B2-qMPS,30,5,4.6081885565654375e-06
B2-qMPS,31,0,-0.0035148321905658125
B2-qMPS,31,1,0.015675277149196486
B2-qMPS,31,2,-0.0004909947203988888
B2-qMPS,31,3,-0.0004909947203989066
B2-qMPS,31,4,0.011058190552788283
B2-qMPS,31,5,0.07893098828696117
B2-qMPS,32,0,0.00034852761804806304
B2-qMPS,32,1,-0.0030928636181058924
B2-qMPS,32,2,-0.00033785073394035684
B2-qMPS,32,3,-0.0003378507339403516
B2-qMPS,32,4,0.0003252836246610443
B2-qMPS,32,5,-0.001580106463620605
B2-qMPS,33,0,-0.0007351093204975951
B2-qMPS,33,1,0.0004574528393275519
B2-qMPS,33,2,4.32101350295695e-05
B2-qMPS,33,3,4.321013502957097e-05
B2-qMPS,33,4,6.684798883941929e-06
B2-qMPS,33,5,0.0006723765575351953
B2-qMPS,34,0,-0.003242095428163369
B2-qMPS,34,1,-0.009315206614192665
B2-qMPS,34,2,-0.00213265307575344
B2-qMPS,34,3,-0.0021326530757534816
B2-qMPS,34,4,0.02232595221244986
B2-qMPS,34,5,-0.007752115297842486
B2-qMPS,35,0,-0.00023885166951443426
B2-qMPS,35,1,-0.000469898411083371
B2-qMPS,35,2,0.0007455651114357346
B2-qMPS,35,3,0.0007455651114357356
B2-qMPS,35,4,-0.0001160766689745091
B2-qMPS,35,5,-0.002010729477930013
B2-qMPS,36,0,-0.0004896313649817137
B2-qMPS,36,1,-0.004551479696325808
B2-qMPS,36,2,-0.00031905176661155667
B2-qMPS,36,3,-0.00031905176661154827
B2-qMPS,36,4,-0.0009348449782299326
B2-qMPS,36,5,-0.00035176179335807864
B2-qMPS,37,0,-5.403212774713778e-05
B2-qMPS,37,1,0.0005762243507876765
B2-qMPS,37,2,6.462127353540039e-05
B2-qMPS,37,3,6.462127353539932e-05
B2-qMPS,37,4,-0.00023159660523382598
B2-qMPS,37,5,-0.0002863938974638492
B2-qMPS,38,0,3.800960694801489e-05
B2-qMPS,38,1,6.888264330707576e-05
B2-qMPS,38,2,1.513115442086578e-05
B2-qMPS,38,3,1.5131154420864201e-05
B2-qMPS,38,4,-0.0007763935600382504
B2-qMPS,38,5,-0.0008956158464302173
B2-qMPS,39,0,-0.017082134782200366
B2-qMPS,39,1,0.038955535199067276
B2-qMPS,39,2,0.003110431474617102
B2-qMPS,39,3,0.003110431474617091
B2-qMPS,39,4,0.00917837793858127
B2-qMPS,39,5,0.008475887214187914
B2-qMPS,40,0,1.374551108943213e-05
B2-qMPS,40,1,0.003702067810018001
B2-qMPS,40,2,0.00031666660432473403
B2-qMPS,40,3,0.0003166666043247373
B2-qMPS,40,4,-0.001624532276028026
B2-qMPS,40,5,-0.0009846780918765455
B2-qMPS,41,0,-0.0002627501524151582
B2-qMPS,41,1,-0.00030629799514496776
B2-qMPS,41,2,-0.00011851856230511738
B2-qMPS,41,3,-0.00011851856230511892
B2-qMPS,41,4,7.98203513809105e-05
B2-qMPS,41,5,0.00011557591492140019
B2-qMPS,42,0,4.994511107655946e-06
B2-qMPS,42,1,2.259046201864176e-05
B2-qMPS,42,2,-4.811233039934447e-06
B2-qMPS,42,3,-4.811233039934737e-06
B2-qMPS,42,4,-7.137085525838474e-06
B2-qMPS,42,5,0.00011113358621985443
B2-qMPS,43,0,-2.4944965507292786e-05
B2-qMPS,43,1,9.393796678468871e-06
B2-qMPS,43,2,1.6826102452065326e-05
B2-qMPS,43,3,1.6826102452064866e-05
B2-qMPS,43,4,9.429247299482546e-05
B2-qMPS,43,5,1.902548116548767e-05
B2-qMPS,44,0,-0.00030546004069126684
B2-qMPS,44,1,-0.0006858368515481243
B2-qMPS,44,2,-5.998178760941241e-05
B2-qMPS,44,3,-5.99817876094077e-05
B2-qMPS,44,4,2.7893751760691213e-05
B2-qMPS,44,5,0.0002708562941829747
B2-qMPS,45,0,0.00335253624191103
B2-qMPS,45,1,-0.003338404231600367
B2-qMPS,45,2,-8.828592965249615e-05
B2-qMPS,45,3,-8.828592965250163e-05
B2-qMPS,45,4,0.00016865497342164173
B2-qMPS,45,5,-0.003509329131005024
B2-qMPS,46,0,-0.0002399094309738191
B2-qMPS,46,1,0.00013715249626369616
B2-qMPS,46,2,4.577355040543687e-05
B2-qMPS,46,3,4.577355040542034e-05
B2-qMPS,46,4,0.0006638802935434034
B2-qMPS,46,5,-0.0010807951756842567
B2-qMPS,47,0,-4.4987236349786627e-05
B2-qMPS,47,1,-0.000300160437134396
B2-qMPS,47,2,1.9057486116313253e-05
B2-qMPS,47,3,1.905748611631129e-05
B2-qMPS,47,4,0.00017628953577656156
B2-qMPS,47,5,-0.0011374007570696817
B2-qMPS,48,0,0.001248667906594756
B2-qMPS,48,1,0.0013142553678648385
B2-qMPS,48,2,8.535078732012641e-06
B2-qMPS,48,3,8.535078732030697e-06
B2-qMPS,48,4,0.0014766335317747384
B2-qMPS,48,5,0.0021519415681946863
B2-qMPS,49,0,-0.0008299444784611757
B2-qMPS,49,1,0.0041769360514426505
B2-qMPS,49,2,0.0002886058397511095
B2-qMPS,49,3,0.00028860583975108913
B2-qMPS,49,4,0.0003554807216639602
B2-qMPS,49,5,-0.0038066132223312874
B2-qMPS,50,0,-2.2312596134543773e-05
B2-qMPS,50,1,5.000976591803712e-05
B2-qMPS,50,2,-6.784452518529947e-05
B2-qMPS,50,3,-6.78445251853007e-05
B2-qMPS,50,4,-0.00029401535872556115
B2-qMPS,50,5,0.00034193625837320953
B2-qMPS,51,0,-0.0008094554774023065
B2-qMPS,51,1,-0.00080308274608671
B2-qMPS,51,2,-0.00015771395502520025
B2-qMPS,51,3,-0.00015771395502519754
B2-qMPS,51,4,-0.002912099886500099
B2-qMPS,51,5,-0.0034837794054040105
B2-qMPS,52,0,0.00010106824805448325
B2-qMPS,52,1,-0.00013668578275011353
B2-qMPS,52,2,5.2451127166575653e-05
B2-qMPS,52,3,5.245112716657556e-05
B2-qMPS,52,4,-0.00025160357853870987
B2-qMPS,52,5,-0.0002503862959568952
B2-qMPS,53,0,5.349321679678165e-05
B2-qMPS,53,1,-0.0007827422080287863
B2-qMPS,53,2,0.0013211592295971834
B2-qMPS,53,3,0.0013211592295971786
B2-qMPS,53,4,-0.00048757732666957404
B2-qMPS,53,5,-0.002176195137393114
B2-qMPS,54,0,0.004815179116660062
B2-qMPS,54,1,-0.002375394337384257
B2-qMPS,54,2,0.002948455278832187
B2-qMPS,54,3,0.0029484552788321874
B2-qMPS,54,4,0.0011628178093456949
B2-qMPS,54,5,-0.0006519715880906598
B2-qMPS,55,0,-0.000327779959414702
B2-qMPS,55,1,0.001185237846660128
B2-qMPS,55,2,0.0005111806266546784
B2-qMPS,55,3,0.0005111806266546822
B2-qMPS,55,4,-0.011618440824694591
B2-qMPS,55,5,-0.03384876340497205
B2-qMPS,56,0,0.002030953701742419
B2-qMPS,56,1,0.00035907391878569527
B2-qMPS,56,2,0.001949123280278778
B2-qMPS,56,3,0.0019491232802787818
B2-qMPS,56,4,-0.0015523273220292865
B2-qMPS,56,5,-5.721384836605694e-05
B2-qMPS,57,0,-0.001412630765440186
B2-qMPS,57,1,-0.0040245119101538955
B2-qMPS,57,2,-0.005634954026371843
B2-qMPS,57,3,-0.005634954026371839
B2-qMPS,57,4,0.02212067148620116
B2-qMPS,57,5,0.020127737355202346
B2-qMPS,58,0,-0.00950809494211023
B2-qMPS,58,1,-0.002476177749362648
B2-qMPS,58,2,0.005186072575393192
B2-qMPS,58,3,0.00518607257539318
B2-qMPS,58,4,-0.0002796636679310479
B2-qMPS,58,5,0.004466659846782113
B2-qMPS,59,0,-0.000887659004880423
B2-qMPS,59,1,-0.0003659811466207034
B2-qMPS,59,2,-0.0006642500763730022
B2-qMPS,59,3,-0.0006642500763729923
B2-qMPS,59,4,1.6984220103706662e-05
B2-qMPS,59,5,-0.0003152873896087627
B2-qMPS,60,0,-0.0015025828042113528
B2-qMPS,60,1,0.007462679265951248
B2-qMPS,60,2,0.002043915416039443
B2-qMPS,60,3,0.002043915416039457
B2-qMPS,60,4,-0.005013128237346193
B2-qMPS,60,5,-0.0016033627607785347
B2-qMPS,61,0,-7.779638197395775e-05
B2-qMPS,61,1,0.0005981322975350378
B2-qMPS,61,2,-1.4736601929736841e-05
B2-qMPS,61,3,-1.4736601929722983e-05
B2-qMPS,61,4,0.0007125589508688549
B2-qMPS,61,5,0.00037775201657805037
B2-qMPS,62,0,-0.0016492058566897345
B2-qMPS,62,1,0.0031494705553329113
B2-qMPS,62,2,-0.0005740322522902673
B2-qMPS,62,3,-0.0005740322522902555
B2-qMPS,62,4,-0.0009488324114302435
B2-qMPS,62,5,0.00795566852919603
B2-qMPS,63,0,-1.3761172622095136e-06
B2-qMPS,63,1,-1.0753788084206695e-05
B2-qMPS,63,2,2.3241597011703844e-07
B2-qMPS,63,3,2.3241597011709575e-07
B2-qMPS,63,4,-1.0940424455905365e-05
B2-qMPS,63,5,-7.3412149176559736e-06
B2-qMPS,64,0,0.0007592088479011769
B2-qMPS,64,1,0.00017499297252073778
B2-qMPS,64,2,-0.0008356884247681002
B2-qMPS,64,3,-0.0008356884247681011
B2-qMPS,64,4,-0.0004432285204367413
B2-qMPS,64,5,5.292834969070896e-05
B2-qMPS,65,0,-5.178494700803933e-05
B2-qMPS,65,1,-0.00208225062663096
B2-qMPS,65,2,-0.0022181049116759186
B2-qMPS,65,3,-0.0022181049116759303
B2-qMPS,65,4,0.002169164170450711
B2-qMPS,65,5,-0.0029356220393818985
B2-qMPS,66,0,-0.005626260050006656
B2-qMPS,66,1,0.00823222182910993
B2-qMPS,66,2,-0.002274470597355814
B2-qMPS,66,3,-0.0022744705973558473
B2-qMPS,66,4,-0.001109483652437704
B2-qMPS,66,5,-0.0031973485231660266
B2-qMPS,67,0,-0.01487750456497987
B2-qMPS,67,1,0.009204685775605565
B2-qMPS,67,2,0.013783858089964475
B2-qMPS,67,3,0.013783858089964473
B2-qMPS,67,4,-0.0062093171860625575
B2-qMPS,67,5,0.01155512851247896
B2-qMPS,68,0,0.00012975980381856725
B2-qMPS,68,1,-0.00022816342352610753
B2-qMPS,68,2,-0.00012919379054906425
B2-qMPS,68,3,-0.00012919379054906566
B2-qMPS,68,4,-0.00041272988633827483
B2-qMPS,68,5,0.0008636263226306738
B2-qMPS,69,0,-0.012999599370155792
B2-qMPS,69,1,0.0034211589435799174
B2-qMPS,69,2,0.009369134364652212
B2-qMPS,69,3,0.00936913436465224
B2-qMPS,69,4,-0.016985886700276683
B2-qMPS,69,5,-0.01238818767843108
B2-qMPS,70,0,-0.0027526517565168366
B2-qMPS,70,1,-0.003547794936534457
B2-qMPS,70,2,0.0034039373468009518
B2-qMPS,70,3,0.00340393734680096
B2-qMPS,70,4,0.00045203538732858917
B2-qMPS,70,5,-4.038227972574824e-05
B2-qMPS,71,0,-8.680425115384049e-05
B2-qMPS,71,1,0.0010686911277536617
B2-qMPS,71,2,-0.0018228966537376333
B2-qMPS,71,3,-0.001822896653737644
B2-qMPS,71,4,0.0007620837315273425
B2-qMPS,71,5,-0.0014247829192584327
B2-qMPS,72,0,0.0008188000809151155
B2-qMPS,72,1,-4.525382180343436e-05
B2-qMPS,72,2,0.0008770712846267276
B2-qMPS,72,3,0.0008770712846267254
B2-qMPS,72,4,0.002623848163029458
B2-qMPS,72,5,-0.00041951758338333817
B2-qMPS,73,0,-4.785631317606844e-05
B2-qMPS,73,1,0.0003349439580088885
B2-qMPS,73,2,0.00016131249962016888
B2-qMPS,73,3,0.00016131249962016787
B2-qMPS,73,4,0.0005535979907418246
B2-qMPS,73,5,-8.665076844593309e-05
B2-qMPS,74,0,7.873571670724491e-05
B2-qMPS,74,1,-0.0012459967184636463
B2-qMPS,74,2,0.0008430314600245083
B2-qMPS,74,3,0.0008430314600245034
B2-qMPS,74,4,-0.0025674644792035672
B2-qMPS,74,5,0.0006710154167708988
B2-qMPS,75,0,-8.140001959517581e-05
B2-qMPS,75,1,1.5251691729937441e-06
B2-qMPS,75,2,5.6341639284423495e-05
B2-qMPS,75,3,5.634163928442374e-05
B2-qMPS,75,4,-0.0006657239773065543
B2-qMPS,75,5,-0.00033770185311846973
B2-qMPS,76,0,0.0004277114240240914
B2-qMPS,76,1,0.0011247596223766532
B2-qMPS,76,2,-0.0031861339895881556
B2-qMPS,76,3,-0.0031861339895881504
B2-qMPS,76,4,-0.00047713593469543537
B2-qMPS,76,5,0.003438631961424474
B2-qMPS,77,0,1.3752772812490124e-05
B2-qMPS,77,1,-0.0009482677349382993
B2-qMPS,77,2,-0.0022034708618550503
B2-qMPS,77,3,-0.002203470861855027
B2-qMPS,77,4,-0.0011460314364030984
B2-qMPS,77,5,0.0038491099588637235
B2-qMPS,78,0,6.682500123502945e-05
B2-qMPS,78,1,0.0005780142309307424
B2-qMPS,78,2,-7.36030196957422e-05
B2-qMPS,78,3,-7.360301969574264e-05
B2-qMPS,78,4,0.00024664510146488693
B2-qMPS,78,5,0.0006229894473288122
B2-qMPS,79,0,-0.009411248844275565
B2-qMPS,79,1,0.003572647990751717
B2-qMPS,79,2,0.005823739153285878
B2-qMPS,79,3,0.005823739153285889
B2-qMPS,79,4,0.0015777354912068636
B2-qMPS,79,5,0.00504211157182722
B2-qMPS,80,0,-0.003934784940833826
B2-qMPS,80,1,0.0026083641032418974
B2-qMPS,80,2,-0.003489150068813562
B2-qMPS,80,3,-0.0034891500688135732
B2-qMPS,80,4,-0.003136278381927091
B2-qMPS,80,5,-0.00700058630890468
B2-qMPS,81,0,0.002969950554842278
B2-qMPS,81,1,0.0019041386312639965
B2-qMPS,81,2,-0.00013963561515171428
B2-qMPS,81,3,-0.0001396356151517189
B2-qMPS,81,4,0.0010687826503050465
B2-qMPS,81,5,-0.0020788594807347746
B2-qMPS,82,0,5.844381981027709e-05
B2-qMPS,82,1,-0.00017831372453727847
B2-qMPS,82,2,-7.21904575213647e-05
B2-qMPS,82,3,-7.219045752136431e-05
B2-qMPS,82,4,0.0007286372750256065
B2-qMPS,82,5,0.0004623183778787609
B2-qMPS,83,0,0.0002280942097906299
B2-qMPS,83,1,0.000310041379328487
B2-qMPS,83,2,0.0004462928800832837
B2-qMPS,83,3,0.0004462928800832925
B2-qMPS,83,4,0.003475078065230084
B2-qMPS,83,5,0.008664050982060216
B2-qMPS,84,0,9.458025473050566e-05
B2-qMPS,84,1,-0.000856427825118845
B2-qMPS,84,2,0.0014843121871456041
B2-qMPS,84,3,0.001484312187145607
B2-qMPS,84,4,-0.00013428672433565483
B2-qMPS,84,5,-0.002710495379082352
B2-qMPS,85,0,-0.004477478843147124
B2-qMPS,85,1,0.0011378158544666447
B2-qMPS,85,2,-0.0015295157968235064
B2-qMPS,85,3,-0.001529515796823546
B2-qMPS,85,4,1.2011914689202641e-05
B2-qMPS,85,5,0.0056207135269252745
B2-qMPS,86,0,5.114518632800149e-05
B2-qMPS,86,1,-0.009093754380437833
B2-qMPS,86,2,-0.0027252166732792075
B2-qMPS,86,3,-0.0027252166732791975
B2-qMPS,86,4,0.0036420586963864963
B2-qMPS,86,5,0.006078996261789043
B2-qMPS,87,0,-4.689738623279702e-05
B2-qMPS,87,1,0.002155793054296921
B2-qMPS,87,2,0.0005102542460216612
B2-qMPS,87,3,0.0005102542460216678
B2-qMPS,87,4,-7.105685360821306e-06
B2-qMPS,87,5,-0.0003551556978392138
B2-qMPS,88,0,-0.0005898186298352122
B2-qMPS,88,1,-0.0013598851935333295
B2-qMPS,88,2,0.0030575907007210144
B2-qMPS,88,3,0.003057590700721017
B2-qMPS,88,4,-0.0004858928299631498
B2-qMPS,88,5,-0.0009916667982425554
B2-qMPS,89,0,0.000536759645821023
B2-qMPS,89,1,-0.0002148228417507761
B2-qMPS,89,2,-0.0007479034310822281
B2-qMPS,89,3,-0.0007479034310822344
B2-qMPS,89,4,0.004097760115467653
B2-qMPS,89,5,-0.000948932929511405
B2-qMPS,90,0,-0.004693858583394452
B2-qMPS,90,1,-0.006888706806542086
B2-qMPS,90,2,0.008749512776513526
B2-qMPS,90,3,0.008749512776513544
B2-qMPS,90,4,-0.0009441072199847729
B2-qMPS,90,5,-0.006717922261735459
B2-qMPS,91,0,-0.0004952888921380029
B2-qMPS,91,1,-6.62551034746142e-05
B2-qMPS,91,2,-1.0216138316939364e-05
B2-qMPS,91,3,-1.0216138316927416e-05
B2-qMPS,91,4,9.621971230767334e-06
B2-qMPS,91,5,0.0001177474020610374
B2-qMPS,92,0,9.766421801356837e-05
B2-qMPS,92,1,0.0008349642061554921
B2-qMPS,92,2,0.0005948802822859356
B2-qMPS,92,3,0.0005948802822859331
B2-qMPS,92,4,0.00021982613359948201
B2-qMPS,92,5,-0.0003393811713071724
B2-qMPS,93,0,-0.0001927914007250126
B2-qMPS,93,1,-0.0002364821771211727
B2-qMPS,93,2,-0.00010447965846936244
B2-qMPS,93,3,-0.00010447965846937282
B2-qMPS,93,4,0.00029974313640313894
B2-qMPS,93,5,0.00023857790792773212
B2-qMPS,94,0,-0.003329026990464129
B2-qMPS,94,1,0.0056317267662281
B2-qMPS,94,2,-0.004356026825698754
B2-qMPS,94,3,-0.004356026825698757
B2-qMPS,94,4,0.0013601522084518845
B2-qMPS,94,5,0.001723579135325672
B2-qMPS,95,0,-7.821755656966614e-05
B2-qMPS,95,1,-0.0005560854197875879
B2-qMPS,95,2,-0.0002933891714328866
B2-qMPS,95,3,-0.0002933891714328858
B2-qMPS,95,4,-0.00016280027370332812
B2-qMPS,95,5,-0.0009780487131179764
B2-qMPS,96,0,-5.668904609462565e-05
B2-qMPS,96,1,0.0009675844255048513
B2-qMPS,96,2,-0.0002695677487646747
B2-qMPS,96,3,-0.00026956774876467284
B2-qMPS,96,4,-0.0032884606582644915
B2-qMPS,96,5,0.0004861815124534631
B2-qMPS,97,0,-0.0038092870864168435
B2-qMPS,97,1,0.004344439859547598
B2-qMPS,97,2,0.0029208446816233087
B2-qMPS,97,3,0.002920844681623303
B2-qMPS,97,4,-0.004818697482804025
B2-qMPS,97,5,-0.020144448020460805
B2-qMPS,98,0,-0.0006653276771429186
B2-qMPS,98,1,-0.00016970934133114148
B2-qMPS,98,2,-0.0007565945036765043
B2-qMPS,98,3,-0.0007565945036765017
B2-qMPS,98,4,-0.0006163781723878589
B2-qMPS,98,5,0.0027303404863396868
B2-qMPS,99,0,-0.0031087306048997324
B2-qMPS,99,1,-0.0036499815715447404
B2-qMPS,99,2,-0.0027391544772103708
B2-qMPS,99,3,-0.0027391544772103664
B2-qMPS,99,4,-0.001195541681732495
B2-qMPS,99,5,-0.022709167866952255
B3-Layer,0,0,-0.07134658087093423
B3-Layer,0,1,0.0016423234016096659
B3-Layer,0,2,0.05184321872971352
B3-Layer,0,3,-0.000443171271621649
B3-Layer,0,4,0.003776768519228246
B3-Layer,0,5,-7.246392096417921e-05
B3-Layer,1,0,-0.004005990856917439
B3-Layer,1,1,-1.5452394758759265e-05
B3-Layer,1,2,-0.03089568255667506
B3-Layer,1,3,0.024401127164693406
B3-Layer,1,4,0.03455931981023125
B3-Layer,1,5,0.004325330967949325
B3-Layer,2,0,0.02519011552312705
B3-Layer,2,1,0.03116749972681156
B3-Layer,2,2,0.03839871442507398
B3-Layer,2,3,-0.058995178905377726
B3-Layer,2,4,0.014257173266101661
B3-Layer,2,5,0.006241394499300618
B3-Layer,3,0,0.059941408409281687
B3-Layer,3,1,-0.018547651865888522
B3-Layer,3,2,0.04439758446079424
B3-Layer,3,3,-0.0016553768405705856
B3-Layer,3,4,0.018278041462313616
B3-Layer,3,5,0.00024188923787700684
B3-Layer,4,0,-0.09332320724671943
B3-Layer,4,1,-0.00552710809439419
B3-Layer,4,2,-0.04813973037060408
B3-Layer,4,3,-0.009680996829319223
B3-Layer,4,4,0.064181196645716
B3-Layer,4,5,0.0006370320179791102
B3-Layer,5,0,-0.03662580302586572
B3-Layer,5,1,0.0004120579716134739
B3-Layer,5,2,-0.053576770992876686
B3-Layer,5,3,0.06121622767696243
B3-Layer,5,4,-0.02569177043800798
B3-Layer,5,5,-0.01797876936589584
B3-Layer,6,0,0.06660789563453115
B3-Layer,6,1,-0.009791782246282138
B3-Layer,6,2,0.08285888609658885
B3-Layer,6,3,0.011817443965843942
B3-Layer,6,4,0.01760271797059834
B3-Layer,6,5,-0.00044416626895753454
B3-Layer,7,0,0.005881655268698659
B3-Layer,7,1,-0.02747616399453107
B3-Layer,7,2,0.01461558933754034
B3-Layer,7,3,0.057835343002395775
B3-Layer,7,4,-0.08129781770343208
B3-Layer,7,5,-0.001045392369360293
B3-Layer,8,0,0.017870164969138274
B3-Layer,8,1,0.0012600794666124215
B3-Layer,8,2,0.08256314222581314
B3-Layer,8,3,-0.007275812016256934
B3-Layer,8,4,0.011510293082171892
B3-Layer,8,5,0.00035392195125276416
B3-Layer,9,0,0.07791538081534034
B3-Layer,9,1,-0.00482950771614486
B3-Layer,9,2,0.021420556766846018
B3-Layer,9,3,0.0023938919076428745
B3-Layer,9,4,0.0011086131797889093
B3-Layer,9,5,5.913216863155937e-06
B3-Layer,10,0,-0.02149368899088957
B3-Layer,10,1,-0.0069283557755704505
B3-Layer,10,2,0.0011596369316316006
B3-Layer,10,3,0.0007393855638934796
B3-Layer,10,4,-0.0014039123671401009
B3-Layer,10,5,4.402561475980811e-05
B3-Layer,11,0,-0.14623964312644933
B3-Layer,11,1,-0.012840384990198564
B3-Layer,11,2,-0.012806208750057084
B3-Layer,11,3,0.0013423058944493009
B3-Layer,11,4,-0.012700988165664177
B3-Layer,11,5,-8.750157165982477e-05
B3-Layer,12,0,-0.009246419621519942
B3-Layer,12,1,0.003769441888416942
B3-Layer,12,2,-0.1099456725553717
B3-Layer,12,3,-0.022818415159521266
B3-Layer,12,4,-0.15138765359521322
B3-Layer,12,5,3.352941158718906e-05
B3-Layer,13,0,-0.046572212082657355
B3-Layer,13,1,0.0007662407059238796
B3-Layer,13,2,0.04570865083663077
B3-Layer,13,3,0.008658180749729317
B3-Layer,13,4,-0.004984422352050595
B3-Layer,13,5,0.014520779629913138
B3-Layer,14,0,0.0384367488732523
B3-Layer,14,1,-0.005810994781361802
B3-Layer,14,2,-0.04573577319750345
B3-Layer,14,3,0.00018761160589139144
B3-Layer,14,4,0.002027465731854744
B3-Layer,14,5,0.0002689424619912732
B3-Layer,15,0,0.06968960941879324
B3-Layer,15,1,0.00038568539548532014
B3-Layer,15,2,0.0001253671664222461
B3-Layer,15,3,-0.000735042877274219
B3-Layer,15,4,0.047511684151914084
B3-Layer,15,5,2.0745645302917615e-08
B3-Layer,16,0,-0.10171985744472577
B3-Layer,16,1,0.0014577387824008697
B3-Layer,16,2,0.08342991975934858
B3-Layer,16,3,-0.0044166047387537094
B3-Layer,16,4,0.046133950567353386
B3-Layer,16,5,0.0034218909695328203
B3-Layer,17,0,0.05215781135288832
B3-Layer,17,1,-0.005157229808836782
B3-Layer,17,2,-0.05960260314123528
B3-Layer,17,3,0.006728981154272953
B3-Layer,17,4,0.027350571472517578
B3-Layer,17,5,0.004280993710061462
B3-Layer,18,0,1.1596367960787965e-05
B3-Layer,18,1,0.020636493058654136
B3-Layer,18,2,-0.06530685994269546
B3-Layer,18,3,0.002757834618532508
B3-Layer,18,4,-0.02167207217884043
B3-Layer,18,5,-0.003701839237055501
B3-Layer,19,0,0.0011987300252150903
B3-Layer,19,1,-0.00417921860402404
B3-Layer,19,2,-0.06896897325101052
B3-Layer,19,3,-0.019788254173841245
B3-Layer,19,4,-0.10592618338521467
B3-Layer,19,5,0.0022340203535830445
B3-Layer,20,0,-0.06470010808493667
B3-Layer,20,1,0.019311629749208626
B3-Layer,20,2,-0.04217698638494621
B3-Layer,20,3,0.06574690583725817
B3-Layer,20,4,-0.01460810365923302
B3-Layer,20,5,0.00521146085802568
B3-Layer,21,0,0.03525411650453093
B3-Layer,21,1,5.603688187254126e-05
B3-Layer,21,2,0.05212942114525474
B3-Layer,21,3,0.01757124834736194
B3-Layer,21,4,-0.011967313768807514
B3-Layer,21,5,-0.00030798366374064617
B3-Layer,22,0,-0.06771695755480528
B3-Layer,22,1,0.002088100302626261
B3-Layer,22,2,-0.012979830032395093
B3-Layer,22,3,0.05523878931873154
B3-Layer,22,4,0.012399166620020012
B3-Layer,22,5,0.0005328672086056811
B3-Layer,23,0,-0.02224972632492971
B3-Layer,23,1,0.00010618055369777619
B3-Layer,23,2,-0.06400251611691968
B3-Layer,23,3,0.006766666110590298
B3-Layer,23,4,0.05311498496365794
B3-Layer,23,5,-0.005973408048055021
B3-Layer,24,0,-0.039267235241323646
B3-Layer,24,1,-0.07083370710873385
B3-Layer,24,2,0.00502454425529431
B3-Layer,24,3,0.002830446460403149
B3-Layer,24,4,0.06188251380664501
B3-Layer,24,5,-2.6101523635283244e-07
B3-Layer,25,0,0.011560203386597509
B3-Layer,25,1,0.007262912291137132
B3-Layer,25,2,0.12360679849545787
B3-Layer,25,3,0.008018632886923617
B3-Layer,25,4,0.02935337327492976
B3-Layer,25,5,-0.002072740787939704
B3-Layer,26,0,0.07019574203933192
B3-Layer,26,1,0.00026648029427195233
B3-Layer,26,2,-0.055842328853537945
B3-Layer,26,3,-0.006974137933747899
B3-Layer,26,4,0.06328146859424011
B3-Layer,26,5,0.0007049358945975071
B3-Layer,27,0,0.07532601436647314
B3-Layer,27,1,0.0017014351674038994
B3-Layer,27,2,0.06768115652830613
B3-Layer,27,3,-0.030019390480056016
B3-Layer,27,4,0.014456512905019786
B3-Layer,27,5,0.0012242589331019874
B3-Layer,28,0,-0.007966431171762066
B3-Layer,28,1,0.03148896124861193
B3-Layer,28,2,-0.057060554344944274
B3-Layer,28,3,0.04814341065620535
B3-Layer,28,4,-0.04141412558477953
B3-Layer,28,5,-1.176045478689799e-06
B3-Layer,29,0,0.03086930454660964
B3-Layer,29,1,-0.00048363269300186505
B3-Layer,29,2,-0.021569727128432557
B3-Layer,29,3,-0.012980138894505413
B3-Layer,29,4,-0.021173333774994516
B3-Layer,29,5,-1.0702333657251446e-05
B3-Layer,30,0,0.01750870590660185
B3-Layer,30,1,-0.00017467368623020634
B3-Layer,30,2,0.03718817856821459
B3-Layer,30,3,-0.042117546388966046
B3-Layer,30,4,-0.05891116647171328
B3-Layer,30,5,0.0026488722737300486
B3-Layer,31,0,0.09173364863906351
B3-Layer,31,1,-0.0029035556308213656
B3-Layer,31,2,-0.056178465119205184
B3-Layer,31,3,-0.0089374829074802
B3-Layer,31,4,-0.029446178567068576
B3-Layer,31,5,-0.00021598525718572711
B3-Layer,32,0,0.13294992510889256
B3-Layer,32,1,-0.006270476746242569
B3-Layer,32,2,-0.014946439175755269
B3-Layer,32,3,2.9900969785079723e-05
B3-Layer,32,4,0.005183297795940144
B3-Layer,32,5,-0.0020697664107971626
B3-Layer,33,0,-0.07857034261908397
B3-Layer,33,1,0.010299376431846256
B3-Layer,33,2,0.025886125458257348
B3-Layer,33,3,-0.024944194012768827
B3-Layer,33,4,-0.0021796739720569337
B3-Layer,33,5,-0.0027688339071103374
B3-Layer,34,0,0.027006672504377736
B3-Layer,34,1,-6.585840293962644e-05
B3-Layer,34,2,0.11159427775310182
B3-Layer,34,3,0.007500246701273468
B3-Layer,34,4,0.040743008649275596
B3-Layer,34,5,0.006423716819307967
B3-Layer,35,0,-0.03209124249485252
B3-Layer,35,1,0.02490718726687923
B3-Layer,35,2,0.03662211402189519
B3-Layer,35,3,0.005293593459354322
B3-Layer,35,4,-0.04237118250540477
B3-Layer,35,5,0.0026032481834088114
B3-Layer,36,0,0.01466213500476252
B3-Layer,36,1,-0.004575082178362277
B3-Layer,36,2,-0.03278338081299382
B3-Layer,36,3,0.06642164678512631
B3-Layer,36,4,0.019723044689549933
B3-Layer,36,5,-0.0055317139799174525
B3-Layer,37,0,-0.08292253642372022
B3-Layer,37,1,0.01732684961380159
B3-Layer,37,2,0.09996645646961545
B3-Layer,37,3,0.006031676102061828
B3-Layer,37,4,0.003911218479632527
B3-Layer,37,5,0.00023859454123855678
B3-Layer,38,0,-0.03968569310629384
B3-Layer,38,1,-0.0014670016544576496
B3-Layer,38,2,0.04668222568640376
B3-Layer,38,3,0.071337134170624
B3-Layer,38,4,0.09574471480200923
B3-Layer,38,5,-0.0022306786093253977
B3-Layer,39,0,-0.10345438661683007
B3-Layer,39,1,-0.01574015967200465
B3-Layer,39,2,0.05553492437469212
B3-Layer,39,3,0.012251920639936966
B3-Layer,39,4,-0.02558681381452596
B3-Layer,39,5,0.00020451642692733768
B3-Layer,40,0,-0.006753204818849614
B3-Layer,40,1,0.003827427706196348
B3-Layer,40,2,0.024371401906339914
B3-Layer,40,3,-0.0008645218939249847
B3-Layer,40,4,-0.027849188265947858
B3-Layer,40,5,2.073393247126642e-06
B3-Layer,41,0,-0.061937068471225445
B3-Layer,41,1,0.008645935737756471
B3-Layer,41,2,-0.023965751206635688
B3-Layer,41,3,-0.006054124731942087
B3-Layer,41,4,0.010862764671736415
B3-Layer,41,5,0.0012827654216187687
B3-Layer,42,0,-0.03742094467120845
B3-Layer,42,1,0.005913076276333469
B3-Layer,42,2,-0.13324348536591923
B3-Layer,42,3,-0.01927003669054983
B3-Layer,42,4,0.060635716839246484
B3-Layer,42,5,0.0029381996715427882
B3-Layer,43,0,0.007487014260042641
B3-Layer,43,1,-0.005736323878804369
B3-Layer,43,2,-0.011121006828453088
B3-Layer,43,3,0.006330838485758581
B3-Layer,43,4,0.0293795349662482
B3-Layer,43,5,-3.903097715193464e-05
B3-Layer,44,0,-0.08503985012910942
B3-Layer,44,1,-0.022006992868054194
B3-Layer,44,2,0.005982222100735348
B3-Layer,44,3,-0.054166481578890605
B3-Layer,44,4,-0.10323179314176349
B3-Layer,44,5,-9.961073348127126e-05
B3-Layer,45,0,-0.00019986117760380836
B3-Layer,45,1,-0.0029409579549825203
B3-Layer,45,2,0.07358266060296235
B3-Layer,45,3,0.06519723615042515
B3-Layer,45,4,0.009259165202075398
B3-Layer,45,5,-0.00035242871942769586
B3-Layer,46,0,-0.02811604734742724
B3-Layer,46,1,-0.01697820755063839
B3-Layer,46,2,0.06738441327362373
B3-Layer,46,3,0.014758892056159054
B3-Layer,46,4,0.0007942141809033974
B3-Layer,46,5,-5.696798303373457e-05
B3-Layer,47,0,-0.007819271618030015
B3-Layer,47,1,-0.0042638605158654445
B3-Layer,47,2,-0.06280314182093209
B3-Layer,47,3,0.014830064883617933
B3-Layer,47,4,-0.0089740980636905
B3-Layer,47,5,0.000563703445672659
B3-Layer,48,0,0.06224230456933699
B3-Layer,48,1,0.009439663010382179
B3-Layer,48,2,0.02804988701195112
B3-Layer,48,3,-0.04009084516380098
B3-Layer,48,4,0.0034279592117836904
B3-Layer,48,5,0.00012218060119883214
B3-Layer,49,0,-0.06203431701252989
B3-Layer,49,1,-0.049867069710320865
B3-Layer,49,2,0.03451053730309113
B3-Layer,49,3,0.027625593135785984
B3-Layer,49,4,-0.01367773248628438
B3-Layer,49,5,0.04166640076577106
B3-Layer,50,0,0.012186369383667085
B3-Layer,50,1,-0.0019132127583512694
B3-Layer,50,2,0.005057419682013815
B3-Layer,50,3,-0.0118314908605762
B3-Layer,50,4,0.0700658808485235
B3-Layer,50,5,-9.368256538627759e-05
B3-Layer,51,0,0.016296105305326845
B3-Layer,51,1,0.0003292620353952681
B3-Layer,51,2,-0.022206211518547812
B3-Layer,51,3,-0.005228224733880752
B3-Layer,51,4,0.08505175595025855
B3-Layer,51,5,-0.0016618678423572155
B3-Layer,52,0,-0.018130557356702624
B3-Layer,52,1,-0.008472812552576921
B3-Layer,52,2,-0.04397928457107793
B3-Layer,52,3,0.02500141782789221
B3-Layer,52,4,-0.0371926537881968
B3-Layer,52,5,0.0002624850057980797
B3-Layer,53,0,0.048047551982869884
B3-Layer,53,1,-0.03687800785316777
B3-Layer,53,2,0.035066869924904896
B3-Layer,53,3,0.02125912739898561
B3-Layer,53,4,-0.015361738243506395
B3-Layer,53,5,-0.000486888486506878
B3-Layer,54,0,-0.03260444434810653
B3-Layer,54,1,-0.006627016480533815
B3-Layer,54,2,-0.02574367799580444
B3-Layer,54,3,-0.006409968715977159
B3-Layer,54,4,0.006268855937248587
B3-Layer,54,5,0.0003645240088297561
B3-Layer,55,0,0.025964177613955218
B3-Layer,55,1,-0.03959797825409395
B3-Layer,55,2,0.08518215298652669
B3-Layer,55,3,0.01202028801634115
B3-Layer,55,4,-0.006582464365526977
B3-Layer,55,5,-0.00614830423537697
B3-Layer,56,0,-0.027296479354386963
B3-Layer,56,1,0.018312005418233353
B3-Layer,56,2,-0.04553642935539015
B3-Layer,56,3,-0.0001443002510856419
B3-Layer,56,4,0.0011671525459538837
B3-Layer,56,5,-4.337241136100877e-07
B3-Layer,57,0,0.07745590960392995
B3-Layer,57,1,-0.009234564281011479
B3-Layer,57,2,-0.029045233070394354
B3-Layer,57,3,0.007114554490119676
B3-Layer,57,4,0.014962407304104133
B3-Layer,57,5,0.0007033152439874499
B3-Layer,58,0,0.09582947121047722
B3-Layer,58,1,0.015559792054974026
B3-Layer,58,2,0.0900569871225439
B3-Layer,58,3,0.049136912839854184
B3-Layer,58,4,-0.027353886930506978
B3-Layer,58,5,0.002663142029307719
B3-Layer,59,0,0.021608386776495517
B3-Layer,59,1,-0.013011486190374804
B3-Layer,59,2,-0.041120833482606145
B3-Layer,59,3,0.030907182100218922
B3-Layer,59,4,-0.002803079653734191
B3-Layer,59,5,-0.00018719914685238229
B3-Layer,60,0,0.004191326641969301
B3-Layer,60,1,1.3414811035119e-05
B3-Layer,60,2,0.07186575560677909
B3-Layer,60,3,-0.015894028587454163
B3-Layer,60,4,0.011878663091192343
B3-Layer,60,5,0.004360607056845812
B3-Layer,61,0,0.019319906166160423
B3-Layer,61,1,0.017951595633902202
B3-Layer,61,2,-0.005285633737632379
B3-Layer,61,3,-0.01988453723933098
B3-Layer,61,4,-0.011211362582534917
B3-Layer,61,5,0.0013219669860905523
B3-Layer,62,0,0.04999463532092171
B3-Layer,62,1,-0.0016902104883498486
B3-Layer,62,2,-0.009890767370587186
B3-Layer,62,3,0.0011508893084416594
B3-Layer,62,4,-0.021662684505061276
B3-Layer,62,5,-0.00012752870474662801
B3-Layer,63,0,0.015207210880233416
B3-Layer,63,1,0.0021154876805259486
B3-Layer,63,2,-0.05248284798958586
B3-Layer,63,3,0.0013548230407104723
B3-Layer,63,4,0.017336329242735714
B3-Layer,63,5,-1.8827006911096876e-05
B3-Layer,64,0,0.023062602955729723
B3-Layer,64,1,0.0001958942430770137
B3-Layer,64,2,-0.05133663134082724
B3-Layer,64,3,0.00355256292199009
B3-Layer,64,4,-0.016247272334805583
B3-Layer,64,5,-0.0012206604265407922
B3-Layer,65,0,-0.01507758915234788
B3-Layer,65,1,-0.0003821121773440534
B3-Layer,65,2,0.006428872833627907
B3-Layer,65,3,-5.501746551131203e-06
B3-Layer,65,4,0.0012393682654169042
B3-Layer,65,5,-8.691173376577475e-05
B3-Layer,66,0,0.03847346675984903
B3-Layer,66,1,0.040057989196213804
B3-Layer,66,2,0.004928692344423672
B3-Layer,66,3,0.002083653154350247
B3-Layer,66,4,0.014392373894365986
B3-Layer,66,5,0.002191061255049967
B3-Layer,67,0,0.03336977854416727
B3-Layer,67,1,-0.004003837199820652
B3-Layer,67,2,0.008793145404581648
B3-Layer,67,3,-0.0008324755201136548
B3-Layer,67,4,0.06075142152420963
B3-Layer,67,5,-4.419202404156033e-06
B3-Layer,68,0,-0.017758713588155776
B3-Layer,68,1,0.011763359793694875
B3-Layer,68,2,-0.06661877479390242
B3-Layer,68,3,0.0016400218311493654
B3-Layer,68,4,0.0006473821892939125
B3-Layer,68,5,0.001394085114696446
B3-Layer,69,0,0.03733304282370846
B3-Layer,69,1,0.0014192035644152005
B3-Layer,69,2,0.06971483010984146
B3-Layer,69,3,-0.00937222161035949
B3-Layer,69,4,0.036261880932950796
B3-Layer,69,5,-0.0050549065375430306
B3-Layer,70,0,-0.03497655065991071
B3-Layer,70,1,0.00916978679406967
B3-Layer,70,2,-0.0615245307439848
B3-Layer,70,3,0.11172323074523041
B3-Layer,70,4,-0.04596431654033819
B3-Layer,70,5,0.0015307586834170884
B3-Layer,71,0,0.0012068250369107183
B3-Layer,71,1,0.005265405107950906
B3-Layer,71,2,-0.03463652812849732
B3-Layer,71,3,0.03216102640517478
B3-Layer,71,4,0.04964539680725601
B3-Layer,71,5,-0.0014437036128619565
B3-Layer,72,0,0.007382947493335887
B3-Layer,72,1,-4.983967810745938e-05
B3-Layer,72,2,0.004107075337948709
B3-Layer,72,3,-0.0004998618977206088
B3-Layer,72,4,0.015874105487032327
B3-Layer,72,5,2.4979208817237406e-06
B3-Layer,73,0,-0.011772241460725955
B3-Layer,73,1,0.058598811858171694
B3-Layer,73,2,0.003008040091754812
B3-Layer,73,3,0.0026578205054387776
B3-Layer,73,4,-0.002029729697532687
B3-Layer,73,5,2.4364626568591073e-06
B3-Layer,74,0,-0.005011735756755779
B3-Layer,74,1,-0.00045426537144858215
B3-Layer,74,2,4.988914547493986e-05
B3-Layer,74,3,-0.0006343624677482581
B3-Layer,74,4,0.0008463704592101899
B3-Layer,74,5,-6.037825773365911e-08
B3-Layer,75,0,0.0039116094585142265
B3-Layer,75,1,0.0004939678669352988
B3-Layer,75,2,0.047363422792648255
B3-Layer,75,3,5.112920341209662e-06
B3-Layer,75,4,-0.011634562628312053
B3-Layer,75,5,0.008495187124989962
B3-Layer,76,0,0.1213065007402049
B3-Layer,76,1,-0.0074936439135610275
B3-Layer,76,2,-0.13529824694634315
B3-Layer,76,3,-0.0026116895067225215
B3-Layer,76,4,-0.01695098981436287
B3-Layer,76,5,0.0001573475172023516
B3-Layer,77,0,0.05876094408780063
B3-Layer,77,1,-0.006242028030411645
B3-Layer,77,2,-0.0061918598218125695
B3-Layer,77,3,0.010027099810762776
B3-Layer,77,4,0.05982409321800083
B3-Layer,77,5,2.327772367803108e-05
B3-Layer,78,0,0.08653907227580253
B3-Layer,78,1,0.00010156701277695045
B3-Layer,78,2,0.024861622585792515
B3-Layer,78,3,-0.0023726861103243687
B3-Layer,78,4,0.04107626235509638
B3-Layer,78,5,-0.0005140411486204811
B3-Layer,79,0,0.0183815099671532
B3-Layer,79,1,0.017486460269600754
B3-Layer,79,2,0.021936568456939403
B3-Layer,79,3,-0.0031423798529433573
B3-Layer,79,4,0.03180173317200385
B3-Layer,79,5,2.286526429996908e-05
B3-Layer,80,0,0.018962304248273068
B3-Layer,80,1,0.04492828075320579
B3-Layer,80,2,0.009550108956416354
B3-Layer,80,3,-0.009331239195182563
B3-Layer,80,4,0.06179180335690461
B3-Layer,80,5,0.0014755283704379182
B3-Layer,81,0,0.08643786471875202
B3-Layer,81,1,-1.5714672059736298e-05
B3-Layer,81,2,-0.07872250654318753
B3-Layer,81,3,-0.0001283836139375353
B3-Layer,81,4,0.00758066195782943
B3-Layer,81,5,0.003534323630357652
B3-Layer,82,0,0.03217396468305596
B3-Layer,82,1,9.181480683898051e-06
B3-Layer,82,2,0.06982614956419528
B3-Layer,82,3,0.0012235932149750911
B3-Layer,82,4,0.034398948290131195
B3-Layer,82,5,-0.00044637276384708975
B3-Layer,83,0,-0.06840923749956848
B3-Layer,83,1,-0.03710500065774069
B3-Layer,83,2,-0.140452372912328
B3-Layer,83,3,-0.07867734344946453
B3-Layer,83,4,0.005183888268765166
B3-Layer,83,5,-4.594418319079879e-06
B3-Layer,84,0,0.0033217022918918112
B3-Layer,84,1,0.007460990338040353
B3-Layer,84,2,-0.06602705738826704
B3-Layer,84,3,0.027094880352115394
B3-Layer,84,4,0.029456068795715176
B3-Layer,84,5,0.0014197819022749123
B3-Layer,85,0,-0.010875744664625165
B3-Layer,85,1,0.03373152718109454
B3-Layer,85,2,0.06883780606521137
B3-Layer,85,3,-0.047430947950263695
B3-Layer,85,4,0.01114954882367917
B3-Layer,85,5,0.0009924874370376136
B3-Layer,86,0,-0.040642366729338936
B3-Layer,86,1,-0.00643883351054844
B3-Layer,86,2,0.09217817620601498
B3-Layer,86,3,-0.00036537148676601847
B3-Layer,86,4,-0.0034331004558123693
B3-Layer,86,5,-0.0012124400673813652
B3-Layer,87,0,0.0815743200287576
B3-Layer,87,1,-0.0009452481269463124
B3-Layer,87,2,-0.03308289013337028
B3-Layer,87,3,0.0010195629005622395
B3-Layer,87,4,0.008112834532789671
B3-Layer,87,5,-0.0001123101272672258
B3-Layer,88,0,0.05231880933108774
B3-Layer,88,1,-0.0024658914088929993
B3-Layer,88,2,0.05030713893355108
B3-Layer,88,3,-0.004697314962034004
B3-Layer,88,4,0.0025691718935924126
B3-Layer,88,5,2.689195682191821e-06
B3-Layer,89,0,0.003336367345578706
B3-Layer,89,1,0.0017333677179398863
B3-Layer,89,2,-0.0008854476568961886
B3-Layer,89,3,-0.010082725345972803
B3-Layer,89,4,0.0018480167444627526
B3-Layer,89,5,0.00021009588023542913
B3-Layer,90,0,-0.021434587106734283
B3-Layer,90,1,0.004216256809493542
B3-Layer,90,2,0.011090380744923545
B3-Layer,90,3,0.010167751530337386
B3-Layer,90,4,0.001517008537793549
B3-Layer,90,5,-0.00022456991184181593
B3-Layer,91,0,-0.017071476115090568
B3-Layer,91,1,-9.979864926868963e-05
B3-Layer,91,2,0.013221451985318626
B3-Layer,91,3,-0.0027033552588185445
B3-Layer,91,4,0.004418714983361099
B3-Layer,91,5,-9.320992804307312e-05
B3-Layer,92,0,-0.06657093976048462
B3-Layer,92,1,-0.0030323845748308096
B3-Layer,92,2,-0.01908858042196825
B3-Layer,92,3,0.01125357068438375
B3-Layer,92,4,0.01733120618960865
B3-Layer,92,5,0.002447994726146198
B3-Layer,93,0,0.08539111542238445
B3-Layer,93,1,0.008131968430089082
B3-Layer,93,2,0.028496307582131158
B3-Layer,93,3,-0.02998561722876591
B3-Layer,93,4,-0.03303341031932192
B3-Layer,93,5,-0.001034374466036533
B3-Layer,94,0,-0.0384176772914137
B3-Layer,94,1,-0.0002877132205916158
B3-Layer,94,2,-0.06381761047183837
B3-Layer,94,3,-0.0356881217614862
B3-Layer,94,4,-0.006504893746942839
B3-Layer,94,5,6.400863174731668e-05
B3-Layer,95,0,-0.04505701765991754
B3-Layer,95,1,0.009555575592912893
B3-Layer,95,2,0.044873109791794166
B3-Layer,95,3,-0.07296840228148252
B3-Layer,95,4,-0.00019145041747967078
B3-Layer,95,5,-0.0002612589890223472
B3-Layer,96,0,-0.051849854966945906
B3-Layer,96,1,0.003277387217068489
B3-Layer,96,2,0.05270054520123698
B3-Layer,96,3,-0.01645364713910642
B3-Layer,96,4,0.09304511599800548
B3-Layer,96,5,4.714232804853529e-05
B3-Layer,97,0,0.04803862539182788
B3-Layer,97,1,0.0014191147329382426
B3-Layer,97,2,-0.02384782934131308
B3-Layer,97,3,-0.001368124788607722
B3-Layer,97,4,-0.03400520565591284
B3-Layer,97,5,-0.00010225759162214263
B3-Layer,98,0,-0.010656332388427394
B3-Layer,98,1,-8.40742044329349e-05
B3-Layer,98,2,0.09266511244905472
B3-Layer,98,3,0.054730378610319354
B3-Layer,98,4,-0.053538724034975
B3-Layer,98,5,-0.039698936716100704
B3-Layer,99,0,0.011520389369600138
B3-Layer,99,1,-0.00021866634767103385
B3-Layer,99,2,-0.005023459693017506
B3-Layer,99,3,-0.0010613155008057883
B3-Layer,99,4,0.022240417646886942
B3-Layer,99,5,-1.3566538558676024e-05
B5-ResQNet,0,0,0.002012083238405611
B5-ResQNet,0,1,0.00042465631269596426
B5-ResQNet,0,2,-0.0015721571459185663
B5-ResQNet,0,3,0.0017526354465073782
B5-ResQNet,0,4,-6.63697235195588e-05
B5-ResQNet,0,5,0.00016795178605367376
B5-ResQNet,1,0,1.2679470381427157e-05
B5-ResQNet,1,1,-0.0007765686748311133
B5-ResQNet,1,2,0.000260993185356642
B5-ResQNet,1,3,-0.001479135723843076
B5-ResQNet,1,4,0.0010998026568559964
B5-ResQNet,1,5,0.0015729168881290622
B5-ResQNet,2,0,-0.00012230321457736319
B5-ResQNet,2,1,1.3279271105461783e-05
B5-ResQNet,2,2,0.00012930175456510426
B5-ResQNet,2,3,3.772671891816889e-05
B5-ResQNet,2,4,1.4534962642504401e-05
B5-ResQNet,2,5,-5.364030223320149e-06
B5-ResQNet,3,0,-1.023996741491594e-05
B5-ResQNet,3,1,-3.604606338305144e-06
B5-ResQNet,3,2,1.8049151128185225e-05
B5-ResQNet,3,3,1.795105074975394e-05
B5-ResQNet,3,4,-4.152411829738425e-06
B5-ResQNet,3,5,2.5507891861076695e-06
B5-ResQNet,4,0,0.00695891843254867
B5-ResQNet,4,1,0.0006915947349614818
B5-ResQNet,4,2,-0.01207730369693586
B5-ResQNet,4,3,-0.019380355950396704
B5-ResQNet,4,4,-0.0049471618094854754
B5-ResQNet,4,5,0.00022587417545021212
B5-ResQNet,5,0,-0.0007359553491920066
B5-ResQNet,5,1,0.005812405715620799
B5-ResQNet,5,2,0.0006954824517289107
B5-ResQNet,5,3,0.0001052278725614451
B5-ResQNet,5,4,0.0001598350188039969
B5-ResQNet,5,5,-2.6069100095429646e-05
B5-ResQNet,6,0,0.0010134968943847557
B5-ResQNet,6,1,-0.0007235415553700427
B5-ResQNet,6,2,-0.0007906065466706537
B5-ResQNet,6,3,0.00036742747700600347
B5-ResQNet,6,4,0.0006274581632364772
B5-ResQNet,6,5,-0.00027280245920986875
B5-ResQNet,7,0,0.002159061750422675
B5-ResQNet,7,1,9.086160975214324e-05
B5-ResQNet,7,2,-0.0022441082534278415
B5-ResQNet,7,3,0.017990577838150505
B5-ResQNet,7,4,-0.001537810996292852
B5-ResQNet,7,5,0.005160320215303755
B5-ResQNet,8,0,-0.0012285097328101396
B5-ResQNet,8,1,-0.0029432932985667855
B5-ResQNet,8,2,0.0004972598656228282
B5-ResQNet,8,3,-0.0031872603738848804
B5-ResQNet,8,4,8.854064828076328e-05
B5-ResQNet,8,5,0.0006246820915000902
B5-ResQNet,9,0,-4.121290480132211e-05
B5-ResQNet,9,1,-0.00023325582923526352
B5-ResQNet,9,2,-6.204144943038857e-05
B5-ResQNet,9,3,-0.001344985882075802
B5-ResQNet,9,4,-0.00017229879344072408
B5-ResQNet,9,5,-9.849309402341336e-05
B5-ResQNet,10,0,-0.00027663193691401545
B5-ResQNet,10,1,-0.00023552741238657066
B5-ResQNet,10,2,0.0006860969799015137
B5-ResQNet,10,3,-0.0008430184561629547
B5-ResQNet,10,4,0.0007109170081308904
B5-ResQNet,10,5,0.0010618994454103083
B5-ResQNet,11,0,-4.004445828752361e-05
B5-ResQNet,11,1,-6.144860019056465e-05
B5-ResQNet,11,2,0.00014599765470832827
B5-ResQNet,11,3,-0.00026633077102347175
B5-ResQNet,11,4,-2.2953408634327427e-05
B5-ResQNet,11,5,-4.302352117267761e-05
B5-ResQNet,12,0,4.201713996508151e-06
B5-ResQNet,12,1,-1.5926374765178796e-05
B5-ResQNet,12,2,-2.4356210782555564e-07
B5-ResQNet,12,3,6.488909066376736e-07
B5-ResQNet,12,4,-4.404445656736759e-09
B5-ResQNet,12,5,-1.24725657203671e-08
B5-ResQNet,13,0,-0.0001943133851033672
B5-ResQNet,13,1,-0.004114270818827018
B5-ResQNet,13,2,-5.7163787550884494e-05
B5-ResQNet,13,3,0.008454769910187461
B5-ResQNet,13,4,0.0004695192930781244
B5-ResQNet,13,5,0.0001901922070393401
B5-ResQNet,14,0,0.012767062680439601
B5-ResQNet,14,1,-0.0280227906672717
B5-ResQNet,14,2,0.010974950633692202
B5-ResQNet,14,3,0.0017712887921211922
B5-ResQNet,14,4,0.020553228845910716
B5-ResQNet,14,5,-0.019523671733322506
B5-ResQNet,15,0,-0.0040049660026828145
B5-ResQNet,15,1,-0.0034674424491983116
B5-ResQNet,15,2,0.004085744132063029
B5-ResQNet,15,3,0.0020917562407696717
B5-ResQNet,15,4,0.00011762300934473182
B5-ResQNet,15,5,-0.000357926605237413
B5-ResQNet,16,0,-0.00021075500974268935
B5-ResQNet,16,1,-0.0037863633236675078
B5-ResQNet,16,2,-0.001032454172274565
B5-ResQNet,16,3,0.0743621138197525
B5-ResQNet,16,4,-0.021112770165929814
B5-ResQNet,16,5,-0.018100972826824588
B5-ResQNet,17,0,0.007629495090225909
B5-ResQNet,17,1,-0.012989276482400287
B5-ResQNet,17,2,-0.01893804103630082
B5-ResQNet,17,3,-0.00024900900218897195
B5-ResQNet,17,4,-3.0510375462518394e-05
B5-ResQNet,17,5,-0.0008961707830736416
B5-ResQNet,18,0,-0.008118511699770506
B5-ResQNet,18,1,-0.0015263445756500793
B5-ResQNet,18,2,-0.010013316314048443
B5-ResQNet,18,3,0.006077007108267209
B5-ResQNet,18,4,-0.007276680935148535
B5-ResQNet,18,5,-0.004504002173338605
B5-ResQNet,19,0,-9.837199515022696e-07
B5-ResQNet,19,1,4.120169852019658e-06
B5-ResQNet,19,2,-9.131681177390609e-09
B5-ResQNet,19,3,-3.6445139877720396e-05
B5-ResQNet,19,4,2.5018571160578972e-06
B5-ResQNet,19,5,1.8877778689745236e-06
B5-ResQNet,20,0,0.017365951345523652
B5-ResQNet,20,1,-0.005762329970801773
B5-ResQNet,20,2,-0.014798826546714427
B5-ResQNet,20,3,-0.002981004412359393
B5-ResQNet,20,4,-0.056389679090913795
B5-ResQNet,20,5,0.020054232967466116
B5-ResQNet,21,0,0.0003070276202937246
B5-ResQNet,21,1,-0.011156653081137958
B5-ResQNet,21,2,0.004900129318691375
B5-ResQNet,21,3,0.0002745345467398452
B5-ResQNet,21,4,0.0013238487950006043
B5-ResQNet,21,5,0.004039246286404865
B5-ResQNet,22,0,-4.5729725981876175e-07
B5-ResQNet,22,1,0.00025710514375647454
B5-ResQNet,22,2,-2.676602442998195e-06
B5-ResQNet,22,3,-9.346211220597675e-09
B5-ResQNet,22,4,0.00016588794526135948
B5-ResQNet,22,5,0.0012410173742209514
B5-ResQNet,23,0,0.0002201274725735454
B5-ResQNet,23,1,-0.0007470081292477638
B5-ResQNet,23,2,-0.0001316321813442527
B5-ResQNet,23,3,0.0002216914135486218
B5-ResQNet,23,4,6.874231910401825e-05
B5-ResQNet,23,5,0.00012873490011753016
B5-ResQNet,24,0,-0.007077139193724473
B5-ResQNet,24,1,-0.0005343889128100823
B5-ResQNet,24,2,-0.011091040136080177
B5-ResQNet,24,3,0.02504935261183
B5-ResQNet,24,4,-0.020099960837291785
B5-ResQNet,24,5,-0.0019495882743805074
B5-ResQNet,25,0,0.00017478295546802228
B5-ResQNet,25,1,-0.00012620928830683306
B5-ResQNet,25,2,9.019669557844216e-05
B5-ResQNet,25,3,-0.0010551074667552451
B5-ResQNet,25,4,-8.309201195744314e-06
B5-ResQNet,25,5,5.1699814673910415e-06
B5-ResQNet,26,0,-3.621316037489516e-05
B5-ResQNet,26,1,-3.737017981442071e-05
B5-ResQNet,26,2,-3.2650974140919515e-05
B5-ResQNet,26,3,9.877058882140489e-05
B5-ResQNet,26,4,-0.00010591832174103893
B5-ResQNet,26,5,7.645212779961989e-05
B5-ResQNet,27,0,-7.192053828818423e-09
B5-ResQNet,27,1,-1.4471298032804804e-06
B5-ResQNet,27,2,-1.2242470453100122e-07
B5-ResQNet,27,3,0.00012229354506007906
B5-ResQNet,27,4,5.696625294440525e-07
B5-ResQNet,27,5,-1.025918331748517e-06
B5-ResQNet,28,0,-0.0015334520873325225
B5-ResQNet,28,1,-0.007900742634416447
B5-ResQNet,28,2,0.002170907434227449
B5-ResQNet,28,3,0.000932104485497975
B5-ResQNet,28,4,0.005875978612692836
B5-ResQNet,28,5,0.0023474155377885705
B5-ResQNet,29,0,0.000290563976051537
B5-ResQNet,29,1,2.2640453086726246e-05
B5-ResQNet,29,2,-0.000567007868610127
B5-ResQNet,29,3,-0.0002842356333398109
B5-ResQNet,29,4,-0.0006244283103712724
B5-ResQNet,29,5,0.00022157458734700314
B5-ResQNet,30,0,4.458686600832135e-08
B5-ResQNet,30,1,1.3972659977550286e-05
B5-ResQNet,30,2,2.5261712414546867e-06
B5-ResQNet,30,3,-8.739031629560549e-05
B5-ResQNet,30,4,-5.11836944200123e-05
B5-ResQNet,30,5,-7.35769811624471e-05
B5-ResQNet,31,0,0.027872216372432757
B5-ResQNet,31,1,0.03414143343166631
B5-ResQNet,31,2,-0.0449639604483974
B5-ResQNet,31,3,-0.034023901162958975
B5-ResQNet,31,4,-0.08867732419249098
B5-ResQNet,31,5,0.03494344628948248
B5-ResQNet,32,0,8.287364688814596e-05
B5-ResQNet,32,1,-5.29380100010213e-05
B5-ResQNet,32,2,0.00047248458491592506
B5-ResQNet,32,3,-2.5662429601550317e-06
B5-ResQNet,32,4,6.969920330614447e-05
B5-ResQNet,32,5,0.002257959773854057
B5-ResQNet,33,0,-4.7546071673325656e-05
B5-ResQNet,33,1,-0.00014566422696661352
B5-ResQNet,33,2,0.00010049832871718424
B5-ResQNet,33,3,-0.00020509369735069772
B5-ResQNet,33,4,-3.4414277443495714e-06
B5-ResQNet,33,5,2.154083088166496e-05
B5-ResQNet,34,0,0.00559575942903864
B5-ResQNet,34,1,0.001617309885849704
B5-ResQNet,34,2,0.007995475479928004
B5-ResQNet,34,3,0.008368651151468006
B5-ResQNet,34,4,-0.004370033475348081
B5-ResQNet,34,5,0.0029567180618247967
B5-ResQNet,35,0,-2.229606234395044e-06
B5-ResQNet,35,1,-3.0598702728280156e-05
B5-ResQNet,35,2,3.593428619837291e-05
B5-ResQNet,35,3,-2.1415158014633823e-06
B5-ResQNet,35,4,7.632110986203268e-06
B5-ResQNet,35,5,-6.574675036207486e-05
B5-ResQNet,36,0,-0.0006584171223269385
B5-ResQNet,36,1,-0.0003063855995825329
B5-ResQNet,36,2,-0.000373642765615605
B5-ResQNet,36,3,0.000643983542113375
B5-ResQNet,36,4,-0.0008162520052888259
B5-ResQNet,36,5,0.0002572702039067448
B5-ResQNet,37,0,0.012621220917607121
B5-ResQNet,37,1,0.006784167911235704
B5-ResQNet,37,2,-0.015745261280638686
B5-ResQNet,37,3,0.09522976620022752
B5-ResQNet,37,4,-0.02256308293637616
B5-ResQNet,37,5,0.06444993579725042
B5-ResQNet,38,0,0.04293335179280288
B5-ResQNet,38,1,-0.029926274055478073
B5-ResQNet,38,2,0.13864698160370162
B5-ResQNet,38,3,-0.047702771499480955
B5-ResQNet,38,4,0.004137008854948754
B5-ResQNet,38,5,0.0010307766663432603
B5-ResQNet,39,0,0.026666849378607117
B5-ResQNet,39,1,-0.015443075649008263
B5-ResQNet,39,2,0.0014341111379006107
B5-ResQNet,39,3,0.33638016860279946
B5-ResQNet,39,4,0.06299865524992242
B5-ResQNet,39,5,0.01034072300753839
B5-ResQNet,40,0,-0.00041030275927786853
B5-ResQNet,40,1,-5.377206941599734e-05
B5-ResQNet,40,2,0.0006705313546755439
B5-ResQNet,40,3,0.0018965873039141841
B5-ResQNet,40,4,-7.229427258607639e-05
B5-ResQNet,40,5,0.0005328254256494687
B5-ResQNet,41,0,-0.12367336291286146
B5-ResQNet,41,1,-0.12115320724549351
B5-ResQNet,41,2,0.11183346540322404
B5-ResQNet,41,3,0.05162853074417322
B5-ResQNet,41,4,-0.06036732828634298
B5-ResQNet,41,5,-0.11941420116159267
B5-ResQNet,42,0,0.009246471854195
B5-ResQNet,42,1,-0.0028894699872383635
B5-ResQNet,42,2,-0.003165114063901625
B5-ResQNet,42,3,-0.005314679929378452
B5-ResQNet,42,4,0.011677362288581152
B5-ResQNet,42,5,-0.01776940371565881
B5-ResQNet,43,0,0.003733759733824457
B5-ResQNet,43,1,0.011363686001488663
B5-ResQNet,43,2,-0.037201398380608146
B5-ResQNet,43,3,0.03237134543435404
B5-ResQNet,43,4,-0.0022871313084445455
B5-ResQNet,43,5,-0.0033970860935318196
B5-ResQNet,44,0,-0.010301993510655636
B5-ResQNet,44,1,-0.0038490306142720293
B5-ResQNet,44,2,-0.014752454369192432
B5-ResQNet,44,3,-0.00890477682644554
B5-ResQNet,44,4,0.0005887555229754512
B5-ResQNet,44,5,0.0006391358890777218
B5-ResQNet,45,0,0.0009732571907488866
B5-ResQNet,45,1,-0.00046427264375534184
B5-ResQNet,45,2,0.0003049574631861006
B5-ResQNet,45,3,-0.00069176256886466
B5-ResQNet,45,4,-0.00012975001194504173
B5-ResQNet,45,5,-0.0029465649037682838
B5-ResQNet,46,0,2.0849689665710692e-07
B5-ResQNet,46,1,4.376306123276858e-06
B5-ResQNet,46,2,6.521087240576135e-06
B5-ResQNet,46,3,-7.646706720676767e-05
B5-ResQNet,46,4,-8.119384028910714e-05
B5-ResQNet,46,5,6.783976277575189e-05
B5-ResQNet,47,0,-0.000625987834800463
B5-ResQNet,47,1,-0.0006248993960025182
B5-ResQNet,47,2,0.0003107071832519426
B5-ResQNet,47,3,-0.000317681475499704
B5-ResQNet,47,4,0.0007347489001044469
B5-ResQNet,47,5,-2.4894080271283387e-05
B5-ResQNet,48,0,2.878087034137385e-05
B5-ResQNet,48,1,9.978932618424669e-05
B5-ResQNet,48,2,-0.0003459659779120708
B5-ResQNet,48,3,0.0015351214022404798
B5-ResQNet,48,4,-0.000202536152902438
B5-ResQNet,48,5,-0.0016260124477116959
B5-ResQNet,49,0,0.00018723768052782892
B5-ResQNet,49,1,0.0005751011694769269
B5-ResQNet,49,2,-0.002833589654630182
B5-ResQNet,49,3,-0.0025721106022886923
B5-ResQNet,49,4,0.00013279190463061916
B5-ResQNet,49,5,0.0003012307931610999
B5-ResQNet,50,0,0.07377708925363205
B5-ResQNet,50,1,0.09300630034267122
B5-ResQNet,50,2,0.08623337502314726
B5-ResQNet,50,3,0.23408283988406264
B5-ResQNet,50,4,0.007904566304479487
B5-ResQNet,50,5,-0.018199993084880493
B5-ResQNet,51,0,-0.08626457365369897
B5-ResQNet,51,1,0.055767938508470734
B5-ResQNet,51,2,0.004156350700072269
B5-ResQNet,51,3,0.005676396852057284
B5-ResQNet,51,4,0.0011329371250620181
B5-ResQNet,51,5,0.005225274557171888
B5-ResQNet,52,0,-0.03591386428127226
B5-ResQNet,52,1,-1.7287938606021443e-05
B5-ResQNet,52,2,-0.03703445523507227
B5-ResQNet,52,3,-0.03824340401113049
B5-ResQNet,52,4,0.0025235061248729974
B5-ResQNet,52,5,-0.0006117206359695214
B5-ResQNet,53,0,0.004133977536750946
B5-ResQNet,53,1,-0.003963518173058155
B5-ResQNet,53,2,-0.007276441248528107
B5-ResQNet,53,3,-0.002358222042451055
B5-ResQNet,53,4,0.0016754107776886199
B5-ResQNet,53,5,-0.009217243665741842
B5-ResQNet,54,0,0.004074544651915061
B5-ResQNet,54,1,0.01390135913458397
B5-ResQNet,54,2,-0.003801882901452252
B5-ResQNet,54,3,-0.004281387911643894
B5-ResQNet,54,4,-0.0009594256241123487
B5-ResQNet,54,5,0.0005676169941512627
B5-ResQNet,55,0,-0.00014106785410550692
B5-ResQNet,55,1,-7.852175725932133e-05
B5-ResQNet,55,2,-1.1240829122403986e-05
B5-ResQNet,55,3,0.0009538110045248967
B5-ResQNet,55,4,0.001452390766554529
B5-ResQNet,55,5,0.00018787588617918328
B5-ResQNet,56,0,-0.00016695242159606597
B5-ResQNet,56,1,0.0004093994168978017
B5-ResQNet,56,2,0.0014556801568382238
B5-ResQNet,56,3,-0.0009259666398802975
B5-ResQNet,56,4,-6.136517954765003e-05
B5-ResQNet,56,5,0.0004816352742399307
B5-ResQNet,57,0,-0.029921444312486303
B5-ResQNet,57,1,0.0011421771899472028
B5-ResQNet,57,2,-0.0355115638739547
B5-ResQNet,57,3,0.10871216720646186
B5-ResQNet,57,4,-0.016308915066868546
B5-ResQNet,57,5,0.100255892936147
B5-ResQNet,58,0,-2.9737405023799344e-05
B5-ResQNet,58,1,-8.989140480373205e-05
B5-ResQNet,58,2,0.0001772534111779211
B5-ResQNet,58,3,-0.0003039500182216045
B5-ResQNet,58,4,6.843499950059916e-05
B5-ResQNet,58,5,-0.0001507268117443232
B5-ResQNet,59,0,-0.0005664336349318136
B5-ResQNet,59,1,9.275869151982854e-05
B5-ResQNet,59,2,-1.0033073158614883e-05
B5-ResQNet,59,3,-0.0004882637454067576
B5-ResQNet,59,4,6.636989426461162e-06
B5-ResQNet,59,5,-0.00030713902745549746
B5-ResQNet,60,0,-0.006562115129135303
B5-ResQNet,60,1,0.022703923280395864
B5-ResQNet,60,2,0.008205716197469718
B5-ResQNet,60,3,0.004410532681727531
B5-ResQNet,60,4,0.008226949496414863
B5-ResQNet,60,5,-0.0062899263685778275
B5-ResQNet,61,0,0.007669106856947041
B5-ResQNet,61,1,0.004600854982747684
B5-ResQNet,61,2,-0.008368880704749122
B5-ResQNet,61,3,0.03732502831859366
B5-ResQNet,61,4,0.00039016757604372
B5-ResQNet,61,5,-0.007964078461008398
B5-ResQNet,62,0,-1.421492921578372e-05
B5-ResQNet,62,1,6.564818999133364e-07
B5-ResQNet,62,2,5.1321131654593625e-05
B5-ResQNet,62,3,5.626473546479835e-05
B5-ResQNet,62,4,-1.4537452549793792e-05
B5-ResQNet,62,5,-9.039224936066371e-06
B5-ResQNet,63,0,0.0005352222595493064
B5-ResQNet,63,1,0.00011015634170171896
B5-ResQNet,63,2,-0.0006853760278205572
B5-ResQNet,63,3,5.78926989637986e-06
B5-ResQNet,63,4,0.0008901147232511848
B5-ResQNet,63,5,-0.00022691356207614005
B5-ResQNet,64,0,-0.0007438745477917999
B5-ResQNet,64,1,-0.0014075487849963936
B5-ResQNet,64,2,0.0007052612287078155
B5-ResQNet,64,3,0.00026064437889537133
B5-ResQNet,64,4,-6.1023909192577225e-05
B5-ResQNet,64,5,7.582442554298508e-05
B5-ResQNet,65,0,-0.00026131999476442636
B5-ResQNet,65,1,-0.00015903653495873856
B5-ResQNet,65,2,0.00020447617893269918
B5-ResQNet,65,3,-1.2842121897188163e-05
B5-ResQNet,65,4,0.00013230719196528727
B5-ResQNet,65,5,-7.384860390473319e-05
B5-ResQNet,66,0,-0.024632541706306847
B5-ResQNet,66,1,0.005186147574246728
B5-ResQNet,66,2,-0.02998198854849186
B5-ResQNet,66,3,-0.0005732608280814786
B5-ResQNet,66,4,0.0006584870186759927
B5-ResQNet,66,5,-0.0006047207187318548
B5-ResQNet,67,0,0.008088608753463985
B5-ResQNet,67,1,0.0007992197444325294
B5-ResQNet,67,2,-0.01010471960094691
B5-ResQNet,67,3,0.076197842312715
B5-ResQNet,67,4,0.003095074011530045
B5-ResQNet,67,5,0.0003704671054752435
B5-ResQNet,68,0,1.9237428580262502e-05
B5-ResQNet,68,1,0.0002477922843279151
B5-ResQNet,68,2,-0.00019397084735467264
B5-ResQNet,68,3,-0.004105437064001156
B5-ResQNet,68,4,-0.00017052225662968733
B5-ResQNet,68,5,-4.5860268830517815e-05
B5-ResQNet,69,0,-0.00012906757618101188
B5-ResQNet,69,1,-2.285543220300765e-05
B5-ResQNet,69,2,0.0001302101997114325
B5-ResQNet,69,3,-0.0003774909258892986
B5-ResQNet,69,4,2.2625020845338627e-06
B5-ResQNet,69,5,-4.189816644536827e-05
B5-ResQNet,70,0,0.007206910698691883
B5-ResQNet,70,1,-0.0005613429244013193
B5-ResQNet,70,2,-0.008295270078693353
B5-ResQNet,70,3,-1.6286431273676944e-05
B5-ResQNet,70,4,-0.0007163401338208986
B5-ResQNet,70,5,0.004773982950093962
B5-ResQNet,71,0,-0.0004817112652540302
B5-ResQNet,71,1,0.0008695688752080141
B5-ResQNet,71,2,-0.005515400442168515
B5-ResQNet,71,3,-2.2529672919261187e-05
B5-ResQNet,71,4,-0.0001652351808733803
B5-ResQNet,71,5,0.01716310713939348
B5-ResQNet,72,0,-0.007650097637870471
B5-ResQNet,72,1,-0.003351351473772627
B5-ResQNet,72,2,-0.010817687660984357
B5-ResQNet,72,3,0.0018126658973550462
B5-ResQNet,72,4,4.763942190167753e-05
B5-ResQNet,72,5,0.01762000902234367
B5-ResQNet,73,0,0.0024147161364777335
B5-ResQNet,73,1,-0.0037256217628968704
B5-ResQNet,73,2,0.027562978666809825
B5-ResQNet,73,3,-0.00475316168163237
B5-ResQNet,73,4,-0.012737206108313887
B5-ResQNet,73,5,0.008559959409027883
B5-ResQNet,74,0,0.006358855952814592
B5-ResQNet,74,1,0.0028838670668155843
B5-ResQNet,74,2,-0.0005988520671089029
B5-ResQNet,74,3,0.005481126257680655
B5-ResQNet,74,4,0.0009016852188130214
B5-ResQNet,74,5,0.004422065664615747
B5-ResQNet,75,0,-1.9953709992941284e-05
B5-ResQNet,75,1,4.1340746793912267e-05
B5-ResQNet,75,2,-2.5335938555093785e-05
B5-ResQNet,75,3,-0.0004770443362603976
B5-ResQNet,75,4,-2.1844184444112235e-05
B5-ResQNet,75,5,4.4264644561922025e-06
B5-ResQNet,76,0,-0.0660680676712891
B5-ResQNet,76,1,0.018905299887121117
B5-ResQNet,76,2,-0.03618091084689498
B5-ResQNet,76,3,0.011016041224192395
B5-ResQNet,76,4,-0.027663142264744117
B5-ResQNet,76,5,0.011911644018771251
B5-ResQNet,77,0,0.0033356834459451513
B5-ResQNet,77,1,0.01086958987856944
B5-ResQNet,77,2,0.004769289180430673
B5-ResQNet,77,3,-0.020057653934241887
B5-ResQNet,77,4,0.007368384990336967
B5-ResQNet,77,5,0.0017104127196719153
B5-ResQNet,78,0,-2.7730455551885982e-05
B5-ResQNet,78,1,1.2273103785507438e-05
B5-ResQNet,78,2,0.00045825034492387066
B5-ResQNet,78,3,0.001799552583617352
B5-ResQNet,78,4,9.896391010633767e-05
B5-ResQNet,78,5,3.502823794419197e-05
B5-ResQNet,79,0,0.003462258285261617
B5-ResQNet,79,1,0.0024314930704979606
B5-ResQNet,79,2,-0.003802688033290343
B5-ResQNet,79,3,0.0006473672231646892
B5-ResQNet,79,4,-0.00028671913350476383
B5-ResQNet,79,5,-0.00016575528746792524
B5-ResQNet,80,0,-0.002597490566968971
B5-ResQNet,80,1,0.0022081614627428806
B5-ResQNet,80,2,-0.00243498231080161
B5-ResQNet,80,3,0.009553338434626324
B5-ResQNet,80,4,-0.0006737782419888249
B5-ResQNet,80,5,-0.004571148349236532
B5-ResQNet,81,0,0.0036716206583253127
B5-ResQNet,81,1,-0.020348514185634665
B5-ResQNet,81,2,-0.017504330235106325
B5-ResQNet,81,3,0.01626100119956245
B5-ResQNet,81,4,0.014738923281044963
B5-ResQNet,81,5,0.04227250694722555
B5-ResQNet,82,0,0.021607306956004626
B5-ResQNet,82,1,-0.02055841083262149
B5-ResQNet,82,2,-0.022262627340020182
B5-ResQNet,82,3,0.03481273857150854
B5-ResQNet,82,4,-0.00388093416224698
B5-ResQNet,82,5,0.011150546105627972
B5-ResQNet,83,0,0.00037942376931951704
B5-ResQNet,83,1,1.239355529568015e-06
B5-ResQNet,83,2,0.0006307217706103769
B5-ResQNet,83,3,0.002540257932302621
B5-ResQNet,83,4,-0.0003033580861123857
B5-ResQNet,83,5,-0.0002468681169323178
B5-ResQNet,84,0,0.07978833041995116
B5-ResQNet,84,1,-0.0669459206500452
B5-ResQNet,84,2,-0.026496442219455095
B5-ResQNet,84,3,-0.117779132680401
B5-ResQNet,84,4,-0.03168982707469793
B5-ResQNet,84,5,-0.012007848019930576
B5-ResQNet,85,0,-1.1728558475555366e-06
B5-ResQNet,85,1,-4.036697080291738e-06
B5-ResQNet,85,2,-1.911367090512377e-05
B5-ResQNet,85,3,7.924801246718612e-06
B5-ResQNet,85,4,4.096422418513762e-05
B5-ResQNet,85,5,0.00032055675915963213
B5-ResQNet,86,0,0.002155809839191769
B5-ResQNet,86,1,0.029715264275450095
B5-ResQNet,86,2,0.038199422589084375
B5-ResQNet,86,3,0.0008898759661073793
B5-ResQNet,86,4,-0.011519970968299278
B5-ResQNet,86,5,-0.039360301995090996
B5-ResQNet,87,0,-0.017858597389421627
B5-ResQNet,87,1,-0.001135087417607404
B5-ResQNet,87,2,0.0062219140310730905
B5-ResQNet,87,3,0.0025778453407067138
B5-ResQNet,87,4,-0.09422108213181732
B5-ResQNet,87,5,-0.1067362658943734
B5-ResQNet,88,0,-0.0061956522376697045
B5-ResQNet,88,1,-0.0025278838533384046
B5-ResQNet,88,2,0.015619169303704444
B5-ResQNet,88,3,0.009828699666886802
B5-ResQNet,88,4,0.0120171182003707
B5-ResQNet,88,5,0.019805828425439473
B5-ResQNet,89,0,-0.00032689960524445895
B5-ResQNet,89,1,-2.8881492145826767e-05
B5-ResQNet,89,2,-0.0007823700614275846
B5-ResQNet,89,3,-4.5901585373267125e-05
B5-ResQNet,89,4,0.0018910198383195913
B5-ResQNet,89,5,0.005029952599208475
B5-ResQNet,90,0,-0.01258880573430299
B5-ResQNet,90,1,-0.003494957645419118
B5-ResQNet,90,2,0.005180202837750094
B5-ResQNet,90,3,0.013105786062547227
B5-ResQNet,90,4,-0.012096845398530719
B5-ResQNet,90,5,0.0023818578021934365
B5-ResQNet,91,0,1.1374794555454388e-05
B5-ResQNet,91,1,-1.8984458867532848e-05
B5-ResQNet,91,2,-0.00018830894727276358
B5-ResQNet,91,3,2.7025195637343117e-05
B5-ResQNet,91,4,-9.808079754756308e-05
B5-ResQNet,91,5,-1.1808872268172267e-05
B5-ResQNet,92,0,0.005455224469218931
B5-ResQNet,92,1,-0.004926455530124999
B5-ResQNet,92,2,-0.005516719035048657
B5-ResQNet,92,3,0.0015665715873486694
B5-ResQNet,92,4,0.010050373337611553
B5-ResQNet,92,5,-0.0021643232962625302
B5-ResQNet,93,0,0.03703088792091439
B5-ResQNet,93,1,0.007330889836937333
B5-ResQNet,93,2,0.17174610112834424
B5-ResQNet,93,3,-0.017025391042129193
B5-ResQNet,93,4,0.016737779583778718
B5-ResQNet,93,5,-0.02501423830601418
B5-ResQNet,94,0,-0.0011855575890738826
B5-ResQNet,94,1,3.8070201935433286e-05
B5-ResQNet,94,2,-0.001253385461247858
B5-ResQNet,94,3,-0.0015321920037421372
B5-ResQNet,94,4,1.514259717677334e-06
B5-ResQNet,94,5,-0.0007572073690436848
B5-ResQNet,95,0,0.006271055056117592
B5-ResQNet,95,1,0.0013993510191909724
B5-ResQNet,95,2,-0.008206666644783174
B5-ResQNet,95,3,-0.030704803235703907
B5-ResQNet,95,4,0.006120399195012566
B5-ResQNet,95,5,-0.004428823450472935
B5-ResQNet,96,0,-0.0012409580994041422
B5-ResQNet,96,1,0.0036112525598342637
B5-ResQNet,96,2,0.0017678265525810318
B5-ResQNet,96,3,-0.00025631604875384984
B5-ResQNet,96,4,0.00016224401828355777
B5-ResQNet,96,5,0.001045808264907209
B5-ResQNet,97,0,-9.501230983062653e-06
B5-ResQNet,97,1,1.4352383763983556e-05
B5-ResQNet,97,2,-9.653236730996966e-06
B5-ResQNet,97,3,1.4287187185591706e-06
B5-ResQNet,97,4,-6.865274937865716e-05
B5-ResQNet,97,5,-0.0001169161941645841
B5-ResQNet,98,0,-0.06542036927435095
B5-ResQNet,98,1,0.04496907745016056
B5-ResQNet,98,2,-0.05743363916361506
B5-ResQNet,98,3,-0.025317865463638838
B5-ResQNet,98,4,0.006393532726542538
B5-ResQNet,98,5,-0.024166957199251726
B5-ResQNet,99,0,6.582449032905369e-06
B5-ResQNet,99,1,0.0008917852069148388
B5-ResQNet,99,2,-0.00015674202035745197
B5-ResQNet,99,3,0.001424893950730109
B5-ResQNet,99,4,-0.00017348671039679799
B5-ResQNet,99,5,-0.0002374917220986869
B6-Global,0,0,1.2871050235824564e-07
B6-Global,0,1,1.0773442552260347e-08
B6-Global,0,2,1.2831593344569388e-07
B6-Global,0,3,2.764386683144369e-09
B6-Global,0,4,-3.133004777433203e-08
B6-Global,0,5,2.9973708870947084e-09
B6-Global,1,0,3.173779863858876e-05
B6-Global,1,1,-1.1241230062800786e-07
B6-Global,1,2,-2.859233453656159e-06
B6-Global,1,3,-2.0378772367352233e-06
B6-Global,1,4,1.4354424439154118e-05
B6-Global,1,5,4.7293292014357105e-06
B6-Global,2,0,-1.4900099860065308e-07
B6-Global,2,1,-1.6768207916425428e-06
B6-Global,2,2,-7.645628197304159e-07
B6-Global,2,3,1.3042375570573572e-06
B6-Global,2,4,4.885687401502113e-07
B6-Global,2,5,1.3727152504452728e-06
B6-Global,3,0,-1.1289348827106484e-05
B6-Global,3,1,-5.343301992667326e-06
B6-Global,3,2,-3.515827396181887e-06
B6-Global,3,3,7.207211278915742e-08
B6-Global,3,4,3.081627892166436e-07
B6-Global,3,5,-1.4908907320201889e-07
B6-Global,4,0,-9.913675425298138e-05
B6-Global,4,1,-1.2148753818333133e-05
B6-Global,4,2,-3.6887188466824315e-05
B6-Global,4,3,-2.9122408988071593e-05
B6-Global,4,4,-0.0004318466295073939
B6-Global,4,5,-0.00023136670437239957
B6-Global,5,0,-1.1092033995034298e-08
B6-Global,5,1,-6.245393970742924e-10
B6-Global,5,2,-2.4663785601568986e-08
B6-Global,5,3,7.485008278579127e-09
B6-Global,5,4,4.459341521538599e-09
B6-Global,5,5,-2.9683760787669205e-08
B6-Global,6,0,-1.1693001135820497e-05
B6-Global,6,1,-1.49028508628893e-06
B6-Global,6,2,-1.1754823348057186e-06
B6-Global,6,3,-6.680816215162219e-06
B6-Global,6,4,-2.0302854518810186e-06
B6-Global,6,5,-6.4896805237031615e-06
B6-Global,7,0,-6.485870029980906e-05
B6-Global,7,1,0.00010255972751863589
B6-Global,7,2,-7.392340808151402e-05
B6-Global,7,3,9.766404286752888e-05
B6-Global,7,4,4.7082371406326e-05
B6-Global,7,5,-7.398994189536053e-05
B6-Global,8,0,7.62118818857657e-07
B6-Global,8,1,-8.358703409116388e-09
B6-Global,8,2,8.383504941385087e-06
B6-Global,8,3,1.0775529918912706e-06
B6-Global,8,4,-6.537609890233662e-07
B6-Global,8,5,-8.44179505424628e-08
B6-Global,9,0,-2.491170090171122e-08
B6-Global,9,1,5.802885932515581e-09
B6-Global,9,2,5.968343963137556e-08
B6-Global,9,3,4.3796530734569935e-08
B6-Global,9,4,4.3577949176540203e-08
B6-Global,9,5,5.252721234051931e-08
B6-Global,10,0,-2.310598390101599e-07
B6-Global,10,1,-8.418714863457069e-07
B6-Global,10,2,-7.233441673859792e-07
B6-Global,10,3,9.695953040047563e-08
B6-Global,10,4,3.5242850384038417e-07
B6-Global,10,5,7.977170063851381e-08
B6-Global,11,0,-5.316349780066079e-07
B6-Global,11,1,4.050906604332315e-10
B6-Global,11,2,7.010370109314287e-08
B6-Global,11,3,-2.655121487421828e-10
B6-Global,11,4,1.0386286223999664e-08
B6-Global,11,5,-5.61941462337151e-12
B6-Global,12,0,0.00038784932408353627
B6-Global,12,1,-5.8127115382424746e-05
B6-Global,12,2,-0.00017100585520824692
B6-Global,12,3,-1.3340670838378192e-05
B6-Global,12,4,-0.0005916852125193577
B6-Global,12,5,7.226476354165343e-05
B6-Global,13,0,2.1417954092154024e-07
B6-Global,13,1,8.591269879020356e-08
B6-Global,13,2,-3.9292509282288975e-08
B6-Global,13,3,-8.518733247864709e-08
B6-Global,13,4,-2.1411121888941792e-07
B6-Global,13,5,-2.391708505740297e-07
B6-Global,14,0,-0.004071902960008915
B6-Global,14,1,-0.00045098950482698143
B6-Global,14,2,-0.002313612635401095
B6-Global,14,3,-0.0004004957823715806
B6-Global,14,4,0.00013631480184177967
B6-Global,14,5,-0.0003990378436543999
B6-Global,15,0,-1.1904176396323316e-05
B6-Global,15,1,-3.214237140434607e-07
B6-Global,15,2,2.6000182185830504e-07
B6-Global,15,3,2.5347244075514817e-05
B6-Global,15,4,1.2498915841120833e-05
B6-Global,15,5,-2.4675095760983145e-05
B6-Global,16,0,-2.601411263984492e-07
B6-Global,16,1,-5.7379593795293416e-08
B6-Global,16,2,-7.988609687336597e-08
B6-Global,16,3,4.5555651057052406e-08
B6-Global,16,4,-5.740109952622205e-08
B6-Global,16,5,-3.9255071563194333e-08
B6-Global,17,0,6.269767234294776e-08
B6-Global,17,1,9.960191287541301e-09
B6-Global,17,2,-9.492002720778435e-10
B6-Global,17,3,1.7483255532989664e-09
B6-Global,17,4,1.4537313748115825e-08
B6-Global,17,5,6.22870703324885e-08
B6-Global,18,0,1.8304838487566975e-06
B6-Global,18,1,-1.3483060374673532e-06
B6-Global,18,2,-1.0217095063099686e-06
B6-Global,18,3,-7.149678775062465e-07
B6-Global,18,4,-5.453318984952624e-07
B6-Global,18,5,-1.4514296270081766e-06
B6-Global,19,0,-0.00031910582726046144
B6-Global,19,1,0.0002604077471663549
B6-Global,19,2,-0.0003852997901980364
B6-Global,19,3,0.00010322667784866379
B6-Global,19,4,-0.0003157213322709216
B6-Global,19,5,0.00021988221593761503
B6-Global,20,0,-4.178958612856962e-06
B6-Global,20,1,4.816218510573895e-07
B6-Global,20,2,-3.396509543623901e-06
B6-Global,20,3,1.8637272694771326e-06
B6-Global,20,4,2.9985651147211963e-06
B6-Global,20,5,2.205512538435571e-06
B6-Global,21,0,2.0693884622625447e-05
B6-Global,21,1,5.827745739596897e-07
B6-Global,21,2,4.589131640669026e-05
B6-Global,21,3,1.3183421554434142e-05
B6-Global,21,4,-1.3311078733669414e-05
B6-Global,21,5,1.009122375114186e-05
B6-Global,22,0,2.1254334061128422e-08
B6-Global,22,1,-1.3562525747731322e-08
B6-Global,22,2,-2.4037941035676817e-08
B6-Global,22,3,5.8821651784320115e-09
B6-Global,22,4,5.324382346107969e-09
B6-Global,22,5,-5.490376184600266e-09
B6-Global,23,0,1.1736280371188361e-08
B6-Global,23,1,-3.048999451547341e-09
B6-Global,23,2,-9.779684134996727e-09
B6-Global,23,3,-4.155557148345965e-09
B6-Global,23,4,-3.1436985444229653e-09
B6-Global,23,5,1.0654545808835623e-08
B6-Global,24,0,-3.419923979664569e-06
B6-Global,24,1,4.55912684268215e-05
B6-Global,24,2,2.690361196469858e-05
B6-Global,24,3,-3.03994012236764e-05
B6-Global,24,4,1.8520883203571627e-05
B6-Global,24,5,-2.944785218030965e-05
B6-Global,25,0,-6.478602740497726e-06
B6-Global,25,1,-1.7794051899115543e-06
B6-Global,25,2,-1.986834755158936e-06
B6-Global,25,3,-1.4651942168316085e-07
B6-Global,25,4,4.383063013261869e-07
B6-Global,25,5,1.1134134394510891e-07
B6-Global,26,0,-8.408904339110775e-08
B6-Global,26,1,-5.0706655852129336e-09
B6-Global,26,2,-7.894674171282577e-06
B6-Global,26,3,1.5165687215770848e-06
B6-Global,26,4,-4.305520000494057e-06
B6-Global,26,5,5.9328906457296505e-06
B6-Global,27,0,3.1904660031730474e-08
B6-Global,27,1,-6.598758210276167e-10
B6-Global,27,2,-3.4902983364479584e-08
B6-Global,27,3,-1.2055193790689301e-08
B6-Global,27,4,4.058808798547177e-08
B6-Global,27,5,1.8692679919102452e-08
B6-Global,28,0,-1.5675588786818485e-08
B6-Global,28,1,1.240187375179049e-08
B6-Global,28,2,-1.1081205187247845e-07
B6-Global,28,3,6.09611724256386e-09
B6-Global,28,4,-2.378797881342713e-08
B6-Global,28,5,-8.68909996311285e-09
B6-Global,29,0,-2.8194789364803685e-09
B6-Global,29,1,-1.857536161107849e-11
B6-Global,29,2,-4.459659651157651e-09
B6-Global,29,3,-2.573357869867034e-09
B6-Global,29,4,2.279458470199955e-09
B6-Global,29,5,-3.879159007109922e-10
B6-Global,30,0,5.016289277035011e-09
B6-Global,30,1,6.792426010391277e-10
B6-Global,30,2,-3.751509582271997e-07
B6-Global,30,3,1.760564035971108e-07
B6-Global,30,4,-1.0476680010049881e-08
B6-Global,30,5,-2.4872509250595503e-09
B6-Global,31,0,-2.5073689545438595e-07
B6-Global,31,1,-9.331506597758202e-09
B6-Global,31,2,3.1308185951160797e-07
B6-Global,31,3,6.284166304760261e-08
B6-Global,31,4,-5.695263919250073e-07
B6-Global,31,5,2.8418967733915486e-08
B6-Global,32,0,-6.350271037086218e-05
B6-Global,32,1,1.700291983304499e-06
B6-Global,32,2,-4.492765669592556e-05
B6-Global,32,3,1.2052962223264278e-06
B6-Global,32,4,-3.66757016796508e-05
B6-Global,32,5,-0.0001338525408630736
B6-Global,33,0,1.4990337853930445e-08
B6-Global,33,1,-1.0419888128813883e-08
B6-Global,33,2,-1.7197881610154448e-08
B6-Global,33,3,-1.2488233112843614e-08
B6-Global,33,4,-2.3603071006496755e-08
B6-Global,33,5,-3.410972882586745e-09
B6-Global,34,0,1.0069847950577321e-05
B6-Global,34,1,6.703852534388045e-08
B6-Global,34,2,1.1705956196510476e-05
B6-Global,34,3,-8.07561640048696e-07
B6-Global,34,4,-5.393390091219874e-05
B6-Global,34,5,-8.526477691247809e-06
B6-Global,35,0,-1.0466691227601537e-05
B6-Global,35,1,-3.2099649568741047e-06
B6-Global,35,2,-4.498050017077212e-05
B6-Global,35,3,9.065582812398338e-06
B6-Global,35,4,2.0740403075678488e-05
B6-Global,35,5,5.355166495637381e-05
B6-Global,36,0,-1.3991819101916157e-06
B6-Global,36,1,1.3522880530327998e-06
B6-Global,36,2,7.538077412016984e-07
B6-Global,36,3,4.4364573169417564e-07
B6-Global,36,4,2.407628997373673e-07
B6-Global,36,5,-3.277454935899659e-07
B6-Global,37,0,-9.301893626555531e-08
B6-Global,37,1,8.424129103987306e-09
B6-Global,37,2,-1.273119439583222e-07
B6-Global,37,3,7.935741714975597e-08
B6-Global,37,4,-1.4805208035957984e-08
B6-Global,37,5,-7.427360817863746e-08
B6-Global,38,0,1.4592497856220913e-08
B6-Global,38,1,1.660539523790273e-08
B6-Global,38,2,3.854848595644889e-09
B6-Global,38,3,2.673385332807593e-09
B6-Global,38,4,8.278267719046122e-09
B6-Global,38,5,-3.0021904549946084e-09
B6-Global,39,0,-4.428517883553692e-05
B6-Global,39,1,-1.3490600267304687e-05
B6-Global,39,2,6.5846884940876686e-06
B6-Global,39,3,-4.290367796587303e-06
B6-Global,39,4,7.312220383834355e-06
B6-Global,39,5,-1.9935876042990938e-07
B6-Global,40,0,1.5366305318359968e-09
B6-Global,40,1,-1.292809354282878e-08
B6-Global,40,2,1.31494307665978e-09
B6-Global,40,3,1.0234159773283372e-08
B6-Global,40,4,6.564423683835193e-09
B6-Global,40,5,1.6591891772821775e-09
B6-Global,41,0,-3.263810157229025e-08
B6-Global,41,1,4.2588235519336566e-09
B6-Global,41,2,-7.772713755534853e-09
B6-Global,41,3,1.2988691695697196e-09
B6-Global,41,4,-2.2843352501020327e-08
B6-Global,41,5,-1.3635980287527067e-08
B6-Global,42,0,-0.0004653507606828643
B6-Global,42,1,-2.1127347327979318e-05
B6-Global,42,2,0.00042592020086062895
B6-Global,42,3,0.0001715808847222031
B6-Global,42,4,-0.0032955240953850494
B6-Global,42,5,0.0006066254872121933
B6-Global,43,0,2.5145454072579335e-05
B6-Global,43,1,1.2842295165107627e-05
B6-Global,43,2,-4.505531400770073e-06
B6-Global,43,3,2.9708084281148e-06
B6-Global,43,4,6.493700403863128e-06
B6-Global,43,5,1.1843151299355867e-05
B6-Global,44,0,-4.5852069344109826e-08
B6-Global,44,1,1.1846420053041985e-07
B6-Global,44,2,-1.8166193001691113e-07
B6-Global,44,3,-1.5595680210323836e-07
B6-Global,44,4,1.0504128657378357e-07
B6-Global,44,5,-1.6691505988056676e-08
B6-Global,45,0,-0.000798473960122062
B6-Global,45,1,-0.00019037676991549577
B6-Global,45,2,-6.940869967071241e-05
B6-Global,45,3,8.260331677538957e-05
B6-Global,45,4,-1.6959100885785875e-05
B6-Global,45,5,-0.0001176674000472762
B6-Global,46,0,0.00024323029981448776
B6-Global,46,1,0.001004745390380263
B6-Global,46,2,-0.0011089960718119352
B6-Global,46,3,-0.0005647996700786168
B6-Global,46,4,0.0003684775040444573
B6-Global,46,5,0.0005633775743961171
B6-Global,47,0,1.3910944861145843e-09
B6-Global,47,1,5.810078840337137e-08
B6-Global,47,2,1.920277892097915e-09
B6-Global,47,3,1.13338683258088e-09
B6-Global,47,4,-2.8974926943111854e-09
B6-Global,47,5,1.31924392005228e-09
B6-Global,48,0,7.891029243809304e-07
B6-Global,48,1,2.6831685337107923e-08
B6-Global,48,2,4.1129840741475265e-08
B6-Global,48,3,3.833223032289201e-08
B6-Global,48,4,9.323254920343109e-07
B6-Global,48,5,-4.059478339120612e-08
B6-Global,49,0,-5.981250592451057e-06
B6-Global,49,1,3.5339735747456105e-05
B6-Global,49,2,-2.073798849103947e-06
B6-Global,49,3,1.3174334916361877e-05
B6-Global,49,4,-2.0130633851163394e-06
B6-Global,49,5,2.0499859945156836e-05
B6-Global,50,0,1.2586586701830842e-07
B6-Global,50,1,3.474740368232173e-08
B6-Global,50,2,3.7250264504347846e-08
B6-Global,50,3,-5.614058807241485e-08
B6-Global,50,4,1.2433073118020081e-07
B6-Global,50,5,-4.706188555373181e-08
B6-Global,51,0,1.0782967444356794e-06
B6-Global,51,1,5.148076087650142e-07
B6-Global,51,2,-1.2442971713551142e-06
B6-Global,51,3,-7.437743412854262e-07
B6-Global,51,4,-3.328701843490533e-06
B6-Global,51,5,-1.3766730365530148e-08
B6-Global,52,0,1.3615530180946261e-06
B6-Global,52,1,1.0260069594815566e-06
B6-Global,52,2,-3.6507263386298945e-07
B6-Global,52,3,-4.845592695942021e-07
B6-Global,52,4,2.0569244696883636e-06
B6-Global,52,5,1.7622128730172472e-08
B6-Global,53,0,-7.682666438120816e-08
B6-Global,53,1,1.5066751998071083e-08
B6-Global,53,2,1.0437680793232243e-08
B6-Global,53,3,-1.8032793155729377e-08
B6-Global,53,4,-1.2181824504015068e-08
B6-Global,53,5,1.7350124901211454e-08
B6-Global,54,0,-2.7153006306000246e-06
B6-Global,54,1,2.3187345121161513e-06
B6-Global,54,2,-2.3717976428719905e-05
B6-Global,54,3,-5.074538370871519e-06
B6-Global,54,4,-2.0411723233614857e-05
B6-Global,54,5,-5.467404326564751e-06
B6-Global,55,0,8.933271255981396e-08
B6-Global,55,1,1.584591706780274e-08
B6-Global,55,2,-2.6875457208974974e-07
B6-Global,55,3,-6.859642404627716e-07
B6-Global,55,4,-8.953900161905086e-07
B6-Global,55,5,-9.59317557027353e-07
B6-Global,56,0,-7.07700244383778e-07
B6-Global,56,1,2.1064192496102852e-06
B6-Global,56,2,2.7782809827922343e-07
B6-Global,56,3,1.7799116769411022e-06
B6-Global,56,4,2.583757863661118e-06
B6-Global,56,5,-1.3915305247260827e-06
B6-Global,57,0,-1.8996936297542234e-06
B6-Global,57,1,-6.124402720273343e-07
B6-Global,57,2,-2.506034141584445e-05
B6-Global,57,3,-1.0704677093986493e-05
B6-Global,57,4,5.783516868278089e-06
B6-Global,57,5,-5.873155247864743e-06
B6-Global,58,0,-0.0006569319446879411
B6-Global,58,1,7.126698411337027e-05
B6-Global,58,2,-0.0003924559257115337
B6-Global,58,3,-0.00041695763805458966
B6-Global,58,4,0.0007345807161980122
B6-Global,58,5,0.0004282553485772854
B6-Global,59,0,1.3112225401361646e-05
B6-Global,59,1,7.588448004954922e-06
B6-Global,59,2,-1.7108437683594564e-05
B6-Global,59,3,2.7578940999505816e-06
B6-Global,59,4,-3.1049949656096735e-05
B6-Global,59,5,5.018657673084397e-07
B6-Global,60,0,2.3934530588190057e-06
B6-Global,60,1,-5.459738011769992e-09
B6-Global,60,2,-2.2305610436639934e-05
B6-Global,60,3,1.7857716121847262e-05
B6-Global,60,4,-8.359949795305838e-05
B6-Global,60,5,-2.469481350432991e-05
B6-Global,61,0,-1.0574638827407411e-07
B6-Global,61,1,-3.5533835195924383e-06
B6-Global,61,2,-3.8621676153038787e-07
B6-Global,61,3,9.386361608223046e-08
B6-Global,61,4,4.1542885682940824e-06
B6-Global,61,5,2.0188725495437802e-07
B6-Global,62,0,-5.6065402140794525e-06
B6-Global,62,1,2.3890339296775193e-06
B6-Global,62,2,2.130493407654413e-05
B6-Global,62,3,6.1618722397275725e-06
B6-Global,62,4,-1.2485515620975929e-05
B6-Global,62,5,6.794373201704868e-07
B6-Global,63,0,8.617262515193701e-06
B6-Global,63,1,2.860772233722325e-05
B6-Global,63,2,-5.580284901120841e-05
B6-Global,63,3,-3.292926662784745e-05
B6-Global,63,4,-2.4781368196785027e-05
B6-Global,63,5,3.6051672187026868e-06
B6-Global,64,0,1.8477574491410401e-06
B6-Global,64,1,-1.954028067234225e-06
B6-Global,64,2,1.1391115298526325e-06
B6-Global,64,3,1.7442045657532513e-06
B6-Global,64,4,1.4745253798030496e-06
B6-Global,64,5,-1.3723786284913132e-06
B6-Global,65,0,1.0532890519971103e-10
B6-Global,65,1,-7.813307389539529e-12
B6-Global,65,2,-4.369440073342296e-12
B6-Global,65,3,-7.789732590464369e-12
B6-Global,65,4,9.975128873571154e-13
B6-Global,65,5,3.908652356126102e-12
B6-Global,66,0,1.3515727230184954e-07
B6-Global,66,1,2.609749925946764e-07
B6-Global,66,2,8.510756710569465e-08
B6-Global,66,3,3.9985336995858686e-08
B6-Global,66,4,1.80610263304898e-08
B6-Global,66,5,1.403562388687774e-08
B6-Global,67,0,8.779626151510127e-07
B6-Global,67,1,-6.71951975624687e-09
B6-Global,67,2,4.954285651908479e-07
B6-Global,67,3,2.515889492092636e-07
B6-Global,67,4,-1.9599052110083976e-07
B6-Global,67,5,7.597037339204276e-07
B6-Global,68,0,3.056533140272512e-06
B6-Global,68,1,1.966007038445662e-06
B6-Global,68,2,-1.2963720711948415e-06
B6-Global,68,3,2.236588172089199e-07
B6-Global,68,4,-3.633229829899903e-06
B6-Global,68,5,2.731395544385186e-07
B6-Global,69,0,-2.4233073751036033e-07
B6-Global,69,1,-1.436309323475295e-07
B6-Global,69,2,-8.379951337544014e-08
B6-Global,69,3,2.9232671327212893e-08
B6-Global,69,4,5.640754358490296e-08
B6-Global,69,5,2.2885512301979763e-08
B6-Global,70,0,-2.406133260507953e-07
B6-Global,70,1,4.157710027917693e-08
B6-Global,70,2,3.3168147015821914e-08
B6-Global,70,3,4.2727652555545046e-08
B6-Global,70,4,-1.742843500278872e-09
B6-Global,70,5,3.571970209020109e-08
B6-Global,71,0,1.1126434613909781e-07
B6-Global,71,1,5.311849433519081e-08
B6-Global,71,2,7.589518901935736e-09
B6-Global,71,3,-2.1754853283272092e-08
B6-Global,71,4,-7.359580572687146e-07
B6-Global,71,5,3.3433316372856087e-07
B6-Global,72,0,0.0002167319122312506
B6-Global,72,1,-2.064762535243611e-05
B6-Global,72,2,7.137340800427243e-05
B6-Global,72,3,-5.594149404683744e-05
B6-Global,72,4,-3.014377078937323e-05
B6-Global,72,5,-6.654011969059699e-05
B6-Global,73,0,-8.101752330113183e-11
B6-Global,73,1,2.113897007601224e-10
B6-Global,73,2,-1.338345176497806e-08
B6-Global,73,3,9.489133105164028e-09
B6-Global,73,4,1.6939518607138526e-08
B6-Global,73,5,-2.4513356486532088e-11
B6-Global,74,0,3.226551700728255e-08
B6-Global,74,1,5.173443362689067e-09
B6-Global,74,2,-1.0640017027066655e-08
B6-Global,74,3,-3.85423584862685e-11
B6-Global,74,4,2.409052289545644e-08
B6-Global,74,5,-5.8473564043410385e-09
B6-Global,75,0,-2.8336116637730508e-05
B6-Global,75,1,2.900486242720946e-06
B6-Global,75,2,6.996122149095357e-06
B6-Global,75,3,3.0631579341102976e-05
B6-Global,75,4,2.8267779172466997e-05
B6-Global,75,5,6.794761954325462e-05
B6-Global,76,0,-5.3331383302178945e-05
B6-Global,76,1,4.655829166214598e-06
B6-Global,76,2,8.018427569467215e-05
B6-Global,76,3,-2.647827089998846e-07
B6-Global,76,4,3.1509592199530624e-05
B6-Global,76,5,-8.482357931734393e-06
B6-Global,77,0,1.2534479282233013e-07
B6-Global,77,1,1.5739244724727234e-08
B6-Global,77,2,-3.0759836410973907e-07
B6-Global,77,3,2.59624016644502e-07
B6-Global,77,4,3.085242894410023e-07
B6-Global,77,5,2.9265868891820323e-07
B6-Global,78,0,6.078103847468961e-07
B6-Global,78,1,-5.536616892316155e-07
B6-Global,78,2,-1.6737904638831983e-06
B6-Global,78,3,1.2415831676918768e-06
B6-Global,78,4,1.5495901060259472e-06
B6-Global,78,5,-6.428397842030139e-06
B6-Global,79,0,-1.1516658946122035e-06
B6-Global,79,1,2.2952503359244772e-07
B6-Global,79,2,-7.408783679797509e-07
B6-Global,79,3,3.741753281783078e-08
B6-Global,79,4,8.471618588382823e-07
B6-Global,79,5,4.0729847012830315e-08
B6-Global,80,0,5.295735839445686e-06
B6-Global,80,1,-3.0737212634974786e-07
B6-Global,80,2,-7.830739474182262e-06
B6-Global,80,3,-2.501871318233033e-06
B6-Global,80,4,3.0022940142406574e-06
B6-Global,80,5,1.4916938640267447e-06
B6-Global,81,0,7.175645448128974e-05
B6-Global,81,1,-3.0422282160953345e-06
B6-Global,81,2,-0.0002378635045586977
B6-Global,81,3,2.6649407326548632e-06
B6-Global,81,4,-8.850741515521683e-05
B6-Global,81,5,7.076002993473032e-05
B6-Global,82,0,-2.0059082023133552e-06
B6-Global,82,1,-3.6852887174597605e-09
B6-Global,82,2,1.9891470271837666e-05
B6-Global,82,3,1.5771318245872295e-06
B6-Global,82,4,-4.3397983969377296e-05
B6-Global,82,5,3.567546292810449e-05
B6-Global,83,0,-3.3392430359704885e-05
B6-Global,83,1,7.461848306616018e-05
B6-Global,83,2,-2.2609638568125582e-05
B6-Global,83,3,-5.028308162522579e-06
B6-Global,83,4,-0.00015080717649602147
B6-Global,83,5,-9.033743911758157e-07
B6-Global,84,0,-2.6123543351473417e-05
B6-Global,84,1,9.433528133281368e-06
B6-Global,84,2,-6.474061443594884e-05
B6-Global,84,3,3.169756339579887e-05
B6-Global,84,4,-1.8928837580201697e-05
B6-Global,84,5,2.6125580763939874e-05
B6-Global,85,0,-8.663168079086809e-07
B6-Global,85,1,-4.1571160506414634e-07
B6-Global,85,2,-2.5602066846917453e-06
B6-Global,85,3,6.03493408996655e-07
B6-Global,85,4,-1.5496623059330383e-07
B6-Global,85,5,-1.756569101966777e-06
B6-Global,86,0,5.1408303395059076e-05
B6-Global,86,1,3.44789682556927e-06
B6-Global,86,2,-1.5925659781272803e-06
B6-Global,86,3,8.317401706175453e-07
B6-Global,86,4,-6.022786389802295e-05
B6-Global,86,5,2.7458133279806344e-06
B6-Global,87,0,3.8793436705118176e-09
B6-Global,87,1,-9.593920655184264e-09
B6-Global,87,2,-2.618055685368441e-08
B6-Global,87,3,8.86616028898391e-09
B6-Global,87,4,-6.433200064187778e-08
B6-Global,87,5,-8.41657573931069e-09
B6-Global,88,0,1.940148460320822e-06
B6-Global,88,1,4.8840435628095314e-08
B6-Global,88,2,4.034815662586147e-05
B6-Global,88,3,4.126818300339633e-06
B6-Global,88,4,-7.661418921241766e-06
B6-Global,88,5,9.536068058049935e-07
B6-Global,89,0,0.000125473333030004
B6-Global,89,1,0.00020802547552572432
B6-Global,89,2,-9.874692927117767e-05
B6-Global,89,3,7.021830396433169e-05
B6-Global,89,4,3.736326378247142e-05
B6-Global,89,5,0.0001916836882391531
B6-Global,90,0,3.568340648666785e-05
B6-Global,90,1,-7.977648167009494e-05
B6-Global,90,2,0.0007535356030689141
B6-Global,90,3,-0.0002463223973576902
B6-Global,90,4,-6.720357588601219e-05
B6-Global,90,5,-0.0002604564906150898
B6-Global,91,0,-3.5510185761008965e-06
B6-Global,91,1,8.305426687341057e-09
B6-Global,91,2,3.4557017168859266e-07
B6-Global,91,3,-1.6517532790484333e-07
B6-Global,91,4,6.031738335621679e-07
B6-Global,91,5,-1.9626637835285404e-06
B6-Global,92,0,4.8607014571137205e-06
B6-Global,92,1,4.524665063803612e-06
B6-Global,92,2,-3.1041690420123883e-06
B6-Global,92,3,5.6353746818128215e-06
B6-Global,92,4,-2.341170848361801e-06
B6-Global,92,5,8.130423446548189e-07
B6-Global,93,0,5.117052928299745e-07
B6-Global,93,1,-1.4845737669345622e-07
B6-Global,93,2,-2.154466422124577e-06
B6-Global,93,3,1.7133562000854327e-06
B6-Global,93,4,2.193725567286471e-06
B6-Global,93,5,1.7713349673330968e-06
B6-Global,94,0,-3.939262139218238e-05
B6-Global,94,1,-7.035053827904607e-06
B6-Global,94,2,-2.1393375987222567e-05
B6-Global,94,3,-3.52364760281074e-05
B6-Global,94,4,1.8289265547469045e-05
B6-Global,94,5,-4.326500463149579e-05
B6-Global,95,0,1.5560692363390722e-06
B6-Global,95,1,3.6041294580896646e-06
B6-Global,95,2,-2.7194077875188083e-06
B6-Global,95,3,-6.568516748164472e-08
B6-Global,95,4,2.1614609518946268e-06
B6-Global,95,5,5.701981667797571e-07
B6-Global,96,0,0.00016517597524839562
B6-Global,96,1,4.2788566305488164e-05
B6-Global,96,2,-4.107342748352471e-05
B6-Global,96,3,2.3901847809358474e-05
B6-Global,96,4,-8.974912820270676e-05
B6-Global,96,5,2.007440468729131e-05
B6-Global,97,0,7.497336959507216e-06
B6-Global,97,1,2.2793478405029022e-07
B6-Global,97,2,-1.1129719287759135e-06
B6-Global,97,3,-1.308558760451159e-07
B6-Global,97,4,-9.963825050691721e-06
B6-Global,97,5,-2.4991671920259807e-07
B6-Global,98,0,1.633167526965613e-07
B6-Global,98,1,-1.0519242454394132e-09
B6-Global,98,2,-1.185302232544129e-10
B6-Global,98,3,-2.8158317128058124e-10
B6-Global,98,4,-2.0786708350071554e-09
B6-Global,98,5,-1.3625390744887747e-09
B6-Global,99,0,2.805288746931276e-06
B6-Global,99,1,1.9053612069209865e-07
B6-Global,99,2,-4.380319052371962e-05
B6-Global,99,3,5.338366378708727e-06
B6-Global,99,4,2.71824767836973e-06
B6-Global,99,5,3.8635294867457456e-06
B7-Glob96,0,0,1.9613252895927702e-07
B7-Glob96,0,1,5.011160195171122e-05
B7-Glob96,0,2,-4.946437245349167e-06
B7-Glob96,0,3,-4.814798278184852e-05
B7-Glob96,0,4,-6.690924468307748e-06
B7-Glob96,0,5,-1.5795825494805803e-05
B7-Glob96,1,0,3.154544122331109e-05
B7-Glob96,1,1,2.081866352933228e-05
B7-Glob96,1,2,6.667309505497672e-05
B7-Glob96,1,3,-0.0001334166937379018
B7-Glob96,1,4,-2.77087577114248e-05
B7-Glob96,1,5,5.689542012709162e-05
B7-Glob96,2,0,9.746634590935627e-05
B7-Glob96,2,1,-0.00011522041699232089
B7-Glob96,2,2,-0.0003564010624420609
B7-Glob96,2,3,7.884436888201606e-05
B7-Glob96,2,4,-0.00015774619366465837
B7-Glob96,2,5,0.0002636902518513445
B7-Glob96,3,0,3.306226116303411e-05
B7-Glob96,3,1,-3.952916352171518e-06
B7-Glob96,3,2,-1.0552081290136201e-05
B7-Glob96,3,3,3.6732295233709353e-05
B7-Glob96,3,4,2.1944616178646022e-05
B7-Glob96,3,5,1.8747518607111657e-05
B7-Glob96,4,0,0.000790263055877552
B7-Glob96,4,1,0.0001537063162607158
B7-Glob96,4,2,-0.00021214973362196894
B7-Glob96,4,3,-0.0006538352825417585
B7-Glob96,4,4,0.0006287111680036307
B7-Glob96,4,5,-3.075453330859321e-05
B7-Glob96,5,0,3.390261974746093e-05
B7-Glob96,5,1,-1.0482376989101209e-05
B7-Glob96,5,2,-5.657729000654372e-06
B7-Glob96,5,3,-7.922269482748014e-06
B7-Glob96,5,4,-2.183958346282174e-05
B7-Glob96,5,5,5.2248570076590946e-05
B7-Glob96,6,0,-3.93687161776412e-05
B7-Glob96,6,1,8.923078501255488e-05
B7-Glob96,6,2,0.00012057286338546529
B7-Glob96,6,3,9.391803153626377e-05
B7-Glob96,6,4,0.00014034400305638531
B7-Glob96,6,5,-0.0001436607139599701
B7-Glob96,7,0,-0.0001548679118398567
B7-Glob96,7,1,1.9599963660625723e-05
B7-Glob96,7,2,-2.5678132732658466e-05
B7-Glob96,7,3,8.07074909465958e-05
B7-Glob96,7,4,-3.507659285534708e-05
B7-Glob96,7,5,-7.205523124570847e-05
B7-Glob96,8,0,-0.0009450258295793963
B7-Glob96,8,1,1.0471047114557716e-06
B7-Glob96,8,2,0.0001237402448766918
B7-Glob96,8,3,-0.00014181506421128776
B7-Glob96,8,4,0.000103329571282716
B7-Glob96,8,5,0.0001297119656567998
B7-Glob96,9,0,0.0006190905423511925
B7-Glob96,9,1,-7.285146424191615e-05
B7-Glob96,9,2,-0.0002586342085683264
B7-Glob96,9,3,0.0004475925997470055
B7-Glob96,9,4,0.00037663974206191936
B7-Glob96,9,5,-6.45931507467573e-05
B7-Glob96,10,0,0.000344197531928205
B7-Glob96,10,1,0.0003045954951268802
B7-Glob96,10,2,0.00014803992989974242
B7-Glob96,10,3,-0.00012092468846361176
B7-Glob96,10,4,0.0004695654162173546
B7-Glob96,10,5,-0.0001839044505220662
B7-Glob96,11,0,-0.00011979911217356935
B7-Glob96,11,1,-2.1343846532127368e-05
B7-Glob96,11,2,4.299440415292868e-05
B7-Glob96,11,3,0.00010436693233127601
B7-Glob96,11,4,5.2062264754781545e-05
B7-Glob96,11,5,-0.0002569059650260312
B7-Glob96,12,0,-0.00016399739389770155
B7-Glob96,12,1,0.0003207754147780333
B7-Glob96,12,2,0.0033390741141558675
B7-Glob96,12,3,-0.00031692380640022057
B7-Glob96,12,4,0.0004937581685673883
B7-Glob96,12,5,0.00016288546876970942
B7-Glob96,13,0,-0.0015241039102433284
B7-Glob96,13,1,-6.249113598280703e-05
B7-Glob96,13,2,-0.0006460887072340832
B7-Glob96,13,3,0.00016650824018509422
B7-Glob96,13,4,-0.00032614535076119815
B7-Glob96,13,5,-6.972361453697522e-05
B7-Glob96,14,0,-1.0217558626950957e-05
B7-Glob96,14,1,-5.911950683080393e-05
B7-Glob96,14,2,4.282705870242135e-05
B7-Glob96,14,3,6.450964250667807e-05
B7-Glob96,14,4,-0.00031188105567919044
B7-Glob96,14,5,1.9123744547930125e-05
B7-Glob96,15,0,2.029555630839489e-05
B7-Glob96,15,1,0.00018614418269663791
B7-Glob96,15,2,0.0001405042235781246
B7-Glob96,15,3,0.00025715331079541396
B7-Glob96,15,4,-0.0002153904722142737
B7-Glob96,15,5,-7.635075075237105e-05
B7-Glob96,16,0,-1.8624062686092926e-05
B7-Glob96,16,1,-8.88971235381502e-06
B7-Glob96,16,2,6.74641191720835e-05
B7-Glob96,16,3,-0.00015601657982620629
B7-Glob96,16,4,-7.079571431156048e-05
B7-Glob96,16,5,-6.848186628913056e-05
B7-Glob96,17,0,-0.0005866162694076675
B7-Glob96,17,1,0.0001200170490838394
B7-Glob96,17,2,-0.00022065140597414814
B7-Glob96,17,3,-6.492186622961099e-05
B7-Glob96,17,4,-3.3470360073962817e-05
B7-Glob96,17,5,-0.00012058132538413285
B7-Glob96,18,0,0.000659090591934226
B7-Glob96,18,1,5.3651876655399944e-05
B7-Glob96,18,2,0.00011439084380256538
B7-Glob96,18,3,0.00010243606636645384
B7-Glob96,18,4,3.939567192719364e-05
B7-Glob96,18,5,0.0006226357778197765
B7-Glob96,19,0,-0.0005333200435981725
B7-Glob96,19,1,0.00020283895823486166
B7-Glob96,19,2,-0.00031877270549290156
B7-Glob96,19,3,0.00024419574131204544
B7-Glob96,19,4,-7.941960770827704e-05
B7-Glob96,19,5,0.00041277380832862936
B7-Glob96,20,0,2.6441443653373783e-05
B7-Glob96,20,1,2.718963146234015e-05
B7-Glob96,20,2,-3.0113626148479218e-05
B7-Glob96,20,3,6.136803366940568e-05
B7-Glob96,20,4,-6.770852994207812e-05
B7-Glob96,20,5,-4.17345488039063e-05
B7-Glob96,21,0,-1.8825993614266552e-05
B7-Glob96,21,1,3.3485735512273217e-07
B7-Glob96,21,2,-4.728637415538813e-05
B7-Glob96,21,3,-2.898304607740354e-05
B7-Glob96,21,4,4.294305707350808e-05
B7-Glob96,21,5,4.6580228157676215e-05
B7-Glob96,22,0,-3.569883022636399e-05
B7-Glob96,22,1,-1.4066505333104016e-05
B7-Glob96,22,2,-3.610396656439117e-05
B7-Glob96,22,3,-8.501129360250193e-05
B7-Glob96,22,4,5.111320764597207e-05
B7-Glob96,22,5,-0.00021814228683303465
B7-Glob96,23,0,-0.00016449118697336573
B7-Glob96,23,1,1.2713032496082272e-05
B7-Glob96,23,2,-0.00018437148773901445
B7-Glob96,23,3,-2.812734400573713e-06
B7-Glob96,23,4,0.00014131236068969528
B7-Glob96,23,5,0.00013921346891246532
B7-Glob96,24,0,-0.0006996162108770553
B7-Glob96,24,1,-0.0007984768277134726
B7-Glob96,24,2,-0.0005107131860867125
B7-Glob96,24,3,0.0007183299882600064
B7-Glob96,24,4,-1.498695814683902e-05
B7-Glob96,24,5,-0.001578281848820697
B7-Glob96,25,0,5.702612232988991e-05
B7-Glob96,25,1,-0.00012282820146721746
B7-Glob96,25,2,0.0004930064284521982
B7-Glob96,25,3,6.822851153645959e-05
B7-Glob96,25,4,-0.00013609651030082413
B7-Glob96,25,5,-8.505020571691575e-05
B7-Glob96,26,0,0.00017642940550710877
B7-Glob96,26,1,0.0002256200444098124
B7-Glob96,26,2,-0.0001537245412506413
B7-Glob96,26,3,3.9559723054617304e-05
B7-Glob96,26,4,-0.000574415780325756
B7-Glob96,26,5,0.00047381039750146124
B7-Glob96,27,0,7.050584432794123e-05
B7-Glob96,27,1,-1.756587165251758e-05
B7-Glob96,27,2,-5.301685851935665e-06
B7-Glob96,27,3,5.541895150314818e-05
B7-Glob96,27,4,2.7616012569039415e-05
B7-Glob96,27,5,-3.329246462061355e-05
B7-Glob96,28,0,-0.00013506364800035868
B7-Glob96,28,1,0.00034136649897954004
B7-Glob96,28,2,0.0004790323637464287
B7-Glob96,28,3,-0.00023607011326734755
B7-Glob96,28,4,-0.0005982932405344117
B7-Glob96,28,5,-0.0006630729853266932
B7-Glob96,29,0,-5.307229682215543e-05
B7-Glob96,29,1,1.0952950548266253e-05
B7-Glob96,29,2,2.4657235068814875e-05
B7-Glob96,29,3,1.8699506384187015e-05
B7-Glob96,29,4,5.2201029175650174e-05
B7-Glob96,29,5,0.00016219365753798856
B7-Glob96,30,0,0.001160490568770696
B7-Glob96,30,1,0.0004483028781469118
B7-Glob96,30,2,-3.2064482974640475e-05
B7-Glob96,30,3,0.001260402229732623
B7-Glob96,30,4,0.001956116163432953
B7-Glob96,30,5,0.0009435232459743051
B7-Glob96,31,0,-8.699826089864889e-05
B7-Glob96,31,1,-4.7055431592897205e-06
B7-Glob96,31,2,0.00011884717271350648
B7-Glob96,31,3,-5.140872497767433e-05
B7-Glob96,31,4,1.710651820397859e-05
B7-Glob96,31,5,-0.00030802676430577826
B7-Glob96,32,0,-0.0001052501967371542
B7-Glob96,32,1,0.00011821423523340826
B7-Glob96,32,2,-0.00012567232552657487
B7-Glob96,32,3,-0.0001079843738689397
B7-Glob96,32,4,0.00024232022064925855
B7-Glob96,32,5,0.0001244100751449394
B7-Glob96,33,0,-0.00011421861740663058
B7-Glob96,33,1,-2.5919940146425927e-05
B7-Glob96,33,2,-3.1222207477942216e-05
B7-Glob96,33,3,1.698125308515912e-07
B7-Glob96,33,4,-9.175211016046938e-05
B7-Glob96,33,5,0.0002341575007307186
B7-Glob96,34,0,0.00010845909230908251
B7-Glob96,34,1,-2.3492342875146184e-05
B7-Glob96,34,2,7.869344871377287e-05
B7-Glob96,34,3,-4.810447470204576e-05
B7-Glob96,34,4,-9.912964861664108e-06
B7-Glob96,34,5,5.0563435411635515e-05
B7-Glob96,35,0,-8.299711324656408e-05
B7-Glob96,35,1,-7.59466732933451e-05
B7-Glob96,35,2,-0.00019228353479172172
B7-Glob96,35,3,0.0002466095692360028
B7-Glob96,35,4,0.0001874094538107821
B7-Glob96,35,5,0.00015686633013390586
B7-Glob96,36,0,1.252873573734374e-05
B7-Glob96,36,1,5.42495723018677e-06
B7-Glob96,36,2,4.5477185060739075e-06
B7-Glob96,36,3,-4.979665760651476e-06
B7-Glob96,36,4,-8.923009554658553e-06
B7-Glob96,36,5,-5.025092618606742e-06
B7-Glob96,37,0,3.302858856291967e-05
B7-Glob96,37,1,-7.242680301179279e-05
B7-Glob96,37,2,0.0001652968462399198
B7-Glob96,37,3,-3.648455319160017e-05
B7-Glob96,37,4,0.00014385662291456573
B7-Glob96,37,5,0.00012819290855081621
B7-Glob96,38,0,-0.00012246687891119174
B7-Glob96,38,1,-1.6688420926899835e-05
B7-Glob96,38,2,0.00027501334065523607
B7-Glob96,38,3,0.000768235981724782
B7-Glob96,38,4,-5.779367522528419e-05
B7-Glob96,38,5,-0.0002879843941832283
B7-Glob96,39,0,-1.5297332738440638e-05
B7-Glob96,39,1,1.3035853325019863e-06
B7-Glob96,39,2,-2.5979169523539835e-05
B7-Glob96,39,3,1.0747401612666589e-05
B7-Glob96,39,4,3.861909106580512e-06
B7-Glob96,39,5,7.782496734178785e-06
B7-Glob96,40,0,0.0009621355384583564
B7-Glob96,40,1,0.00016043297248002789
B7-Glob96,40,2,-0.001404396766228527
B7-Glob96,40,3,0.0004738539039168335
B7-Glob96,40,4,-0.0012312521270585225
B7-Glob96,40,5,-0.00020752380098199797
B7-Glob96,41,0,2.5785072347018853e-05
B7-Glob96,41,1,-8.05316465986862e-06
B7-Glob96,41,2,-1.8785208830703587e-06
B7-Glob96,41,3,3.4244014069568758e-06
B7-Glob96,41,4,-2.1158303493719274e-05
B7-Glob96,41,5,-7.8736335883049e-06
B7-Glob96,42,0,1.1868042151485797e-06
B7-Glob96,42,1,-3.832349479442323e-07
B7-Glob96,42,2,-7.566606928018403e-07
B7-Glob96,42,3,3.204861518369829e-07
B7-Glob96,42,4,-5.204384971678745e-07
B7-Glob96,42,5,2.0910876586411301e-07
B7-Glob96,43,0,5.664890804285893e-05
B7-Glob96,43,1,2.0529990743886635e-07
B7-Glob96,43,2,-4.729159011141647e-06
B7-Glob96,43,3,-3.276060895896471e-05
B7-Glob96,43,4,9.976552438297089e-06
B7-Glob96,43,5,-1.1814112989516563e-05
B7-Glob96,44,0,0.0007752266375926212
B7-Glob96,44,1,0.0008389886238179599
B7-Glob96,44,2,-0.0004993383524284817
B7-Glob96,44,3,0.0008379827228157344
B7-Glob96,44,4,-0.0005741193283654625
B7-Glob96,44,5,0.0010725253435652333
B7-Glob96,45,0,-3.3591196217106444e-05
B7-Glob96,45,1,2.6340920531951167e-05
B7-Glob96,45,2,1.607659101911618e-05
B7-Glob96,45,3,-4.815204837685972e-05
B7-Glob96,45,4,4.6555054658619194e-05
B7-Glob96,45,5,-1.1868231000950597e-05
B7-Glob96,46,0,0.0005980682713713942
B7-Glob96,46,1,0.00010924668825392564
B7-Glob96,46,2,0.0010552998829946659
B7-Glob96,46,3,0.0011295201604721871
B7-Glob96,46,4,0.0001800404013929016
B7-Glob96,46,5,0.0006504552299115342
B7-Glob96,47,0,0.0001332100656831309
B7-Glob96,47,1,0.0001079049401146857
B7-Glob96,47,2,5.784614152158663e-05
B7-Glob96,47,3,0.00018388412571728697
B7-Glob96,47,4,-4.812715337325742e-05
B7-Glob96,47,5,-1.526953516034752e-05
B7-Glob96,48,0,-0.0004066913644377281
B7-Glob96,48,1,0.00011211523597705957
B7-Glob96,48,2,-8.892826963206109e-05
B7-Glob96,48,3,-0.0003175623590019921
B7-Glob96,48,4,0.00013450746619543986
B7-Glob96,48,5,0.0002596206400734665
B7-Glob96,49,0,-0.00020077329015642356
B7-Glob96,49,1,6.9395537571451004e-06
B7-Glob96,49,2,-0.00012190692920980914
B7-Glob96,49,3,8.22593036705614e-06
B7-Glob96,49,4,-0.00010364012479177811
B7-Glob96,49,5,5.641001845467826e-05
B7-Glob96,50,0,-6.088449517036235e-05
B7-Glob96,50,1,0.0001035888570273625
B7-Glob96,50,2,-2.9185985637778327e-05
B7-Glob96,50,3,6.2501429126664e-05
B7-Glob96,50,4,6.306180937111178e-05
B7-Glob96,50,5,5.183609642058753e-05
B7-Glob96,51,0,-0.0002876710181720342
B7-Glob96,51,1,4.237563476546136e-05
B7-Glob96,51,2,-0.0001005153337578674
B7-Glob96,51,3,-0.00022713754232154363
B7-Glob96,51,4,-3.892155781323357e-05
B7-Glob96,51,5,7.624780716809593e-05
B7-Glob96,52,0,9.089173756854355e-05
B7-Glob96,52,1,-0.00012806525399263274
B7-Glob96,52,2,-0.0006782850991159339
B7-Glob96,52,3,0.0002453984031368058
B7-Glob96,52,4,0.0007413605040209991
B7-Glob96,52,5,0.00023352947641171212
B7-Glob96,53,0,4.893582347832732e-06
B7-Glob96,53,1,-5.821722185972489e-05
B7-Glob96,53,2,4.573421373859571e-05
B7-Glob96,53,3,-5.114034897529038e-05
B7-Glob96,53,4,1.86227193148123e-05
B7-Glob96,53,5,-7.197018857371727e-05
B7-Glob96,54,0,-1.1943908136497318e-05
B7-Glob96,54,1,6.445699660816071e-05
B7-Glob96,54,2,0.00040795009095199856
B7-Glob96,54,3,-0.00014338720168211873
B7-Glob96,54,4,-0.0004023582480922282
B7-Glob96,54,5,0.0003146153750757944
B7-Glob96,55,0,-0.00026664044072322306
B7-Glob96,55,1,1.740667034046691e-05
B7-Glob96,55,2,0.0001048492045219884
B7-Glob96,55,3,5.538020422259811e-05
B7-Glob96,55,4,0.00010581415265416951
B7-Glob96,55,5,-2.7088321863375598e-05
B7-Glob96,56,0,-7.233271961679802e-05
B7-Glob96,56,1,4.492518545748089e-05
B7-Glob96,56,2,0.00015707337312832992
B7-Glob96,56,3,-5.444078003677719e-05
B7-Glob96,56,4,-4.528535559680711e-05
B7-Glob96,56,5,-0.0002233351581375902
B7-Glob96,57,0,-0.0007272908842991042
B7-Glob96,57,1,-0.0007308232052025674
B7-Glob96,57,2,-0.00022615323800575742
B7-Glob96,57,3,0.0011222079617089723
B7-Glob96,57,4,0.0005265295337446166
B7-Glob96,57,5,0.0011776717306964382
B7-Glob96,58,0,-3.112415526449838e-05
B7-Glob96,58,1,1.9086536982140702e-05
B7-Glob96,58,2,5.9596937659760156e-05
B7-Glob96,58,3,-2.104509041706969e-05
B7-Glob96,58,4,5.1568777356376316e-05
B7-Glob96,58,5,-0.00011604757977900548
B7-Glob96,59,0,-5.48443129876454e-05
B7-Glob96,59,1,2.5850827277478768e-05
B7-Glob96,59,2,-0.00015625851433711174
B7-Glob96,59,3,-2.0493964772864583e-05
B7-Glob96,59,4,3.350956443156201e-05
B7-Glob96,59,5,-0.0001245265210854055
B7-Glob96,60,0,0.00024906946382789545
B7-Glob96,60,1,-0.00012072329309860417
B7-Glob96,60,2,0.00019906767150187777
B7-Glob96,60,3,6.801154852757855e-05
B7-Glob96,60,4,0.0001318593074988586
B7-Glob96,60,5,-3.7662109011664516e-05
B7-Glob96,61,0,-3.910578345128385e-05
B7-Glob96,61,1,9.939049507319708e-06
B7-Glob96,61,2,8.884393728423893e-05
B7-Glob96,61,3,-8.197749669743978e-07
B7-Glob96,61,4,6.461527661162756e-05
B7-Glob96,61,5,5.5017607578004535e-05
B7-Glob96,62,0,0.0001501760675100658
B7-Glob96,62,1,0.000287164868195431
B7-Glob96,62,2,-1.3623348562290965e-05
B7-Glob96,62,3,-0.0004791687258785678
B7-Glob96,62,4,-6.399212939094119e-05
B7-Glob96,62,5,0.0004537364498357238
B7-Glob96,63,0,5.3194386187769735e-06
B7-Glob96,63,1,-1.6510285281035346e-05
B7-Glob96,63,2,-9.766314021942975e-06
B7-Glob96,63,3,1.3799588784296706e-05
B7-Glob96,63,4,6.010436380563482e-06
B7-Glob96,63,5,-1.6051753669112985e-05
B7-Glob96,64,0,0.00017963939765571114
B7-Glob96,64,1,-5.5482713076750894e-05
B7-Glob96,64,2,-1.6033417838781757e-05
B7-Glob96,64,3,1.5189131955102926e-05
B7-Glob96,64,4,3.45728741513252e-05
B7-Glob96,64,5,-0.00025128573247875714
B7-Glob96,65,0,5.964455243178018e-06
B7-Glob96,65,1,1.1448253483611051e-07
B7-Glob96,65,2,-8.078923176854518e-07
B7-Glob96,65,3,-2.1080325913490622e-07
B7-Glob96,65,4,-3.3906790455280526e-05
B7-Glob96,65,5,3.11004338240884e-06
B7-Glob96,66,0,-0.00011239376211802814
B7-Glob96,66,1,-0.0001440836368004164
B7-Glob96,66,2,-0.00011578801250376716
B7-Glob96,66,3,0.00014357248661225558
B7-Glob96,66,4,5.266876492413869e-05
B7-Glob96,66,5,1.1931019962645972e-05
B7-Glob96,67,0,2.3517542690081928e-05
B7-Glob96,67,1,9.185888031475339e-05
B7-Glob96,67,2,-2.767686936220242e-05
B7-Glob96,67,3,-3.5415984150211655e-05
B7-Glob96,67,4,9.611484951943214e-05
B7-Glob96,67,5,-6.850380344216388e-06
B7-Glob96,68,0,0.00034358260625217335
B7-Glob96,68,1,-6.214092431757557e-05
B7-Glob96,68,2,-0.0005848689997895004
B7-Glob96,68,3,0.00012479065647472555
B7-Glob96,68,4,0.00013922724550421075
B7-Glob96,68,5,-0.00019625961050341904
B7-Glob96,69,0,-5.6906816463410844e-05
B7-Glob96,69,1,0.00034070643849368047
B7-Glob96,69,2,-0.00039222985702194664
B7-Glob96,69,3,-0.00025975025945795593
B7-Glob96,69,4,-0.00012946330869429643
B7-Glob96,69,5,-0.00017657705374075398
B7-Glob96,70,0,0.0007388017917497394
B7-Glob96,70,1,0.0003007592396871065
B7-Glob96,70,2,0.0003047837650410076
B7-Glob96,70,3,0.0007117578368519968
B7-Glob96,70,4,0.0005979808614652766
B7-Glob96,70,5,-0.0004126915037364447
B7-Glob96,71,0,3.88839976721799e-08
B7-Glob96,71,1,1.334570508089729e-05
B7-Glob96,71,2,1.6187545374129086e-05
B7-Glob96,71,3,1.3765128376752425e-05
B7-Glob96,71,4,-3.1603936448917818e-06
B7-Glob96,71,5,7.810412571264763e-06
B7-Glob96,72,0,3.1573109244924336e-05
B7-Glob96,72,1,1.871787094128798e-06
B7-Glob96,72,2,1.3788826445481068e-05
B7-Glob96,72,3,-2.3473659954534608e-05
B7-Glob96,72,4,-3.522972170057425e-05
B7-Glob96,72,5,4.876977471007282e-05
B7-Glob96,73,0,-0.003241789683105377
B7-Glob96,73,1,-0.0002386104653076941
B7-Glob96,73,2,0.0025482297967914635
B7-Glob96,73,3,-0.000790380892099249
B7-Glob96,73,4,0.00014508385097073586
B7-Glob96,73,5,0.0006862489080893625
B7-Glob96,74,0,6.931408334748246e-05
B7-Glob96,74,1,3.316490546795327e-05
B7-Glob96,74,2,0.00026601921011223706
B7-Glob96,74,3,-6.831819048545653e-05
B7-Glob96,74,4,5.825749490462022e-05
B7-Glob96,74,5,-1.5682658491704188e-05
B7-Glob96,75,0,5.948345761957416e-06
B7-Glob96,75,1,-9.154020344155755e-05
B7-Glob96,75,2,-1.8318088159500604e-05
B7-Glob96,75,3,0.00014434014832667664
B7-Glob96,75,4,1.6653844477456663e-05
B7-Glob96,75,5,0.00014270950296574756
B7-Glob96,76,0,3.833280612655034e-05
B7-Glob96,76,1,-8.169922659919039e-05
B7-Glob96,76,2,-3.586441705449268e-05
B7-Glob96,76,3,7.774729454420058e-05
B7-Glob96,76,4,-2.6504790773192186e-05
B7-Glob96,76,5,-8.096883876005997e-05
B7-Glob96,77,0,2.000025236854994e-05
B7-Glob96,77,1,0.0002454880079585909
B7-Glob96,77,2,-0.0003205132950229214
B7-Glob96,77,3,-8.125485475830375e-05
B7-Glob96,77,4,-0.000274677679519086
B7-Glob96,77,5,1.3872446838510807e-05
B7-Glob96,78,0,0.00018974463935335505
B7-Glob96,78,1,2.1749003786901104e-06
B7-Glob96,78,2,-7.996215981021991e-05
B7-Glob96,78,3,-2.4613177855250953e-06
B7-Glob96,78,4,-4.3972500199110984e-05
B7-Glob96,78,5,1.225013766462807e-05
B7-Glob96,79,0,7.208775050518818e-05
B7-Glob96,79,1,0.00013329883940277188
B7-Glob96,79,2,-0.00015502346859948616
B7-Glob96,79,3,-0.00013560999232461332
B7-Glob96,79,4,0.00019040311215459197
B7-Glob96,79,5,7.417561881462339e-05
B7-Glob96,80,0,-0.0010088932916788415
B7-Glob96,80,1,1.4069323238259335e-05
B7-Glob96,80,2,-0.0005531660468102107
B7-Glob96,80,3,-5.656561976817267e-05
B7-Glob96,80,4,0.0006402202644714889
B7-Glob96,80,5,0.00017285916516139292
B7-Glob96,81,0,6.392293046061482e-05
B7-Glob96,81,1,7.644035999083813e-05
B7-Glob96,81,2,1.473206254973421e-05
B7-Glob96,81,3,5.617561234632963e-05
B7-Glob96,81,4,-8.708870402427424e-05
B7-Glob96,81,5,1.8002993908275636e-05
B7-Glob96,82,0,0.00028401459483099834
B7-Glob96,82,1,-1.8227230402003098e-06
B7-Glob96,82,2,0.00010637207815394773
B7-Glob96,82,3,-9.459475493848016e-05
B7-Glob96,82,4,-5.217265278567123e-05
B7-Glob96,82,5,-9.584017511070704e-05
B7-Glob96,83,0,0.0002462884066303786
B7-Glob96,83,1,3.937126738211733e-05
B7-Glob96,83,2,0.0002928649699142191
B7-Glob96,83,3,-0.00010228415132697294
B7-Glob96,83,4,-0.00017629333904997695
B7-Glob96,83,5,-9.200332878102121e-05
B7-Glob96,84,0,-5.2650909501492544e-05
B7-Glob96,84,1,-4.3972990164657716e-05
B7-Glob96,84,2,-7.20479651488607e-05
B7-Glob96,84,3,-8.363612545786519e-05
B7-Glob96,84,4,3.0503756205402597e-05
B7-Glob96,84,5,7.505640353764146e-05
B7-Glob96,85,0,-0.0006577861332387515
B7-Glob96,85,1,-3.0154559191771026e-05
B7-Glob96,85,2,0.00031793882716855346
B7-Glob96,85,3,-7.781610018795571e-05
B7-Glob96,85,4,-0.00039168933205149483
B7-Glob96,85,5,0.00011847686508599489
B7-Glob96,86,0,-2.1634524073323546e-05
B7-Glob96,86,1,5.383191033777606e-05
B7-Glob96,86,2,-2.4068214841491623e-05
B7-Glob96,86,3,-2.1961913951316485e-05
B7-Glob96,86,4,-0.00024537892808247164
B7-Glob96,86,5,-1.3944223678649888e-05
B7-Glob96,87,0,0.00023009949983184922
B7-Glob96,87,1,-2.1885247698511263e-05
B7-Glob96,87,2,9.658183253315318e-05
B7-Glob96,87,3,-0.0007486933420736327
B7-Glob96,87,4,-8.935012735176377e-05
B7-Glob96,87,5,0.00046326916807741514
B7-Glob96,88,0,-0.00022426673558711245
B7-Glob96,88,1,0.00015630542763749302
B7-Glob96,88,2,0.0001414451024377856
B7-Glob96,88,3,-4.175365815136086e-05
B7-Glob96,88,4,0.00013709719511057072
B7-Glob96,88,5,0.00023108855362130124
B7-Glob96,89,0,1.0055626767568004e-05
B7-Glob96,89,1,1.4340435605128039e-05
B7-Glob96,89,2,-5.95241761174005e-06
B7-Glob96,89,3,3.331359193035005e-05
B7-Glob96,89,4,4.717664804411447e-05
B7-Glob96,89,5,3.183003925769253e-05
B7-Glob96,90,0,-0.0003450265180483393
B7-Glob96,90,1,-0.00011513711302505988
B7-Glob96,90,2,-0.000390318612408985
B7-Glob96,90,3,-0.00010257637508181988
B7-Glob96,90,4,-0.00020867325840105239
B7-Glob96,90,5,-0.00022622069425787546
B7-Glob96,91,0,0.0009177923909164886
B7-Glob96,91,1,-2.7275085188670658e-05
B7-Glob96,91,2,0.0007345774424343126
B7-Glob96,91,3,0.0003941743019961022
B7-Glob96,91,4,0.0005336753269975989
B7-Glob96,91,5,0.001054571499234679
B7-Glob96,92,0,9.714606422903723e-05
B7-Glob96,92,1,-7.623154529649623e-06
B7-Glob96,92,2,4.085994799867662e-05
B7-Glob96,92,3,5.066035845962269e-05
B7-Glob96,92,4,1.9552168112909856e-05
B7-Glob96,92,5,-3.4588511627893604e-05
B7-Glob96,93,0,-2.6838713840573647e-06
B7-Glob96,93,1,-5.610762076077657e-06
B7-Glob96,93,2,-2.5619551354085658e-05
B7-Glob96,93,3,-4.4757272227372524e-06
B7-Glob96,93,4,4.813570229524278e-06
B7-Glob96,93,5,8.452693988696467e-06
B7-Glob96,94,0,2.747840241517347e-06
B7-Glob96,94,1,5.112895930054525e-07
B7-Glob96,94,2,9.80920388851048e-07
B7-Glob96,94,3,-2.087122651490018e-06
B7-Glob96,94,4,1.2016546537064035e-06
B7-Glob96,94,5,1.4111453673512204e-07
B7-Glob96,95,0,2.5326762028498158e-05
B7-Glob96,95,1,2.072231478770627e-05
B7-Glob96,95,2,-3.0160758195925673e-05
B7-Glob96,95,3,-5.872673939968456e-05
B7-Glob96,95,4,0.00010974377736961053
B7-Glob96,95,5,-2.27019623255475e-05
B7-Glob96,96,0,2.699036756544902e-06
B7-Glob96,96,1,8.239225746590368e-06
B7-Glob96,96,2,1.776707076129789e-05
B7-Glob96,96,3,2.979070464856816e-05
B7-Glob96,96,4,2.1221882967395436e-05
B7-Glob96,96,5,1.3354526163117163e-05
B7-Glob96,97,0,7.447528225116762e-05
B7-Glob96,97,1,3.725539047226025e-05
B7-Glob96,97,2,-6.67969283089628e-05
B7-Glob96,97,3,-7.816454197385069e-05
B7-Glob96,97,4,7.048049786927382e-05
B7-Glob96,97,5,-8.923119080639979e-05
B7-Glob96,98,0,1.556365203076207e-06
B7-Glob96,98,1,-7.587980353228882e-06
B7-Glob96,98,2,4.783324128559043e-06
B7-Glob96,98,3,-4.692317417037589e-06
B7-Glob96,98,4,3.922545896300085e-06
B7-Glob96,98,5,-7.92992800205952e-07
B7-Glob96,99,0,-1.1674739140363041e-06
B7-Glob96,99,1,-6.501912235510772e-05
B7-Glob96,99,2,9.03195954031119e-05
B7-Glob96,99,3,-0.0001207587397589843
B7-Glob96,99,4,0.00032325504765961155
B7-Glob96,99,5,-0.00010384747168287956
